state_abbreviation,tax_code,unique_tax_id,tax_name,sub_tax_desc
PA,TAX6999,42-115-1215618-LST-586503,"Thompson, Borough of - LST - Susquehanna Comm S D (586503)",MUNICIPAL
PA,TAX6999,42-115-1215618-LST-586503,"Thompson, Borough of - LST - Susquehanna Comm S D (586503)",SCHOOL
PA,TAX7057,42-127-1217219-EIT-648703,"Dyberry, Township of - EIT - Wayne Highlands S D (648703)",MUNICIPAL
PA,TAX7057,42-127-1217219-EIT-648703,"Dyberry, Township of - EIT - Wayne Highlands S D (648703)",SCHOOL
PA,TAX6973,42-103-1216963-EIT-648303,"Palmyra, Township of - EIT - Wallenpaupack Area S D (648303)",MUNICIPAL
PA,TAX6973,42-103-1216963-EIT-648303,"Palmyra, Township of - EIT - Wallenpaupack Area S D (648303)",SCHOOL
PA,TAX7024,42-115-1217098-EIT-586503,"Thompson, Township of - EIT - Susquehanna Comm S D (586503)",MUNICIPAL
PA,TAX7024,42-115-1217098-EIT-586503,"Thompson, Township of - EIT - Susquehanna Comm S D (586503)",SCHOOL
PA,TAX6966,42-103-1216959-LST-522003,"Dingman, Township of - LST - Delaware Valley S D (522003)",MUNICIPAL
PA,TAX6966,42-103-1216959-LST-522003,"Dingman, Township of - LST - Delaware Valley S D (522003)",SCHOOL
PA,TAX6967,42-103-1216960-EIT-648303,"Greene, Township of - EIT - Wallenpaupack Area S D (648303)",MUNICIPAL
PA,TAX6967,42-103-1216960-EIT-648303,"Greene, Township of - EIT - Wallenpaupack Area S D (648303)",SCHOOL
PA,TAX7038,42-127-1215684-LST-648703,"Bethany, Borough of - LST - Wayne Highlands S D (648703)",MUNICIPAL
PA,TAX7038,42-127-1215684-LST-648703,"Bethany, Borough of - LST - Wayne Highlands S D (648703)",SCHOOL
PA,TAX6948,42-045-1215194-LST-239603,"Rose Valley, Borough of - LST - Wallingford-Swarthmore S D (239603)",MUNICIPAL
PA,TAX6948,42-045-1215194-LST-239603,"Rose Valley, Borough of - LST - Wallingford-Swarthmore S D (239603)",SCHOOL
PA,TAX6976,42-103-1216965-EIT-522003,"Shohola, Township of - EIT - Delaware Valley S D (522003)",MUNICIPAL
PA,TAX6976,42-103-1216965-EIT-522003,"Shohola, Township of - EIT - Delaware Valley S D (522003)",SCHOOL
PA,TAX6990,42-115-1215612-LST-586503,"Lanesboro, Borough of - LST - Susquehanna Comm S D (586503)",MUNICIPAL
PA,TAX6990,42-115-1215612-LST-586503,"Lanesboro, Borough of - LST - Susquehanna Comm S D (586503)",SCHOOL
PA,TAX7048,42-127-1217213-EIT-648703,"Berlin, Township of - EIT - Wayne Highlands S D (648703)",MUNICIPAL
PA,TAX7048,42-127-1217213-EIT-648703,"Berlin, Township of - EIT - Wayne Highlands S D (648703)",SCHOOL
PA,TAX6984,42-115-1215609-LST-581003,"Great Bend, Borough of - LST - Blue Ridge S D (581003)",MUNICIPAL
PA,TAX6984,42-115-1215609-LST-581003,"Great Bend, Borough of - LST - Blue Ridge S D (581003)",SCHOOL
PA,TAX6979,42-115-1215608-EIT-584503,"Friendsville, Borough of - EIT - Montrose Area S D (584503)",MUNICIPAL
PA,TAX6979,42-115-1215608-EIT-584503,"Friendsville, Borough of - EIT - Montrose Area S D (584503)",SCHOOL
PA,TAX6936,42-017-1214983-EIT-098202,"Yardley, Borough of - EIT - Pennsbury S D (098202)",MUNICIPAL
PA,TAX6936,42-017-1214983-EIT-098202,"Yardley, Borough of - EIT - Pennsbury S D (098202)",SCHOOL
PA,TAX7063,42-127-1217223-EIT-648703,"Manchester, Township of - EIT - Wayne Highlands S D (648703)",MUNICIPAL
PA,TAX7063,42-127-1217223-EIT-648703,"Manchester, Township of - EIT - Wayne Highlands S D (648703)",SCHOOL
PA,TAX6987,42-115-1215610-LST-581003,"Hallstead, Borough of - LST - Blue Ridge S D (581003)",MUNICIPAL
PA,TAX6987,42-115-1215610-LST-581003,"Hallstead, Borough of - LST - Blue Ridge S D (581003)",SCHOOL
PA,TAX7032,42-115-1217245-LST-584503,"Choconut, Township of - LST - Montrose Area S D (584503)",MUNICIPAL
PA,TAX7032,42-115-1217245-LST-584503,"Choconut, Township of - LST - Montrose Area S D (584503)",SCHOOL
PA,TAX6994,42-115-1215617-EIT-586503,"Susquehanna Depot, Borough of - EIT - Susquehanna Comm S D (586503)",MUNICIPAL
PA,TAX6994,42-115-1215617-EIT-586503,"Susquehanna Depot, Borough of - EIT - Susquehanna Comm S D (586503)",SCHOOL
PA,TAX7045,42-127-1215688-EIT-586503,"Starrucca, Borough of - EIT - Susquehanna Comm S D (586503)",MUNICIPAL
PA,TAX7045,42-127-1215688-EIT-586503,"Starrucca, Borough of - EIT - Susquehanna Comm S D (586503)",SCHOOL
PA,TAX7002,42-115-1217076-LST-586503,"Ararat, Township of - LST - Susquehanna Comm S D (586503)",MUNICIPAL
PA,TAX7002,42-115-1217076-LST-586503,"Ararat, Township of - LST - Susquehanna Comm S D (586503)",SCHOOL
PA,TAX7081,42-127-1217250-EIT-648703,"Scott, Township of - EIT - Wayne Highlands S D (648703)",MUNICIPAL
PA,TAX7081,42-127-1217250-EIT-648703,"Scott, Township of - EIT - Wayne Highlands S D (648703)",SCHOOL
PA,TAX6982,42-115-1215609-EIT-581003,"Great Bend, Borough of - EIT - Blue Ridge S D (581003)",MUNICIPAL
PA,TAX6982,42-115-1215609-EIT-581003,"Great Bend, Borough of - EIT - Blue Ridge S D (581003)",SCHOOL
PA,TAX6961,42-103-1216958-EIT-522003,"Delaware, Township of - EIT - Delaware Valley S D (522003)",MUNICIPAL
PA,TAX6961,42-103-1216958-EIT-522003,"Delaware, Township of - EIT - Delaware Valley S D (522003)",SCHOOL
PA,TAX7011,42-115-1217086-LST-586503,"Harmony, Township of - LST - Susquehanna Comm S D (586503)",MUNICIPAL
PA,TAX7011,42-115-1217086-LST-586503,"Harmony, Township of - LST - Susquehanna Comm S D (586503)",SCHOOL
PA,TAX7056,42-127-1217217-LST-648703,"Damascus, Township of - LST - Wayne Highlands S D (648703)",MUNICIPAL
PA,TAX7056,42-127-1217217-LST-648703,"Damascus, Township of - LST - Wayne Highlands S D (648703)",SCHOOL
PA,TAX6960,42-103-1216957-LST-648303,"Blooming Grove, Township of - LST - Wallenpaupack Area S D (648303)",MUNICIPAL
PA,TAX6960,42-103-1216957-LST-648303,"Blooming Grove, Township of - LST - Wallenpaupack Area S D (648303)",SCHOOL
PA,TAX7003,42-115-1217082-EIT-584503,"Franklin, Township of - EIT - Montrose Area S D (584503)",MUNICIPAL
PA,TAX7003,42-115-1217082-EIT-584503,"Franklin, Township of - EIT - Montrose Area S D (584503)",SCHOOL
PA,TAX7059,42-127-1217219-LST-648703,"Dyberry, Township of - LST - Wayne Highlands S D (648703)",MUNICIPAL
PA,TAX7059,42-127-1217219-LST-648703,"Dyberry, Township of - LST - Wayne Highlands S D (648703)",SCHOOL
PA,TAX7083,42-127-1217250-LST-648703,"Scott, Township of - LST - Wayne Highlands S D (648703)",MUNICIPAL
PA,TAX7083,42-127-1217250-LST-648703,"Scott, Township of - LST - Wayne Highlands S D (648703)",SCHOOL
PA,TAX7015,42-115-1217092-EIT-584503,"Liberty, Township of - EIT - Montrose Area S D (584503)",MUNICIPAL
PA,TAX7015,42-115-1217092-EIT-584503,"Liberty, Township of - EIT - Montrose Area S D (584503)",SCHOOL
PA,TAX7036,42-127-1215684-EIT-648703,"Bethany, Borough of - EIT - Wayne Highlands S D (648703)",MUNICIPAL
PA,TAX7036,42-127-1215684-EIT-648703,"Bethany, Borough of - EIT - Wayne Highlands S D (648703)",SCHOOL
PA,TAX7078,42-127-1217249-EIT-648703,"Preston, Township of - EIT - Wayne Highlands S D (648703)",MUNICIPAL
PA,TAX7078,42-127-1217249-EIT-648703,"Preston, Township of - EIT - Wayne Highlands S D (648703)",SCHOOL
PA,TAX6952,42-045-1216377-EIT-234103,"Bethel, Township of - EIT - Garnet Valley S D (234103)",MUNICIPAL
PA,TAX6952,42-045-1216377-EIT-234103,"Bethel, Township of - EIT - Garnet Valley S D (234103)",SCHOOL
PA,TAX7027,42-115-1217244-EIT-584503,"Apolacon, Township of - EIT - Montrose Area S D (584503)",MUNICIPAL
PA,TAX7027,42-115-1217244-EIT-584503,"Apolacon, Township of - EIT - Montrose Area S D (584503)",SCHOOL
PA,TAX6972,42-103-1216962-LST-522003,"Milford, Township of - LST - Delaware Valley S D (522003)",MUNICIPAL
PA,TAX6972,42-103-1216962-LST-522003,"Milford, Township of - LST - Delaware Valley S D (522003)",SCHOOL
PA,TAX6985,42-115-1215610-EIT-581003,"Hallstead, Borough of - EIT - Blue Ridge S D (581003)",MUNICIPAL
PA,TAX6985,42-115-1215610-EIT-581003,"Hallstead, Borough of - EIT - Blue Ridge S D (581003)",SCHOOL
PA,TAX6954,42-045-1216377-LST-234103,"Bethel, Township of - LST - Garnet Valley S D (234103)",MUNICIPAL
PA,TAX6954,42-045-1216377-LST-234103,"Bethel, Township of - LST - Garnet Valley S D (234103)",SCHOOL
PA,TAX6964,42-103-1216959-EIT-522003,"Dingman, Township of - EIT - Delaware Valley S D (522003)",MUNICIPAL
PA,TAX6964,42-103-1216959-EIT-522003,"Dingman, Township of - EIT - Delaware Valley S D (522003)",SCHOOL
PA,TAX7062,42-127-1217221-LST-648703,"Lebanon, Township of - LST - Wayne Highlands S D (648703)",MUNICIPAL
PA,TAX7062,42-127-1217221-LST-648703,"Lebanon, Township of - LST - Wayne Highlands S D (648703)",SCHOOL
PA,TAX6940,42-029-1216164-EIT-150503,"London Britain, Township of - EIT - Avon Grove S D (150503)",MUNICIPAL
PA,TAX6940,42-029-1216164-EIT-150503,"London Britain, Township of - EIT - Avon Grove S D (150503)",SCHOOL
PA,TAX6975,42-103-1216963-LST-648303,"Palmyra, Township of - LST - Wallenpaupack Area S D (648303)",MUNICIPAL
PA,TAX6975,42-103-1216963-LST-648303,"Palmyra, Township of - LST - Wallenpaupack Area S D (648303)",SCHOOL
PA,TAX6997,42-115-1215618-EIT-586503,"Thompson, Borough of - EIT - Susquehanna Comm S D (586503)",MUNICIPAL
PA,TAX6997,42-115-1215618-EIT-586503,"Thompson, Borough of - EIT - Susquehanna Comm S D (586503)",SCHOOL
PA,TAX7026,42-115-1217098-LST-586503,"Thompson, Township of - LST - Susquehanna Comm S D (586503)",MUNICIPAL
PA,TAX7026,42-115-1217098-LST-586503,"Thompson, Township of - LST - Susquehanna Comm S D (586503)",SCHOOL
PA,TAX7029,42-115-1217244-LST-584503,"Apolacon, Township of - LST - Montrose Area S D (584503)",MUNICIPAL
PA,TAX7029,42-115-1217244-LST-584503,"Apolacon, Township of - LST - Montrose Area S D (584503)",SCHOOL
PA,TAX6969,42-103-1216960-LST-648303,"Greene, Township of - LST - Wallenpaupack Area S D (648303)",MUNICIPAL
PA,TAX6969,42-103-1216960-LST-648303,"Greene, Township of - LST - Wallenpaupack Area S D (648303)",SCHOOL
PA,TAX7074,42-127-1217227-LST-648303,"Paupack, Township of - LST - Wallenpaupack Area S D (648303)",MUNICIPAL
PA,TAX7074,42-127-1217227-LST-648303,"Paupack, Township of - LST - Wallenpaupack Area S D (648303)",SCHOOL
PA,TAX7018,42-115-1217094-EIT-586503,"Oakland, Township of - EIT - Susquehanna Comm S D (586503)",MUNICIPAL
PA,TAX7018,42-115-1217094-EIT-586503,"Oakland, Township of - EIT - Susquehanna Comm S D (586503)",SCHOOL
PA,TAX6938,42-017-1214983-LST-098202,"Yardley, Borough of - LST - Pennsbury S D (098202)",MUNICIPAL
PA,TAX6938,42-017-1214983-LST-098202,"Yardley, Borough of - LST - Pennsbury S D (098202)",SCHOOL
PA,TAX7041,42-127-1215685-LST-648303,"Hawley, Borough of - LST - Wallenpaupack Area S D (648303)",MUNICIPAL
PA,TAX7041,42-127-1215685-LST-648303,"Hawley, Borough of - LST - Wallenpaupack Area S D (648303)",SCHOOL
PA,TAX6991,42-115-1215613-EIT-584503,"Little Meadows, Borough of - EIT - Montrose Area S D (584503)",MUNICIPAL
PA,TAX6991,42-115-1215613-EIT-584503,"Little Meadows, Borough of - EIT - Montrose Area S D (584503)",SCHOOL
PA,TAX7065,42-127-1217223-LST-648703,"Manchester, Township of - LST - Wayne Highlands S D (648703)",MUNICIPAL
PA,TAX7065,42-127-1217223-LST-648703,"Manchester, Township of - LST - Wayne Highlands S D (648703)",SCHOOL
PA,TAX7008,42-115-1217084-LST-581003,"Great Bend, Township of - LST - Blue Ridge S D (581003)",MUNICIPAL
PA,TAX7008,42-115-1217084-LST-581003,"Great Bend, Township of - LST - Blue Ridge S D (581003)",SCHOOL
PA,TAX7050,42-127-1217213-LST-648703,"Berlin, Township of - LST - Wayne Highlands S D (648703)",MUNICIPAL
PA,TAX7050,42-127-1217213-LST-648703,"Berlin, Township of - LST - Wayne Highlands S D (648703)",SCHOOL
PA,TAX7071,42-127-1217226-LST-648303,"Palmyra, Township of - LST - Wallenpaupack Area S D (648303)",MUNICIPAL
PA,TAX7071,42-127-1217226-LST-648303,"Palmyra, Township of - LST - Wallenpaupack Area S D (648303)",SCHOOL
PA,TAX7035,42-115-1217246-LST-584503,"Forest Lake, Township of - LST - Montrose Area S D (584503)",MUNICIPAL
PA,TAX7035,42-115-1217246-LST-584503,"Forest Lake, Township of - LST - Montrose Area S D (584503)",SCHOOL
PA,TAX7023,42-115-1217096-LST-584503,"Silver Lake, Township of - LST - Montrose Area S D (584503)",MUNICIPAL
PA,TAX7023,42-115-1217096-LST-584503,"Silver Lake, Township of - LST - Montrose Area S D (584503)",SCHOOL
PA,TAX6957,42-103-1215533-LST-648303,"Lackawaxen, Township of - LST - Wallenpaupack Area S D (648303)",MUNICIPAL
PA,TAX6957,42-103-1215533-LST-648303,"Lackawaxen, Township of - LST - Wallenpaupack Area S D (648303)",SCHOOL
PA,TAX6943,42-045-1215178-EIT-238402,"Collingdale, Borough of - EIT - Southeast Delco S D (238402)",MUNICIPAL
PA,TAX6943,42-045-1215178-EIT-238402,"Collingdale, Borough of - EIT - Southeast Delco S D (238402)",SCHOOL
PA,TAX7044,42-127-1215687-LST-648703,"Prompton, Borough of - LST - Wayne Highlands S D (648703)",MUNICIPAL
PA,TAX7044,42-127-1215687-LST-648703,"Prompton, Borough of - LST - Wayne Highlands S D (648703)",SCHOOL
PA,TAX7077,42-127-1217248-LST-648703,"Buckingham, Township of - LST - Wayne Highlands S D (648703)",MUNICIPAL
PA,TAX7077,42-127-1217248-LST-648703,"Buckingham, Township of - LST - Wayne Highlands S D (648703)",SCHOOL
PA,TAX7020,42-115-1217094-LST-586503,"Oakland, Township of - LST - Susquehanna Comm S D (586503)",MUNICIPAL
PA,TAX7020,42-115-1217094-LST-586503,"Oakland, Township of - LST - Susquehanna Comm S D (586503)",SCHOOL
PA,TAX7053,42-127-1217215-LST-648703,"Cherry Ridge, Township of - LST - Wayne Highlands S D (648703)",MUNICIPAL
PA,TAX7053,42-127-1217215-LST-648703,"Cherry Ridge, Township of - LST - Wayne Highlands S D (648703)",SCHOOL
PA,TAX7068,42-127-1217225-LST-648703,"Oregon, Township of - LST - Wayne Highlands S D (648703)",MUNICIPAL
PA,TAX7068,42-127-1217225-LST-648703,"Oregon, Township of - LST - Wayne Highlands S D (648703)",SCHOOL
PA,TAX7033,42-115-1217246-EIT-584503,"Forest Lake, Township of - EIT - Montrose Area S D (584503)",MUNICIPAL
PA,TAX7033,42-115-1217246-EIT-584503,"Forest Lake, Township of - EIT - Montrose Area S D (584503)",SCHOOL
PA,TAX6955,42-103-1215533-EIT-648303,"Lackawaxen, Township of - EIT - Wallenpaupack Area S D (648303)",MUNICIPAL
PA,TAX6955,42-103-1215533-EIT-648303,"Lackawaxen, Township of - EIT - Wallenpaupack Area S D (648303)",SCHOOL
PA,TAX6939,42-029-1216156-LST-157802,"Easttown, Township of - LST - Tredyffrin-Easttown S D (157802)",MUNICIPAL
PA,TAX6939,42-029-1216156-LST-157802,"Easttown, Township of - LST - Tredyffrin-Easttown S D (157802)",SCHOOL
PA,TAX6951,42-045-1215195-LST-239603,"Rutledge, Borough of - LST - Wallingford-Swarthmore S D (239603)",MUNICIPAL
PA,TAX6951,42-045-1215195-LST-239603,"Rutledge, Borough of - LST - Wallingford-Swarthmore S D (239603)",SCHOOL
PA,TAX7012,42-115-1217088-EIT-581003,"Jackson, Township of - EIT - Blue Ridge S D (581003)",MUNICIPAL
PA,TAX7012,42-115-1217088-EIT-581003,"Jackson, Township of - EIT - Blue Ridge S D (581003)",SCHOOL
PA,TAX7000,42-115-1217076-EIT-586503,"Ararat, Township of - EIT - Susquehanna Comm S D (586503)",MUNICIPAL
PA,TAX7000,42-115-1217076-EIT-586503,"Ararat, Township of - EIT - Susquehanna Comm S D (586503)",SCHOOL
PA,TAX7009,42-115-1217086-EIT-586503,"Harmony, Township of - EIT - Susquehanna Comm S D (586503)",MUNICIPAL
PA,TAX7009,42-115-1217086-EIT-586503,"Harmony, Township of - EIT - Susquehanna Comm S D (586503)",SCHOOL
PA,TAX7017,42-115-1217092-LST-584503,"Liberty, Township of - LST - Montrose Area S D (584503)",MUNICIPAL
PA,TAX7017,42-115-1217092-LST-584503,"Liberty, Township of - LST - Montrose Area S D (584503)",SCHOOL
PA,TAX6949,42-045-1215195-EIT-239603,"Rutledge, Borough of - EIT - Wallingford-Swarthmore S D (239603)",MUNICIPAL
PA,TAX6949,42-045-1215195-EIT-239603,"Rutledge, Borough of - EIT - Wallingford-Swarthmore S D (239603)",SCHOOL
PA,TAX7039,42-127-1215685-EIT-648303,"Hawley, Borough of - EIT - Wallenpaupack Area S D (648303)",MUNICIPAL
PA,TAX7039,42-127-1215685-EIT-648303,"Hawley, Borough of - EIT - Wallenpaupack Area S D (648303)",SCHOOL
PA,TAX7047,42-127-1215688-LST-586503,"Starrucca, Borough of - LST - Susquehanna Comm S D (586503)",MUNICIPAL
PA,TAX7047,42-127-1215688-LST-586503,"Starrucca, Borough of - LST - Susquehanna Comm S D (586503)",SCHOOL
PA,TAX7075,42-127-1217248-EIT-648703,"Buckingham, Township of - EIT - Wayne Highlands S D (648703)",MUNICIPAL
PA,TAX7075,42-127-1217248-EIT-648703,"Buckingham, Township of - EIT - Wayne Highlands S D (648703)",SCHOOL
PA,TAX7060,42-127-1217221-EIT-648703,"Lebanon, Township of - EIT - Wayne Highlands S D (648703)",MUNICIPAL
PA,TAX7060,42-127-1217221-EIT-648703,"Lebanon, Township of - EIT - Wayne Highlands S D (648703)",SCHOOL
PA,TAX7014,42-115-1217088-LST-581003,"Jackson, Township of - LST - Blue Ridge S D (581003)",MUNICIPAL
PA,TAX7014,42-115-1217088-LST-581003,"Jackson, Township of - LST - Blue Ridge S D (581003)",SCHOOL
PA,TAX6958,42-103-1216957-EIT-648303,"Blooming Grove, Township of - EIT - Wallenpaupack Area S D (648303)",MUNICIPAL
PA,TAX6958,42-103-1216957-EIT-648303,"Blooming Grove, Township of - EIT - Wallenpaupack Area S D (648303)",SCHOOL
PA,TAX7005,42-115-1217082-LST-584503,"Franklin, Township of - LST - Montrose Area S D (584503)",MUNICIPAL
PA,TAX7005,42-115-1217082-LST-584503,"Franklin, Township of - LST - Montrose Area S D (584503)",SCHOOL
PA,TAX6978,42-103-1216965-LST-522003,"Shohola, Township of - LST - Delaware Valley S D (522003)",MUNICIPAL
PA,TAX6978,42-103-1216965-LST-522003,"Shohola, Township of - LST - Delaware Valley S D (522003)",SCHOOL
PA,TAX6942,42-029-1216164-LST-150503,"London Britain, Township of - LST - Avon Grove S D (150503)",MUNICIPAL
PA,TAX6942,42-029-1216164-LST-150503,"London Britain, Township of - LST - Avon Grove S D (150503)",SCHOOL
PA,TAX6981,42-115-1215608-LST-584503,"Friendsville, Borough of - LST - Montrose Area S D (584503)",MUNICIPAL
PA,TAX6981,42-115-1215608-LST-584503,"Friendsville, Borough of - LST - Montrose Area S D (584503)",SCHOOL
PA,TAX6935,42-017-1214970-LST-097203,"Morrisville, Borough of - LST - Morrisville Boro S D (097203)",MUNICIPAL
PA,TAX6935,42-017-1214970-LST-097203,"Morrisville, Borough of - LST - Morrisville Boro S D (097203)",SCHOOL
PA,TAX7030,42-115-1217245-EIT-584503,"Choconut, Township of - EIT - Montrose Area S D (584503)",MUNICIPAL
PA,TAX7030,42-115-1217245-EIT-584503,"Choconut, Township of - EIT - Montrose Area S D (584503)",SCHOOL
PA,TAX7042,42-127-1215687-EIT-648703,"Prompton, Borough of - EIT - Wayne Highlands S D (648703)",MUNICIPAL
PA,TAX7042,42-127-1215687-EIT-648703,"Prompton, Borough of - EIT - Wayne Highlands S D (648703)",SCHOOL
PA,TAX6963,42-103-1216958-LST-522003,"Delaware, Township of - LST - Delaware Valley S D (522003)",MUNICIPAL
PA,TAX6963,42-103-1216958-LST-522003,"Delaware, Township of - LST - Delaware Valley S D (522003)",SCHOOL
PA,TAX7080,42-127-1217249-LST-648703,"Preston, Township of - LST - Wayne Highlands S D (648703)",MUNICIPAL
PA,TAX7080,42-127-1217249-LST-648703,"Preston, Township of - LST - Wayne Highlands S D (648703)",SCHOOL
PA,TAX6946,42-045-1215194-EIT-239603,"Rose Valley, Borough of - EIT - Wallingford-Swarthmore S D (239603)",MUNICIPAL
PA,TAX6946,42-045-1215194-EIT-239603,"Rose Valley, Borough of - EIT - Wallingford-Swarthmore S D (239603)",SCHOOL
PA,TAX6993,42-115-1215613-LST-584503,"Little Meadows, Borough of - LST - Montrose Area S D (584503)",MUNICIPAL
PA,TAX6993,42-115-1215613-LST-584503,"Little Meadows, Borough of - LST - Montrose Area S D (584503)",SCHOOL
PA,TAX7054,42-127-1217217-EIT-648703,"Damascus, Township of - EIT - Wayne Highlands S D (648703)",MUNICIPAL
PA,TAX7054,42-127-1217217-EIT-648703,"Damascus, Township of - EIT - Wayne Highlands S D (648703)",SCHOOL
PA,TAX7072,42-127-1217227-EIT-648303,"Paupack, Township of - EIT - Wallenpaupack Area S D (648303)",MUNICIPAL
PA,TAX7072,42-127-1217227-EIT-648303,"Paupack, Township of - EIT - Wallenpaupack Area S D (648303)",SCHOOL
PA,TAX6996,42-115-1215617-LST-586503,"Susquehanna Depot, Borough of - LST - Susquehanna Comm S D (586503)",MUNICIPAL
PA,TAX6996,42-115-1215617-LST-586503,"Susquehanna Depot, Borough of - LST - Susquehanna Comm S D (586503)",SCHOOL
PA,TAX7006,42-115-1217084-EIT-581003,"Great Bend, Township of - EIT - Blue Ridge S D (581003)",MUNICIPAL
PA,TAX7006,42-115-1217084-EIT-581003,"Great Bend, Township of - EIT - Blue Ridge S D (581003)",SCHOOL
PA,TAX7051,42-127-1217215-EIT-648703,"Cherry Ridge, Township of - EIT - Wayne Highlands S D (648703)",MUNICIPAL
PA,TAX7051,42-127-1217215-EIT-648703,"Cherry Ridge, Township of - EIT - Wayne Highlands S D (648703)",SCHOOL
PA,TAX6945,42-045-1215178-LST-238402,"Collingdale, Borough of - LST - Southeast Delco S D (238402)",MUNICIPAL
PA,TAX6945,42-045-1215178-LST-238402,"Collingdale, Borough of - LST - Southeast Delco S D (238402)",SCHOOL
PA,TAX7069,42-127-1217226-EIT-648303,"Palmyra, Township of - EIT - Wallenpaupack Area S D (648303)",MUNICIPAL
PA,TAX7069,42-127-1217226-EIT-648303,"Palmyra, Township of - EIT - Wallenpaupack Area S D (648303)",SCHOOL
PA,TAX6970,42-103-1216962-EIT-522003,"Milford, Township of - EIT - Delaware Valley S D (522003)",MUNICIPAL
PA,TAX6970,42-103-1216962-EIT-522003,"Milford, Township of - EIT - Delaware Valley S D (522003)",SCHOOL
PA,TAX7021,42-115-1217096-EIT-584503,"Silver Lake, Township of - EIT - Montrose Area S D (584503)",MUNICIPAL
PA,TAX7021,42-115-1217096-EIT-584503,"Silver Lake, Township of - EIT - Montrose Area S D (584503)",SCHOOL
PA,TAX7066,42-127-1217225-EIT-648703,"Oregon, Township of - EIT - Wayne Highlands S D (648703)",MUNICIPAL
PA,TAX7066,42-127-1217225-EIT-648703,"Oregon, Township of - EIT - Wayne Highlands S D (648703)",SCHOOL
PA,TAX6988,42-115-1215612-EIT-586503,"Lanesboro, BORO of - EIT (586503)",MUNICIPAL
PA,TAX6988,42-115-1215612-EIT-586503,"Lanesboro, BORO of - EIT (586503)",SCHOOL
PA,TAX5824,42-073-1215359-LST-376203,"South New Castle, BORO of-LST",MUNICIPAL
PA,TAX5824,42-073-1215359-LST-376203,"South New Castle, BORO of-LST",SCHOOL
PA,TAX3452,42-045-1215189-EIT-238502,"Morton, BORO of - EIT",MUNICIPAL
PA,TAX3452,42-045-1215189-EIT-238502,"Morton, BORO of - EIT",SCHOOL
PA,TAX6615,42-029-1216190-EIT-159002,"West Goshen, TWP of - EIT",MUNICIPAL
PA,TAX6615,42-029-1216190-EIT-159002,"West Goshen, TWP of - EIT",SCHOOL
PA,TAX5397,42-045-1216390-EIT-237702,"Ridley, TWP of - EIT",MUNICIPAL
PA,TAX5397,42-045-1216390-EIT-237702,"Ridley, TWP of - EIT",SCHOOL
PA,TAX5987,42-117-1217123-EIT-597003,"Sullivan, TWP of - EIT",MUNICIPAL
PA,TAX5987,42-117-1217123-EIT-597003,"Sullivan, TWP of - EIT",SCHOOL
PA,TAX3782,42-097-1215515-EIT-496603,"Northumberland, BORO of - EIT",MUNICIPAL
PA,TAX3782,42-097-1215515-EIT-496603,"Northumberland, BORO of - EIT",SCHOOL
PA,TAX1898,42-125-1217193-LST-631203,"Hanover, TWP of - LST (631203)",MUNICIPAL
PA,TAX1898,42-125-1217193-LST-631203,"Hanover, TWP of - LST (631203)",SCHOOL
PA,TAX2769,42-129-1215705-LST-653102,"Latrobe, BORO of - LST",MUNICIPAL
PA,TAX2769,42-129-1215705-LST-653102,"Latrobe, BORO of - LST",SCHOOL
PA,TAX6274,42-041-1216350-EIT-210503,"Upper Frankford, TWP of - EIT",MUNICIPAL
PA,TAX6274,42-041-1216350-EIT-210503,"Upper Frankford, TWP of - EIT",SCHOOL
PA,TAX2745,42-017-1214969-LST-097502,"Langhorne Manor, BORO of-LST",MUNICIPAL
PA,TAX2745,42-017-1214969-LST-097502,"Langhorne Manor, BORO of-LST",SCHOOL
PA,TAX1029,42-011-1215921-LST-063003,"Cumru, TWP of - LST",MUNICIPAL
PA,TAX1029,42-011-1215921-LST-063003,"Cumru, TWP of - LST",SCHOOL
PA,TAX3482,42-003-1215817-EIT-026402,"Mount Lebanon, TWP of - EIT",MUNICIPAL
PA,TAX3482,42-003-1215817-EIT-026402,"Mount Lebanon, TWP of - EIT",SCHOOL
PA,TAX1649,42-025-1216109-LST-135503,"Franklin, TWP of - LST (135503)",MUNICIPAL
PA,TAX1649,42-025-1216109-LST-135503,"Franklin, TWP of - LST (135503)",SCHOOL
PA,TAX5390,42-047-1216405-EIT-243503,"Ridgway, TWP of - EIT (243503)",MUNICIPAL
PA,TAX5390,42-047-1216405-EIT-243503,"Ridgway, TWP of - EIT (243503)",SCHOOL
PA,TAX1206,42-003-1214788-EIT-022503,"Duquesne, City of - EIT",MUNICIPAL
PA,TAX1206,42-003-1214788-EIT-022503,"Duquesne, City of - EIT",SCHOOL
PA,TAX5462,42-079-1216731-EIT-403903,"Ross, TWP of - EIT (403903)",MUNICIPAL
PA,TAX5462,42-079-1216731-EIT-403903,"Ross, TWP of - EIT (403903)",SCHOOL
PA,TAX5688,42-061-1216519-LST-316003,"Shirley, TWP of - LST",MUNICIPAL
PA,TAX5688,42-061-1216519-LST-316003,"Shirley, TWP of - LST",SCHOOL
PA,TAX977,42-105-1215537-LST-531304,"Coudersport, BORO of - LST",MUNICIPAL
PA,TAX977,42-105-1215537-LST-531304,"Coudersport, BORO of - LST",SCHOOL
PA,TAX5489,42-027-1216136-LST-177003,"Rush, TWP of - LST (177003)",MUNICIPAL
PA,TAX5489,42-027-1216136-LST-177003,"Rush, TWP of - LST (177003)",SCHOOL
PA,TAX6046,42-069-1215329-LST-357003,"Taylor, BORO of - LST",MUNICIPAL
PA,TAX6046,42-069-1215329-LST-357003,"Taylor, BORO of - LST",SCHOOL
PA,TAX1543,42-067-1216580-EIT-343603,"Fayette, TWP of - EIT",MUNICIPAL
PA,TAX1543,42-067-1216580-EIT-343603,"Fayette, TWP of - EIT",SCHOOL
PA,TAX6261,42-097-1216930-LST-496603,"Upper Augusta, TWP of - LST",MUNICIPAL
PA,TAX6261,42-097-1216930-LST-496603,"Upper Augusta, TWP of - LST",SCHOOL
PA,TAX1436,42-007-1214872-EIT-372003,"Ellwood City, BORO of - EIT (372003)",MUNICIPAL
PA,TAX1436,42-007-1214872-EIT-372003,"Ellwood City, BORO of - EIT (372003)",SCHOOL
PA,TAX1426,42-123-1217163-EIT-628302,"Elk, TWP of - EIT (628302)",MUNICIPAL
PA,TAX1426,42-123-1217163-EIT-628302,"Elk, TWP of - EIT (628302)",SCHOOL
PA,TAX2407,42-107-1217005-LST-403302,"Kline, TWP of - LST",MUNICIPAL
PA,TAX2407,42-107-1217005-LST-403302,"Kline, TWP of - LST",SCHOOL
PA,TAX287,42-027-1215054-LST-141103,"Bellefonte, BORO of - LST",MUNICIPAL
PA,TAX287,42-027-1215054-LST-141103,"Bellefonte, BORO of - LST",SCHOOL
PA,TAX6267,42-045-1216395-LST-231303,"Upper Chichester, TWP of-LST",MUNICIPAL
PA,TAX6267,42-045-1216395-LST-231303,"Upper Chichester, TWP of-LST",SCHOOL
PA,TAX552,42-027-1216120-EIT-141003,"Burnside, TWP of - EIT (141003)",MUNICIPAL
PA,TAX552,42-027-1216120-EIT-141003,"Burnside, TWP of - EIT (141003)",SCHOOL
PA,TAX4964,42-083-1216791-LST-426003,"Otto, TWP of - LST",MUNICIPAL
PA,TAX4964,42-083-1216791-LST-426003,"Otto, TWP of - LST",SCHOOL
PA,TAX5937,42-133-1215763-EIT-676203,"Stewartstown, BORO of - EIT",MUNICIPAL
PA,TAX5937,42-133-1215763-EIT-676203,"Stewartstown, BORO of - EIT",SCHOOL
PA,TAX6885,42-011-1214937-LST-069353,"Wyomissing, BORO of - LST (069353)",MUNICIPAL
PA,TAX6885,42-011-1214937-LST-069353,"Wyomissing, BORO of - LST (069353)",SCHOOL
PA,TAX6125,42-015-1214959-LST-086503,"Towanda, BORO of - LST",MUNICIPAL
PA,TAX6125,42-015-1214959-LST-086503,"Towanda, BORO of - LST",SCHOOL
PA,TAX1553,42-027-1216123-LST-148002,"Ferguson, TWP of - LST (148002)",MUNICIPAL
PA,TAX1553,42-027-1216123-LST-148002,"Ferguson, TWP of - LST (148002)",SCHOOL
PA,TAX6215,42-011-1215951-EIT-061503,"Union, TWP of - EIT (061503)",MUNICIPAL
PA,TAX6215,42-011-1215951-EIT-061503,"Union, TWP of - EIT (061503)",SCHOOL
PA,TAX3540,42-091-1215474-EIT-464502,"Narberth, BORO of - EIT",MUNICIPAL
PA,TAX3540,42-091-1215474-EIT-464502,"Narberth, BORO of - EIT",SCHOOL
PA,TAX6565,42-125-1215682-LST-260803,"West Brownsville, BORO of-LST (260803)",MUNICIPAL
PA,TAX6565,42-125-1215682-LST-260803,"West Brownsville, BORO of-LST (260803)",SCHOOL
PA,TAX605,42-063-1216537-LST-325203,"Canoe, TWP of - LST (325203)",MUNICIPAL
PA,TAX605,42-063-1216537-LST-325203,"Canoe, TWP of - LST (325203)",SCHOOL
PA,TAX1248,42-071-1216621-EIT-361303,"East Cocalico, TWP of - EIT",MUNICIPAL
PA,TAX1248,42-071-1216621-EIT-361303,"East Cocalico, TWP of - EIT",SCHOOL
PA,TAX3504,42-061-1215274-EIT-316003,"Mount Union, BORO of - EIT",MUNICIPAL
PA,TAX3504,42-061-1215274-EIT-316003,"Mount Union, BORO of - EIT",SCHOOL
PA,TAX2251,42-079-2086672-EIT-403903,"Jackson, TWP of - EIT (403903)",MUNICIPAL
PA,TAX2251,42-079-2086672-EIT-403903,"Jackson, TWP of - EIT (403903)",SCHOOL
PA,TAX3003,42-133-1217295-LST-672203,"Lower Windsor, TWP of - LST",MUNICIPAL
PA,TAX3003,42-133-1217295-LST-672203,"Lower Windsor, TWP of - LST",SCHOOL
PA,TAX1671,42-001-1215781-LST-013753,"Freedom, TWP of - LST (013753)",MUNICIPAL
PA,TAX1671,42-001-1215781-LST-013753,"Freedom, TWP of - LST (013753)",SCHOOL
PA,TAX1486,42-131-1215731-LST-665003,"Factoryville, BORO of - LST",MUNICIPAL
PA,TAX1486,42-131-1215731-LST-665003,"Factoryville, BORO of - LST",SCHOOL
PA,TAX5959,42-001-1215794-LST-011603,"Straban, TWP of - LST (011603)",MUNICIPAL
PA,TAX5959,42-001-1215794-LST-011603,"Straban, TWP of - LST (011603)",SCHOOL
PA,TAX1160,42-029-1215068-EIT-152003,"Downingtown, BORO of - EIT",MUNICIPAL
PA,TAX1160,42-029-1215068-EIT-152003,"Downingtown, BORO of - EIT",SCHOOL
PA,TAX6804,42-011-1215954-EIT-063503,"Windsor, TWP of - EIT (063503)",MUNICIPAL
PA,TAX6804,42-011-1215954-EIT-063503,"Windsor, TWP of - EIT (063503)",SCHOOL
PA,TAX3124,42-045-1216385-LST-235502,"Marple, TWP of - LST",MUNICIPAL
PA,TAX3124,42-045-1216385-LST-235502,"Marple, TWP of - LST",SCHOOL
PA,TAX5866,42-069-1216610-LST-356503,"Spring Brook, TWP of - LST",MUNICIPAL
PA,TAX5866,42-069-1216610-LST-356503,"Spring Brook, TWP of - LST",SCHOOL
PA,TAX5257,42-095-1215501-LST-480803,"Portland, BORO of - LST",MUNICIPAL
PA,TAX5257,42-095-1215501-LST-480803,"Portland, BORO of - LST",SCHOOL
PA,TAX1288,42-085-1216797-EIT-435003,"East Lackawannock, TWP of-EIT",MUNICIPAL
PA,TAX1288,42-085-1216797-EIT-435003,"East Lackawannock, TWP of-EIT",SCHOOL
PA,TAX2975,42-095-1216903-EIT-483302,"Lower Mount Bethel, TWP of-EIT (483302)",MUNICIPAL
PA,TAX2975,42-095-1216903-EIT-483302,"Lower Mount Bethel, TWP of-EIT (483302)",SCHOOL
PA,TAX1852,42-055-1216462-LST-289003,"Guilford, TWP of - LST (289003)",MUNICIPAL
PA,TAX1852,42-055-1216462-LST-289003,"Guilford, TWP of - LST (289003)",SCHOOL
PA,TAX6053,42-057-1216480-LST-292304,"Taylor, TWP of - LST (292304)",MUNICIPAL
PA,TAX6053,42-057-1216480-LST-292304,"Taylor, TWP of - LST (292304)",SCHOOL
PA,TAX5549,42-085-1216816-EIT-431304,"Sandy Creek, TWP of - EIT",MUNICIPAL
PA,TAX5549,42-085-1216816-EIT-431304,"Sandy Creek, TWP of - EIT",SCHOOL
PA,TAX38,42-049-1215204-EIT-258503,"Albion, BORO of - EIT",MUNICIPAL
PA,TAX38,42-049-1215204-EIT-258503,"Albion, BORO of - EIT",SCHOOL
PA,TAX5297,42-117-1215626-EIT-597003,"Putnam, TWP of - EIT",MUNICIPAL
PA,TAX5297,42-117-1215626-EIT-597003,"Putnam, TWP of - EIT",SCHOOL
PA,TAX5314,42-133-1215758-LST-676503,"Railroad, BORO of - LST",MUNICIPAL
PA,TAX5314,42-133-1215758-LST-676503,"Railroad, BORO of - LST",SCHOOL
PA,TAX197,42-129-1215693-EIT-654403,"Avonmore, BORO of - EIT",MUNICIPAL
PA,TAX197,42-129-1215693-EIT-654403,"Avonmore, BORO of - EIT",SCHOOL
PA,TAX5061,42-099-1216947-EIT-506003,"Penn, TWP of - EIT (506003)",MUNICIPAL
PA,TAX5061,42-099-1216947-EIT-506003,"Penn, TWP of - EIT (506003)",SCHOOL
PA,TAX2108,42-027-1216129-LST-141003,"Huston, TWP of - LST (141003)",MUNICIPAL
PA,TAX2108,42-027-1216129-LST-141003,"Huston, TWP of - LST (141003)",SCHOOL
PA,TAX5653,42-063-1215295-EIT-323703,"Shelocta, BORO of - EIT",MUNICIPAL
PA,TAX5653,42-063-1215295-EIT-323703,"Shelocta, BORO of - EIT",SCHOOL
PA,TAX3668,42-085-1216810-LST-433903,"New Vernon, TWP of - LST",MUNICIPAL
PA,TAX3668,42-085-1216810-LST-433903,"New Vernon, TWP of - LST",SCHOOL
PA,TAX5606,42-017-1214979-LST-098103,"Sellersville, BORO of - LST",MUNICIPAL
PA,TAX5606,42-017-1214979-LST-098103,"Sellersville, BORO of - LST",SCHOOL
PA,TAX1491,42-039-1216305-EIT-201352,"Fairfield, TWP of - EIT (201352)",MUNICIPAL
PA,TAX1491,42-039-1216305-EIT-201352,"Fairfield, TWP of - EIT (201352)",SCHOOL
PA,TAX5714,42-073-1216664-EIT-374003,"Slippery Rock, TWP of - EIT (374003)",MUNICIPAL
PA,TAX5714,42-073-1216664-EIT-374003,"Slippery Rock, TWP of - EIT (374003)",SCHOOL
PA,TAX1453,42-003-1214794-EIT-020753,"Emsworth, BORO of - EIT",MUNICIPAL
PA,TAX1453,42-003-1214794-EIT-020753,"Emsworth, BORO of - EIT",SCHOOL
PA,TAX1817,42-003-1214799-EIT-025002,"Green Tree, BORO of - EIT",MUNICIPAL
PA,TAX1817,42-003-1214799-EIT-025002,"Green Tree, BORO of - EIT",SCHOOL
PA,TAX2279,42-133-1215749-LST-671603,"Jacobus, BORO of - LST",MUNICIPAL
PA,TAX2279,42-133-1215749-LST-671603,"Jacobus, BORO of - LST",SCHOOL
PA,TAX713,42-035-1216256-LST-183602,"Chapman, TWP of - LST (183602)",MUNICIPAL
PA,TAX713,42-035-1216256-LST-183602,"Chapman, TWP of - LST (183602)",SCHOOL
PA,TAX5892,42-045-1216391-LST-238502,"Springfield, TWP of - LST (238502)",MUNICIPAL
PA,TAX5892,42-045-1216391-LST-238502,"Springfield, TWP of - LST (238502)",SCHOOL
PA,TAX268,42-033-1216222-EIT-173003,"Beccaria, TWP of - EIT",MUNICIPAL
PA,TAX268,42-033-1216222-EIT-173003,"Beccaria, TWP of - EIT",SCHOOL
PA,TAX2971,42-077-1216690-LST-395703,"Lower Milford, TWP of - LST",MUNICIPAL
PA,TAX2971,42-077-1216690-LST-395703,"Lower Milford, TWP of - LST",SCHOOL
PA,TAX1578,42-005-1214850-LST-030852,"Ford Cliff, BORO of - LST",MUNICIPAL
PA,TAX1578,42-005-1214850-LST-030852,"Ford Cliff, BORO of - LST",SCHOOL
PA,TAX3181,42-087-1215458-LST-444602,"McVeytown, BORO of - LST",MUNICIPAL
PA,TAX3181,42-087-1215458-LST-444602,"McVeytown, BORO of - LST",SCHOOL
PA,TAX6148,42-033-1215110-EIT-172003,"Troutville, BORO of - EIT",MUNICIPAL
PA,TAX6148,42-033-1215110-EIT-172003,"Troutville, BORO of - EIT",SCHOOL
PA,TAX3336,42-043-1215166-LST-226103,"Millersburg, BORO of - LST",MUNICIPAL
PA,TAX3336,42-043-1215166-LST-226103,"Millersburg, BORO of - LST",SCHOOL
PA,TAX6808,42-019-1216070-EIT-107803,"Winfield, TWP of - EIT",MUNICIPAL
PA,TAX6808,42-019-1216070-EIT-107803,"Winfield, TWP of - EIT",SCHOOL
PA,TAX5119,42-081-1215425-LST-412003,"Picture Rocks, BORO of - LST",MUNICIPAL
PA,TAX5119,42-081-1215425-LST-412003,"Picture Rocks, BORO of - LST",SCHOOL
PA,TAX3565,42-015-1214954-EIT-089003,"New Albany, BORO of - EIT",MUNICIPAL
PA,TAX3565,42-015-1214954-EIT-089003,"New Albany, BORO of - EIT",SCHOOL
PA,TAX6584,42-071-1216648-EIT-361303,"West Cocalico, TWP of - EIT (361303)",MUNICIPAL
PA,TAX6584,42-071-1216648-EIT-361303,"West Cocalico, TWP of - EIT (361303)",SCHOOL
PA,TAX3210,42-039-1215138-EIT-201352,"Meadville, City of - EIT",MUNICIPAL
PA,TAX3210,42-039-1215138-EIT-201352,"Meadville, City of - EIT",SCHOOL
PA,TAX5970,42-089-1216847-LST-456003,"Stroud, TWP of - LST",MUNICIPAL
PA,TAX5970,42-089-1216847-LST-456003,"Stroud, TWP of - LST",SCHOOL
PA,TAX2013,42-029-1216161-LST-156503,"Highland, TWP of - LST (156503)",MUNICIPAL
PA,TAX2013,42-029-1216161-LST-156503,"Highland, TWP of - LST (156503)",SCHOOL
PA,TAX1198,42-125-1215663-EIT-631803,"Dunlevy, BORO of - EIT",MUNICIPAL
PA,TAX1198,42-125-1215663-EIT-631803,"Dunlevy, BORO of - EIT",SCHOOL
PA,TAX5448,42-039-1216322-EIT-617203,"Rome, TWP of - EIT (617203)",MUNICIPAL
PA,TAX5448,42-039-1216322-EIT-617203,"Rome, TWP of - EIT (617203)",SCHOOL
PA,TAX658,42-077-1215373-LST-391303,"Catasauqua, BORO of - LST",MUNICIPAL
PA,TAX658,42-077-1215373-LST-391303,"Catasauqua, BORO of - LST",SCHOOL
PA,TAX833,42-009-1214896-LST-058003,"Coaldale, BORO of - LST (058003)",MUNICIPAL
PA,TAX833,42-009-1214896-LST-058003,"Coaldale, BORO of - LST (058003)",SCHOOL
PA,TAX6721,42-083-1216793-EIT-422303,"Wetmore, TWP of - EIT",MUNICIPAL
PA,TAX6721,42-083-1216793-EIT-422303,"Wetmore, TWP of - EIT",SCHOOL
PA,TAX3011,42-081-1216755-LST-414203,"Loyalsock, TWP of - LST",MUNICIPAL
PA,TAX3011,42-081-1216755-LST-414203,"Loyalsock, TWP of - LST",SCHOOL
PA,TAX5102,42-085-1216812-LST-431304,"Perry, TWP of - LST (431304)",MUNICIPAL
PA,TAX5102,42-085-1216812-LST-431304,"Perry, TWP of - LST (431304)",SCHOOL
PA,TAX377,42-021-1216074-LST-110603,"Blacklick, TWP of - LST",MUNICIPAL
PA,TAX377,42-021-1216074-LST-110603,"Blacklick, TWP of - LST",SCHOOL
PA,TAX1807,42-125-1215668-EIT-633903,"Green Hills, BORO of - EIT",MUNICIPAL
PA,TAX1807,42-125-1215668-EIT-633903,"Green Hills, BORO of - EIT",SCHOOL
PA,TAX1647,42-015-1215979-LST-086503,"Franklin, TWP of - LST (086503)",MUNICIPAL
PA,TAX1647,42-015-1215979-LST-086503,"Franklin, TWP of - LST (086503)",SCHOOL
PA,TAX5717,42-079-1216733-EIT-401403,"Slocum, TWP of - EIT",MUNICIPAL
PA,TAX5717,42-079-1216733-EIT-401403,"Slocum, TWP of - EIT",SCHOOL
PA,TAX674,42-063-1216538-EIT-323303,"Center, TWP of - EIT (323303)",MUNICIPAL
PA,TAX674,42-063-1216538-EIT-323303,"Center, TWP of - EIT (323303)",SCHOOL
PA,TAX6811,42-065-1216576-LST-172003,"Winslow, TWP of - LST",MUNICIPAL
PA,TAX6811,42-065-1216576-LST-172003,"Winslow, TWP of - LST",SCHOOL
PA,TAX1182,42-081-1215419-EIT-416103,"Duboistown, BORO of - EIT",MUNICIPAL
PA,TAX1182,42-081-1215419-EIT-416103,"Duboistown, BORO of - EIT",SCHOOL
PA,TAX5137,42-107-1215563-LST-546003,"Pine Grove, BORO of - LST",MUNICIPAL
PA,TAX5137,42-107-1215563-LST-546003,"Pine Grove, BORO of - LST",SCHOOL
PA,TAX5035,42-043-1215168-LST-221402,"Penbrook, BORO of - LST",MUNICIPAL
PA,TAX5035,42-043-1215168-LST-221402,"Penbrook, BORO of - LST",SCHOOL
PA,TAX5481,42-011-1215946-EIT-066503,"Ruscombmanor, TWP of - EIT",MUNICIPAL
PA,TAX5481,42-011-1215946-EIT-066503,"Ruscombmanor, TWP of - EIT",SCHOOL
PA,TAX2259,42-121-1217146-EIT-618603,"Jackson, TWP of - EIT (618603)",MUNICIPAL
PA,TAX2259,42-121-1217146-EIT-618603,"Jackson, TWP of - EIT (618603)",SCHOOL
PA,TAX750,42-089-1216835-LST-455203,"Chestnuthill, TWP of - LST",MUNICIPAL
PA,TAX750,42-089-1216835-LST-455203,"Chestnuthill, TWP of - LST",SCHOOL
PA,TAX1214,42-113-1215604-EIT-576303,"Eagles Mere, BORO of - EIT",MUNICIPAL
PA,TAX1214,42-113-1215604-EIT-576303,"Eagles Mere, BORO of - EIT",SCHOOL
PA,TAX561,42-095-1216898-LST-484803,"Bushkill, TWP of - LST",MUNICIPAL
PA,TAX561,42-095-1216898-LST-484803,"Bushkill, TWP of - LST",SCHOOL
PA,TAX08,42-129-1215690-EIT-653802,"Adamsburg, BORO of - EIT",MUNICIPAL
PA,TAX08,42-129-1215690-EIT-653802,"Adamsburg, BORO of - EIT",SCHOOL
PA,TAX2058,42-007-1215875-LST-044103,"Hopewell, TWP of - LST (044103)",MUNICIPAL
PA,TAX2058,42-007-1215875-LST-044103,"Hopewell, TWP of - LST (044103)",SCHOOL
PA,TAX2354,42-009-1215896-EIT-051503,"Juniata, TWP of - EIT (051503)",MUNICIPAL
PA,TAX2354,42-009-1215896-EIT-051503,"Juniata, TWP of - EIT (051503)",SCHOOL
PA,TAX5508,42-039-1215139-LST-204703,"Saegertown, BORO of - LST",MUNICIPAL
PA,TAX5508,42-039-1215139-LST-204703,"Saegertown, BORO of - LST",SCHOOL
PA,TAX3055,42-073-1216656-EIT-377003,"Mahoning, TWP of - EIT (377003)",MUNICIPAL
PA,TAX3055,42-073-1216656-EIT-377003,"Mahoning, TWP of - EIT (377003)",SCHOOL
PA,TAX6461,42-051-1216449-EIT-650603,"Washington, TWP of - EIT (650603)",MUNICIPAL
PA,TAX6461,42-051-1216449-EIT-650603,"Washington, TWP of - EIT (650603)",SCHOOL
PA,TAX6242,42-061-1216526-LST-316003,"Union, TWP of - LST (316003)",MUNICIPAL
PA,TAX6242,42-061-1216526-LST-316003,"Union, TWP of - LST (316003)",SCHOOL
PA,TAX3419,42-055-1216467-EIT-286003,"Montgomery, TWP of - EIT (286003)",MUNICIPAL
PA,TAX3419,42-055-1216467-EIT-286003,"Montgomery, TWP of - EIT (286003)",SCHOOL
PA,TAX5233,42-105-1216981-LST-530304,"Portage, TWP of - LST (530304)",MUNICIPAL
PA,TAX5233,42-105-1216981-LST-530304,"Portage, TWP of - LST (530304)",SCHOOL
PA,TAX3575,42-133-1217299-EIT-219002,"Newberry, TWP of - EIT (219002)",MUNICIPAL
PA,TAX3575,42-133-1217299-EIT-219002,"Newberry, TWP of - EIT (219002)",SCHOOL
PA,TAX6426,42-133-1217309-LST-674603,"Warrington, TWP of - LST (674603)",MUNICIPAL
PA,TAX6426,42-133-1217309-LST-674603,"Warrington, TWP of - LST (674603)",SCHOOL
PA,TAX3563,42-003-1215818-EIT-022103,"Neville, TWP of - EIT",MUNICIPAL
PA,TAX3563,42-003-1215818-EIT-022103,"Neville, TWP of - EIT",SCHOOL
PA,TAX2808,42-079-1216724-EIT-403903,"Lehman, TWP of - EIT (403903)",MUNICIPAL
PA,TAX2808,42-079-1216724-EIT-403903,"Lehman, TWP of - EIT (403903)",SCHOOL
PA,TAX5979,42-085-1216821-LST-432803,"Sugar Grove, TWP of - LST (432803)",MUNICIPAL
PA,TAX5979,42-085-1216821-LST-432803,"Sugar Grove, TWP of - LST (432803)",SCHOOL
PA,TAX910,42-111-1215586-LST-568404,"Confluence, BORO of - LST",MUNICIPAL
PA,TAX910,42-111-1215586-LST-568404,"Confluence, BORO of - LST",SCHOOL
PA,TAX2072,42-033-1215102-EIT-175003,"Houtzdale, BORO of - EIT",MUNICIPAL
PA,TAX2072,42-033-1215102-EIT-175003,"Houtzdale, BORO of - EIT",SCHOOL
PA,TAX6183,42-015-1216000-LST-089003,"Tuscarora, TWP of - LST (089003)",MUNICIPAL
PA,TAX6183,42-015-1216000-LST-089003,"Tuscarora, TWP of - LST (089003)",SCHOOL
PA,TAX1756,42-095-1215495-LST-488603,"Glendon, BORO of - LST",MUNICIPAL
PA,TAX1756,42-095-1215495-LST-488603,"Glendon, BORO of - LST",SCHOOL
PA,TAX6250,42-119-1217135-LST-605003,"Union, TWP of - LST (605003)",MUNICIPAL
PA,TAX6250,42-119-1217135-LST-605003,"Union, TWP of - LST (605003)",SCHOOL
PA,TAX6290,42-017-1216033-EIT-092353,"Upper Makefield, TWP of - EIT",MUNICIPAL
PA,TAX6290,42-017-1216033-EIT-092353,"Upper Makefield, TWP of - EIT",SCHOOL
PA,TAX6466,42-005-1215863-LST-030852,"Washington, TWP of - LST (030852)",MUNICIPAL
PA,TAX6466,42-005-1215863-LST-030852,"Washington, TWP of - LST (030852)",SCHOOL
PA,TAX6637,42-129-1215727-EIT-034503,"West Leechburg, BORO of - EIT",MUNICIPAL
PA,TAX6637,42-129-1215727-EIT-034503,"West Leechburg, BORO of - EIT",SCHOOL
PA,TAX5057,42-041-1216343-EIT-210503,"Penn, TWP of - EIT (210503)",MUNICIPAL
PA,TAX5057,42-041-1216343-EIT-210503,"Penn, TWP of - EIT (210503)",SCHOOL
PA,TAX5558,42-033-1216249-LST-172003,"Sandy, TWP of - LST",MUNICIPAL
PA,TAX5558,42-033-1216249-LST-172003,"Sandy, TWP of - LST",SCHOOL
PA,TAX3075,42-071-1215341-LST-364403,"Manheim, BORO of - LST",MUNICIPAL
PA,TAX3075,42-071-1215341-LST-364403,"Manheim, BORO of - LST",SCHOOL
PA,TAX3785,42-107-1217009-EIT-403302,"North Union, TWP of - EIT (403302)",MUNICIPAL
PA,TAX3785,42-107-1217009-EIT-403302,"North Union, TWP of - EIT (403302)",SCHOOL
PA,TAX2796,42-003-1214804-EIT-027753,"Leetsdale, BORO of - EIT",MUNICIPAL
PA,TAX2796,42-003-1214804-EIT-027753,"Leetsdale, BORO of - EIT",SCHOOL
PA,TAX3150,42-065-1216564-EIT-338003,"McCalmont, TWP of - EIT",MUNICIPAL
PA,TAX3150,42-065-1216564-EIT-338003,"McCalmont, TWP of - EIT",SCHOOL
PA,TAX6717,42-079-1215414-EIT-409203,"West Wyoming, BORO of - EIT",MUNICIPAL
PA,TAX6717,42-079-1215414-EIT-409203,"West Wyoming, BORO of - EIT",SCHOOL
PA,TAX1102,42-129-1215695-EIT-653203,"Delmont, BORO of - EIT (653203)",MUNICIPAL
PA,TAX1102,42-129-1215695-EIT-653203,"Delmont, BORO of - EIT (653203)",SCHOOL
PA,TAX6551,42-069-1216611-EIT-665003,"West Abington, TWP of - EIT",MUNICIPAL
PA,TAX6551,42-069-1216611-EIT-665003,"West Abington, TWP of - EIT",SCHOOL
PA,TAX1684,42-085-1216799-EIT-201352,"French Creek, TWP of - EIT",MUNICIPAL
PA,TAX1684,42-085-1216799-EIT-201352,"French Creek, TWP of - EIT",SCHOOL
PA,TAX3122,42-091-1216865-LST-468603,"Marlborough, TWP of - LST",MUNICIPAL
PA,TAX3122,42-091-1216865-LST-468603,"Marlborough, TWP of - LST",SCHOOL
PA,TAX2972,42-091-1216861-EIT-464603,"Lower Moreland, TWP of - EIT",MUNICIPAL
PA,TAX2972,42-091-1216861-EIT-464603,"Lower Moreland, TWP of - EIT",SCHOOL
PA,TAX1954,42-105-1216974-EIT-531304,"Hebron, TWP of - EIT",MUNICIPAL
PA,TAX1954,42-105-1216974-EIT-531304,"Hebron, TWP of - EIT",SCHOOL
PA,TAX6694,42-029-1216195-LST-156503,"West Sadsbury, TWP of - LST",MUNICIPAL
PA,TAX6694,42-029-1216195-LST-156503,"West Sadsbury, TWP of - LST",SCHOOL
PA,TAX2330,42-069-1215322-EIT-358403,"Jessup, BORO of - EIT",MUNICIPAL
PA,TAX2330,42-069-1215322-EIT-358403,"Jessup, BORO of - EIT",SCHOOL
PA,TAX2027,42-079-1216717-LST-191103,"Hollenback, TWP of - LST",MUNICIPAL
PA,TAX2027,42-079-1216717-LST-191103,"Hollenback, TWP of - LST",SCHOOL
PA,TAX403,42-037-1215124-LST-191203,Bloomsburg Town - LST,MUNICIPAL
PA,TAX403,42-037-1215124-LST-191203,Bloomsburg Town - LST,SCHOOL
PA,TAX6686,42-091-1216883-LST-466303,"West Pottsgrove, TWP of - LST",MUNICIPAL
PA,TAX6686,42-091-1216883-LST-466303,"West Pottsgrove, TWP of - LST",SCHOOL
PA,TAX1364,42-021-1215018-LST-111303,"Ebensburg, BORO of - LST",MUNICIPAL
PA,TAX1364,42-021-1215018-LST-111303,"Ebensburg, BORO of - LST",SCHOOL
PA,TAX2741,42-099-1215525-LST-508003,"Landisburg, BORO of - LST",MUNICIPAL
PA,TAX2741,42-099-1215525-LST-508003,"Landisburg, BORO of - LST",SCHOOL
PA,TAX1354,42-125-1215664-LST-638803,"East Washington, BORO of-LST",MUNICIPAL
PA,TAX1354,42-125-1215664-LST-638803,"East Washington, BORO of-LST",SCHOOL
PA,TAX05,42-105-1216967-LST-532804,"Abbott, TWP of - LST",MUNICIPAL
PA,TAX05,42-105-1216967-LST-532804,"Abbott, TWP of - LST",SCHOOL
PA,TAX6288,42-107-1217020-EIT-547803,"Upper Mahantango, TWP of-EIT",MUNICIPAL
PA,TAX6288,42-107-1217020-EIT-547803,"Upper Mahantango, TWP of-EIT",SCHOOL
PA,TAX2056,42-125-1217194-EIT-630504,"Hopewell, TWP of - EIT (630504)",MUNICIPAL
PA,TAX2056,42-125-1217194-EIT-630504,"Hopewell, TWP of - EIT (630504)",SCHOOL
PA,TAX6664,42-029-1216192-LST-068103,"West Nantmeal, TWP of - LST",MUNICIPAL
PA,TAX6664,42-029-1216192-LST-068103,"West Nantmeal, TWP of - LST",SCHOOL
PA,TAX6325,42-111-1217066-LST-566303,"Upper Turkeyfoot, TWP of-LST",MUNICIPAL
PA,TAX6325,42-111-1217066-LST-566303,"Upper Turkeyfoot, TWP of-LST",SCHOOL
PA,TAX2377,42-003-1215811-LST-026303,"Kennedy, TWP of - LST",MUNICIPAL
PA,TAX2377,42-003-1215811-LST-026303,"Kennedy, TWP of - LST",SCHOOL
PA,TAX1761,42-045-1215184-EIT-235103,"Glenolden, BORO of - EIT",MUNICIPAL
PA,TAX1761,42-045-1215184-EIT-235103,"Glenolden, BORO of - EIT",SCHOOL
PA,TAX6780,42-003-1214843-EIT-022803,"Wilmerding, BORO of - EIT",MUNICIPAL
PA,TAX6780,42-003-1214843-EIT-022803,"Wilmerding, BORO of - EIT",SCHOOL
PA,TAX1293,42-045-1215181-LST-239652,"East Lansdowne, BORO of - LST",MUNICIPAL
PA,TAX1293,42-045-1215181-LST-239652,"East Lansdowne, BORO of - LST",SCHOOL
PA,TAX1725,42-001-1214758-EIT-013753,"Gettysburg, BORO of - EIT",MUNICIPAL
PA,TAX1725,42-001-1214758-EIT-013753,"Gettysburg, BORO of - EIT",SCHOOL
PA,TAX370,42-029-1216143-EIT-158503,"Birmingham, TWP of - EIT",MUNICIPAL
PA,TAX370,42-029-1216143-EIT-158503,"Birmingham, TWP of - EIT",SCHOOL
PA,TAX3759,42-129-1215717-LST-656502,"North Irwin, BORO of - LST",MUNICIPAL
PA,TAX3759,42-129-1215717-LST-656502,"North Irwin, BORO of - LST",SCHOOL
PA,TAX3650,42-013-1214944-LST-073503,"Newry, BORO of - LST",MUNICIPAL
PA,TAX3650,42-013-1214944-LST-073503,"Newry, BORO of - LST",SCHOOL
PA,TAX2381,42-029-1216163-LST-154003,"Kennett, TWP of - LST",MUNICIPAL
PA,TAX2381,42-029-1216163-LST-154003,"Kennett, TWP of - LST",SCHOOL
PA,TAX3723,42-003-1214812-LST-029902,"North Braddock, BORO of - LST",MUNICIPAL
PA,TAX3723,42-003-1214812-LST-029902,"North Braddock, BORO of - LST",SCHOOL
PA,TAX6113,42-031-1216220-LST-169003,"Toby, TWP of - LST",MUNICIPAL
PA,TAX6113,42-031-1216220-LST-169003,"Toby, TWP of - LST",SCHOOL
PA,TAX5915,42-099-1216951-LST-508003,"Spring, TWP of - LST (508003)",MUNICIPAL
PA,TAX5915,42-099-1216951-LST-508003,"Spring, TWP of - LST (508003)",SCHOOL
PA,TAX2357,42-099-1216942-EIT-504003,"Juniata, TWP of - EIT (504003)",MUNICIPAL
PA,TAX2357,42-099-1216942-EIT-504003,"Juniata, TWP of - EIT (504003)",SCHOOL
PA,TAX2104,42-013-1215963-EIT-077503,"Huston, TWP of - EIT (077503)",MUNICIPAL
PA,TAX2104,42-013-1215963-EIT-077503,"Huston, TWP of - EIT (077503)",SCHOOL
PA,TAX6474,42-059-1215261-LST-301403,"Washington, TWP of - LST (301403)",MUNICIPAL
PA,TAX6474,42-059-1215261-LST-301403,"Washington, TWP of - LST (301403)",SCHOOL
PA,TAX16,42-021-1216071-LST-112203,"Adams, TWP of - LST (112203)",MUNICIPAL
PA,TAX16,42-021-1216071-LST-112203,"Adams, TWP of - LST (112203)",SCHOOL
PA,TAX758,42-003-1214781-LST-020603,"Cheswick, BORO of - LST",MUNICIPAL
PA,TAX758,42-003-1214781-LST-020603,"Cheswick, BORO of - LST",SCHOOL
PA,TAX578,42-011-1215918-LST-068103,"Caernarvon, TWP of - LST (068103)",MUNICIPAL
PA,TAX578,42-011-1215918-LST-068103,"Caernarvon, TWP of - LST (068103)",SCHOOL
PA,TAX1717,42-007-1214876-EIT-047404,"Georgetown, BORO of - EIT",MUNICIPAL
PA,TAX1717,42-007-1214876-EIT-047404,"Georgetown, BORO of - EIT",SCHOOL
PA,TAX962,42-075-1215363-EIT-381303,"Cornwall, BORO of - EIT",MUNICIPAL
PA,TAX962,42-075-1215363-EIT-381303,"Cornwall, BORO of - EIT",SCHOOL
PA,TAX3531,42-129-1215711-LST-652603,"Murrysville, BORO of - LST",MUNICIPAL
PA,TAX3531,42-129-1215711-LST-652603,"Murrysville, BORO of - LST",SCHOOL
PA,TAX400,42-039-1215130-EIT-204703,"Blooming Valley, BORO of-EIT",MUNICIPAL
PA,TAX400,42-039-1215130-EIT-204703,"Blooming Valley, BORO of-EIT",SCHOOL
PA,TAX5723,42-051-1215237-EIT-260303,"Smithfield, BORO of - EIT",MUNICIPAL
PA,TAX5723,42-051-1215237-EIT-260303,"Smithfield, BORO of - EIT",SCHOOL
PA,TAX1177,42-061-1216507-EIT-317503,"Dublin, TWP of - EIT (317503)",MUNICIPAL
PA,TAX1177,42-061-1216507-EIT-317503,"Dublin, TWP of - EIT (317503)",SCHOOL
PA,TAX256,42-109-1215574-EIT-555003,"Beavertown, BORO of - EIT",MUNICIPAL
PA,TAX256,42-109-1215574-EIT-555003,"Beavertown, BORO of - EIT",SCHOOL
PA,TAX919,42-051-1215224-EIT-261302,"Connellsville, City of - EIT",MUNICIPAL
PA,TAX919,42-051-1215224-EIT-261302,"Connellsville, City of - EIT",SCHOOL
PA,TAX2074,42-005-1215846-EIT-160303,"Hovey, TWP of - EIT",MUNICIPAL
PA,TAX2074,42-005-1215846-EIT-160303,"Hovey, TWP of - EIT",SCHOOL
PA,TAX329,42-011-1214910-LST-068003,"Bernville, BORO of - LST",MUNICIPAL
PA,TAX329,42-011-1214910-LST-068003,"Bernville, BORO of - LST",SCHOOL
PA,TAX3329,42-085-1216809-EIT-433903,"Mill Creek, TWP of - EIT (433903)",MUNICIPAL
PA,TAX3329,42-085-1216809-EIT-433903,"Mill Creek, TWP of - EIT (433903)",SCHOOL
PA,TAX6731,42-003-1214839-EIT-029603,"Whitaker, BORO of - EIT",MUNICIPAL
PA,TAX6731,42-003-1214839-EIT-029603,"Whitaker, BORO of - EIT",SCHOOL
PA,TAX6232,42-125-1217209-EIT-637002,"Union, TWP of - EIT (637002)",MUNICIPAL
PA,TAX6232,42-125-1217209-EIT-637002,"Union, TWP of - EIT (637002)",SCHOOL
PA,TAX2298,42-011-1215929-EIT-068003,"Jefferson, TWP of - EIT (068003)",MUNICIPAL
PA,TAX2298,42-011-1215929-EIT-068003,"Jefferson, TWP of - EIT (068003)",SCHOOL
PA,TAX2008,42-001-1215785-EIT-013753,"Highland, TWP of - EIT (013753)",MUNICIPAL
PA,TAX2008,42-001-1215785-EIT-013753,"Highland, TWP of - EIT (013753)",SCHOOL
PA,TAX5962,42-071-1215349-LST-363603,"Strasburg, BORO of - LST",MUNICIPAL
PA,TAX5962,42-071-1215349-LST-363603,"Strasburg, BORO of - LST",SCHOOL
PA,TAX3808,42-035-1216267-EIT-183602,"Noyes, TWP of - EIT",MUNICIPAL
PA,TAX3808,42-035-1216267-EIT-183602,"Noyes, TWP of - EIT",SCHOOL
PA,TAX1666,42-109-1215575-LST-557103,"Freeburg, BORO of - LST",MUNICIPAL
PA,TAX1666,42-109-1215575-LST-557103,"Freeburg, BORO of - LST",SCHOOL
PA,TAX5355,42-035-1215119-LST-183602,"Renovo, BORO of - LST",MUNICIPAL
PA,TAX5355,42-035-1215119-LST-183602,"Renovo, BORO of - LST",SCHOOL
PA,TAX766,42-003-1214782-LST-029902,"Churchill, BORO of - LST",MUNICIPAL
PA,TAX766,42-003-1214782-LST-029902,"Churchill, BORO of - LST",SCHOOL
PA,TAX1883,42-041-1216334-EIT-211603,"Hampden, TWP of - EIT",MUNICIPAL
PA,TAX1883,42-041-1216334-EIT-211603,"Hampden, TWP of - EIT",SCHOOL
PA,TAX1711,42-021-1215023-LST-112502,"Geistown, BORO of - LST (112502)",MUNICIPAL
PA,TAX1711,42-021-1215023-LST-112502,"Geistown, BORO of - LST (112502)",SCHOOL
PA,TAX3793,42-077-1216693-LST-395103,"North Whitehall, TWP of - LST",MUNICIPAL
PA,TAX3793,42-077-1216693-LST-395103,"North Whitehall, TWP of - LST",SCHOOL
PA,TAX6121,42-091-1216873-LST-465702,"Towamencin, TWP of - LST",MUNICIPAL
PA,TAX6121,42-091-1216873-LST-465702,"Towamencin, TWP of - LST",SCHOOL
PA,TAX1047,42-069-1215318-LST-665003,"Dalton, BORO of - LST",MUNICIPAL
PA,TAX1047,42-069-1215318-LST-665003,"Dalton, BORO of - LST",SCHOOL
PA,TAX3101,42-125-1215671-EIT-631003,"Marianna, BORO of - EIT",MUNICIPAL
PA,TAX3101,42-125-1215671-EIT-631003,"Marianna, BORO of - EIT",SCHOOL
PA,TAX1793,42-059-1216491-EIT-306503,"Greene, TWP of - EIT (306503)",MUNICIPAL
PA,TAX1793,42-059-1216491-EIT-306503,"Greene, TWP of - EIT (306503)",SCHOOL
PA,TAX6083,42-069-1215330-EIT-355503,"Throop, BORO of - EIT",MUNICIPAL
PA,TAX6083,42-069-1215330-EIT-355503,"Throop, BORO of - EIT",SCHOOL
PA,TAX6129,42-107-1215572-LST-548803,"Tower City, BORO of - LST",MUNICIPAL
PA,TAX6129,42-107-1215572-LST-548803,"Tower City, BORO of - LST",SCHOOL
PA,TAX428,42-011-1214912-EIT-060753,"Boyertown, BORO of - EIT",MUNICIPAL
PA,TAX428,42-011-1214912-EIT-060753,"Boyertown, BORO of - EIT",SCHOOL
PA,TAX1116,42-093-1216889-EIT-471803,"Derry, TWP of - EIT (471803)",MUNICIPAL
PA,TAX1116,42-093-1216889-EIT-471803,"Derry, TWP of - EIT (471803)",SCHOOL
PA,TAX1098,42-089-1217397-LST-456003,"Delaware Water Gap, BORO of-LST",MUNICIPAL
PA,TAX1098,42-089-1217397-LST-456003,"Delaware Water Gap, BORO of-LST",SCHOOL
PA,TAX6508,42-127-1215689-LST-648903,"Waymart, BORO of - LST",MUNICIPAL
PA,TAX6508,42-127-1215689-LST-648903,"Waymart, BORO of - LST",SCHOOL
PA,TAX303,42-003-1214769-LST-020753,"Ben Avon Heights, BORO of-LST",MUNICIPAL
PA,TAX303,42-003-1214769-LST-020753,"Ben Avon Heights, BORO of-LST",SCHOOL
PA,TAX6156,42-017-1214981-EIT-098403,"Trumbauersville, BORO of-EIT",MUNICIPAL
PA,TAX6156,42-017-1214981-EIT-098403,"Trumbauersville, BORO of-EIT",SCHOOL
PA,TAX407,42-117-1215620-LST-597003,"Blossburg, BORO of - LST",MUNICIPAL
PA,TAX407,42-117-1215620-LST-597003,"Blossburg, BORO of - LST",SCHOOL
PA,TAX456,42-131-1217262-EIT-089003,"Braintrim, TWP of - EIT",MUNICIPAL
PA,TAX456,42-131-1217262-EIT-089003,"Braintrim, TWP of - EIT",SCHOOL
PA,TAX798,42-021-1216077-LST-111203,"Clearfield, TWP of - LST (111203)",MUNICIPAL
PA,TAX798,42-021-1216077-LST-111203,"Clearfield, TWP of - LST (111203)",SCHOOL
PA,TAX3084,42-129-1215708-EIT-653802,"Manor, BORO of - EIT (653802)",MUNICIPAL
PA,TAX3084,42-129-1215708-EIT-653802,"Manor, BORO of - EIT (653802)",SCHOOL
PA,TAX5972,42-121-1215643-LST-618603,"Sugarcreek, BORO of - LST",MUNICIPAL
PA,TAX5972,42-121-1215643-LST-618603,"Sugarcreek, BORO of - LST",SCHOOL
PA,TAX5912,42-011-1215948-LST-069103,"Spring, TWP of - LST (069103)",MUNICIPAL
PA,TAX5912,42-011-1215948-LST-069103,"Spring, TWP of - LST (069103)",SCHOOL
PA,TAX732,42-063-1215284-LST-173504,"Cherry Tree, BORO of - LST",MUNICIPAL
PA,TAX732,42-063-1215284-LST-173504,"Cherry Tree, BORO of - LST",SCHOOL
PA,TAX1066,42-005-1214847-EIT-030852,"Dayton, BORO of - EIT",MUNICIPAL
PA,TAX1066,42-005-1214847-EIT-030852,"Dayton, BORO of - EIT",SCHOOL
PA,TAX2076,42-027-1215056-EIT-141003,"Howard, BORO of - EIT",MUNICIPAL
PA,TAX2076,42-027-1215056-EIT-141003,"Howard, BORO of - EIT",SCHOOL
PA,TAX2347,42-081-1216752-EIT-412003,"Jordan, TWP of - EIT (412003)",MUNICIPAL
PA,TAX2347,42-081-1216752-EIT-412003,"Jordan, TWP of - EIT (412003)",SCHOOL
PA,TAX2021,42-017-1216019-EIT-465702,"Hilltown, TWP of - EIT (465702)",MUNICIPAL
PA,TAX2021,42-017-1216019-EIT-465702,"Hilltown, TWP of - EIT (465702)",SCHOOL
PA,TAX5464,42-003-1215828-LST-026902,"Ross, TWP of - LST (026902)",MUNICIPAL
PA,TAX5464,42-003-1215828-LST-026902,"Ross, TWP of - LST (026902)",SCHOOL
PA,TAX5159,42-081-1216769-LST-598503,"Pine, TWP of - LST (598503)",MUNICIPAL
PA,TAX5159,42-081-1216769-LST-598503,"Pine, TWP of - LST (598503)",SCHOOL
PA,TAX6462,42-129-1217261-EIT-654403,"Washington, TWP of - EIT (654403)",MUNICIPAL
PA,TAX6462,42-129-1217261-EIT-654403,"Washington, TWP of - EIT (654403)",SCHOOL
PA,TAX6162,42-131-1215735-EIT-667503,"Tunkhannock, BORO of - EIT",MUNICIPAL
PA,TAX6162,42-131-1215735-EIT-667503,"Tunkhannock, BORO of - EIT",SCHOOL
PA,TAX1366,42-007-1214871-LST-040703,"Economy, BORO of - LST",MUNICIPAL
PA,TAX1366,42-007-1214871-LST-040703,"Economy, BORO of - LST",SCHOOL
PA,TAX1786,42-059-1216490-LST-308503,"Gray, TWP of - LST",MUNICIPAL
PA,TAX1786,42-059-1216490-LST-308503,"Gray, TWP of - LST",SCHOOL
PA,TAX356,42-007-1215866-EIT-041503,"Big Beaver, BORO of - EIT",MUNICIPAL
PA,TAX356,42-007-1215866-EIT-041503,"Big Beaver, BORO of - EIT",SCHOOL
PA,TAX345,42-011-1215916-LST-068003,"Bethel, TWP of - LST (068003)",MUNICIPAL
PA,TAX345,42-011-1215916-LST-068003,"Bethel, TWP of - LST (068003)",SCHOOL
PA,TAX6712,42-029-1216197-LST-156603,"West Vincent, TWP of - LST",MUNICIPAL
PA,TAX6712,42-029-1216197-LST-156603,"West Vincent, TWP of - LST",SCHOOL
PA,TAX536,42-119-1217128-LST-605003,"Buffalo, TWP of - LST (605003)",MUNICIPAL
PA,TAX536,42-119-1217128-LST-605003,"Buffalo, TWP of - LST (605003)",SCHOOL
PA,TAX5681,42-007-1214890-EIT-047404,"Shippingport, BORO of - EIT",MUNICIPAL
PA,TAX5681,42-007-1214890-EIT-047404,"Shippingport, BORO of - EIT",SCHOOL
PA,TAX127,42-093-1216887-EIT-498003,"Anthony, TWP of - EIT (498003)",MUNICIPAL
PA,TAX127,42-093-1216887-EIT-498003,"Anthony, TWP of - EIT (498003)",SCHOOL
PA,TAX2844,42-003-1214805-LST-028653,"Liberty, BORO of - LST (028653)",MUNICIPAL
PA,TAX2844,42-003-1214805-LST-028653,"Liberty, BORO of - LST (028653)",SCHOOL
PA,TAX1253,42-029-1216149-LST-156603,"East Coventry, TWP of - LST",MUNICIPAL
PA,TAX1253,42-029-1216149-LST-156603,"East Coventry, TWP of - LST",SCHOOL
PA,TAX3025,42-043-1216362-LST-229003,"Lykens, TWP of - LST",MUNICIPAL
PA,TAX3025,42-043-1216362-LST-229003,"Lykens, TWP of - LST",SCHOOL
PA,TAX5791,42-015-1215993-LST-086653,"South Creek, TWP of - LST",MUNICIPAL
PA,TAX5791,42-015-1215993-LST-086653,"South Creek, TWP of - LST",SCHOOL
PA,TAX3729,42-095-1215499-LST-391303,"North Catasauqua, BORO of-LST",MUNICIPAL
PA,TAX3729,42-095-1215499-LST-391303,"North Catasauqua, BORO of-LST",SCHOOL
PA,TAX5610,42-019-1217441-LST-107903,"Seven Fields, BORO of - LST",MUNICIPAL
PA,TAX5610,42-019-1217441-LST-107903,"Seven Fields, BORO of - LST",SCHOOL
PA,TAX5420,42-011-1214925-LST-061103,"Robesonia, BORO of - LST",MUNICIPAL
PA,TAX5420,42-011-1214925-LST-061103,"Robesonia, BORO of - LST",SCHOOL
PA,TAX1296,42-133-1217286-EIT-674403,"East Manchester, TWP of - EIT",MUNICIPAL
PA,TAX1296,42-133-1217286-EIT-674403,"East Manchester, TWP of - EIT",SCHOOL
PA,TAX770,42-105-1216970-LST-537504,"Clara, TWP of - LST",MUNICIPAL
PA,TAX770,42-105-1216970-LST-537504,"Clara, TWP of - LST",SCHOOL
PA,TAX6680,42-029-1216194-LST-152003,"West Pikeland, TWP of - LST",MUNICIPAL
PA,TAX6680,42-029-1216194-LST-152003,"West Pikeland, TWP of - LST",SCHOOL
PA,TAX6152,42-015-1215999-EIT-086653,"Troy, TWP of - EIT (086653)",MUNICIPAL
PA,TAX6152,42-015-1215999-EIT-086653,"Troy, TWP of - EIT (086653)",SCHOOL
PA,TAX5232,42-023-1216105-LST-122703,"Portage, TWP of - LST (122703)",MUNICIPAL
PA,TAX5232,42-023-1216105-LST-122703,"Portage, TWP of - LST (122703)",SCHOOL
PA,TAX510,42-051-1215223-EIT-260803,"Brownsville, BORO of - EIT",MUNICIPAL
PA,TAX510,42-051-1215223-EIT-260803,"Brownsville, BORO of - EIT",SCHOOL
PA,TAX636,42-001-1214755-LST-013054,"Carroll Valley, BORO of - LST",MUNICIPAL
PA,TAX636,42-001-1214755-LST-013054,"Carroll Valley, BORO of - LST",SCHOOL
PA,TAX3741,42-049-1215216-LST-258303,"North East, BORO of - LST",MUNICIPAL
PA,TAX3741,42-049-1215216-LST-258303,"North East, BORO of - LST",SCHOOL
PA,TAX147,42-015-1215972-EIT-086653,"Armenia, TWP of - EIT",MUNICIPAL
PA,TAX147,42-015-1215972-EIT-086653,"Armenia, TWP of - EIT",SCHOOL
PA,TAX6749,42-007-1214894-EIT-041503,"White, TWP of - EIT (041503)",MUNICIPAL
PA,TAX6749,42-007-1214894-EIT-041503,"White, TWP of - EIT (041503)",SCHOOL
PA,TAX619,42-061-1216503-EIT-058003,"Carbon, TWP of - EIT",MUNICIPAL
PA,TAX619,42-061-1216503-EIT-058003,"Carbon, TWP of - EIT",SCHOOL
PA,TAX1821,42-053-1216452-LST-272003,"Green, TWP of - LST (272003)",MUNICIPAL
PA,TAX1821,42-053-1216452-LST-272003,"Green, TWP of - LST (272003)",SCHOOL
PA,TAX3027,42-077-1216692-LST-394603,"Lynn, TWP of - LST",MUNICIPAL
PA,TAX3027,42-077-1216692-LST-394603,"Lynn, TWP of - LST",SCHOOL
PA,TAX417,42-033-1216226-LST-177003,"Boggs, TWP of - LST (177003)",MUNICIPAL
PA,TAX417,42-033-1216226-LST-177003,"Boggs, TWP of - LST (177003)",SCHOOL
PA,TAX5527,42-129-1217256-EIT-653203,"Salem, TWP of - EIT (653203)",MUNICIPAL
PA,TAX5527,42-129-1217256-EIT-653203,"Salem, TWP of - EIT (653203)",SCHOOL
PA,TAX6701,42-019-1215006-EIT-105353,"West Sunbury, BORO of - EIT",MUNICIPAL
PA,TAX6701,42-019-1215006-EIT-105353,"West Sunbury, BORO of - EIT",SCHOOL
PA,TAX5538,42-077-1216694-EIT-395603,"Salisbury, TWP of - EIT (395603)",MUNICIPAL
PA,TAX5538,42-077-1216694-EIT-395603,"Salisbury, TWP of - EIT (395603)",SCHOOL
PA,TAX6101,42-053-1216458-EIT-272003,"Tionesta, TWP of - EIT",MUNICIPAL
PA,TAX6101,42-053-1216458-EIT-272003,"Tionesta, TWP of - EIT",SCHOOL
PA,TAX1112,42-129-1215696-EIT-651603,"Derry, BORO of - EIT",MUNICIPAL
PA,TAX1112,42-129-1215696-EIT-651603,"Derry, BORO of - EIT",SCHOOL
PA,TAX5638,42-111-1215597-LST-567404,"Shanksville, BORO of - LST",MUNICIPAL
PA,TAX5638,42-111-1215597-LST-567404,"Shanksville, BORO of - LST",SCHOOL
PA,TAX3004,42-021-1216086-EIT-112502,"Lower Yoder, TWP of - EIT",MUNICIPAL
PA,TAX3004,42-021-1216086-EIT-112502,"Lower Yoder, TWP of - EIT",SCHOOL
PA,TAX6064,42-015-1215997-LST-089003,"Terry, TWP of - LST",MUNICIPAL
PA,TAX6064,42-015-1215997-LST-089003,"Terry, TWP of - LST",SCHOOL
PA,TAX367,42-011-1214911-LST-061503,"Birdsboro, BORO of - LST",MUNICIPAL
PA,TAX367,42-011-1214911-LST-061503,"Birdsboro, BORO of - LST",SCHOOL
PA,TAX6505,42-069-1216591-EIT-350303,"Waverly, TWP of - EIT",MUNICIPAL
PA,TAX6505,42-069-1216591-EIT-350303,"Waverly, TWP of - EIT",SCHOOL
PA,TAX6025,42-043-1216369-LST-221402,"Swatara, TWP of - LST (221402)",MUNICIPAL
PA,TAX6025,42-043-1216369-LST-221402,"Swatara, TWP of - LST (221402)",SCHOOL
PA,TAX589,42-029-1216144-EIT-151902,"Caln, TWP of - EIT",MUNICIPAL
PA,TAX589,42-029-1216144-EIT-151902,"Caln, TWP of - EIT",SCHOOL
PA,TAX544,42-015-1214950-EIT-086653,"Burlington, BORO of - EIT",MUNICIPAL
PA,TAX544,42-015-1214950-EIT-086653,"Burlington, BORO of - EIT",SCHOOL
PA,TAX2320,42-053-1216456-EIT-272003,"Jenks, TWP of - EIT",MUNICIPAL
PA,TAX2320,42-053-1216456-EIT-272003,"Jenks, TWP of - EIT",SCHOOL
PA,TAX5863,42-039-1215141-EIT-201033,"Springboro, BORO of - EIT",MUNICIPAL
PA,TAX5863,42-039-1215141-EIT-201033,"Springboro, BORO of - EIT",SCHOOL
PA,TAX6048,42-027-1216139-EIT-078003,"Taylor, TWP of - EIT (078003)",MUNICIPAL
PA,TAX6048,42-027-1216139-EIT-078003,"Taylor, TWP of - EIT (078003)",SCHOOL
PA,TAX810,42-081-1216744-EIT-415004,"Clinton, TWP of - EIT (415004)",MUNICIPAL
PA,TAX810,42-081-1216744-EIT-415004,"Clinton, TWP of - EIT (415004)",SCHOOL
PA,TAX6874,42-015-1214961-EIT-089003,"Wyalusing, BORO of - EIT",MUNICIPAL
PA,TAX6874,42-015-1214961-EIT-089003,"Wyalusing, BORO of - EIT",SCHOOL
PA,TAX6609,42-117-1217127-EIT-596003,"Westfield, TWP of - EIT",MUNICIPAL
PA,TAX6609,42-117-1217127-EIT-596003,"Westfield, TWP of - EIT",SCHOOL
PA,TAX5122,42-033-1216245-EIT-171803,"Pike, TWP of - EIT (171803)",MUNICIPAL
PA,TAX5122,42-033-1216245-EIT-171803,"Pike, TWP of - EIT (171803)",SCHOOL
PA,TAX3255,42-117-1217116-LST-598503,"Middlebury, TWP of - LST",MUNICIPAL
PA,TAX3255,42-117-1217116-LST-598503,"Middlebury, TWP of - LST",SCHOOL
PA,TAX2963,42-097-1216922-LST-493503,"Lower Mahanoy, TWP of - LST",MUNICIPAL
PA,TAX2963,42-097-1216922-LST-493503,"Lower Mahanoy, TWP of - LST",SCHOOL
PA,TAX2821,42-115-1217091-LST-584603,"Lenox, TWP of - LST",MUNICIPAL
PA,TAX2821,42-115-1217091-LST-584603,"Lenox, TWP of - LST",SCHOOL
PA,TAX3629,42-029-1216169-EIT-150503,"New London, TWP of - EIT",MUNICIPAL
PA,TAX3629,42-029-1216169-EIT-150503,"New London, TWP of - EIT",SCHOOL
PA,TAX6894,42-133-1215770-LST-671603,"Yoe, BORO of - LST",MUNICIPAL
PA,TAX6894,42-133-1215770-LST-671603,"Yoe, BORO of - LST",SCHOOL
PA,TAX167,42-003-1214763-EIT-023912,"Aspinwall, BORO of - EIT",MUNICIPAL
PA,TAX167,42-003-1214763-EIT-023912,"Aspinwall, BORO of - EIT",SCHOOL
PA,TAX3092,42-005-1214854-EIT-030852,"Manorville, BORO of - EIT",MUNICIPAL
PA,TAX3092,42-005-1214854-EIT-030852,"Manorville, BORO of - EIT",SCHOOL
PA,TAX1186,42-051-1215226-EIT-261302,"Dunbar, BORO of - EIT",MUNICIPAL
PA,TAX1186,42-051-1215226-EIT-261302,"Dunbar, BORO of - EIT",SCHOOL
PA,TAX1195,42-117-1217107-LST-598503,"Duncan, TWP of - LST",MUNICIPAL
PA,TAX1195,42-117-1217107-LST-598503,"Duncan, TWP of - LST",SCHOOL
PA,TAX3131,42-013-1214943-EIT-077503,"Martinsburg, BORO of - EIT",MUNICIPAL
PA,TAX3131,42-013-1214943-EIT-077503,"Martinsburg, BORO of - EIT",SCHOOL
PA,TAX1637,42-049-1216412-EIT-253903,"Franklin, TWP of - EIT (253903)",MUNICIPAL
PA,TAX1637,42-049-1216412-EIT-253903,"Franklin, TWP of - EIT (253903)",SCHOOL
PA,TAX3164,42-081-1216757-EIT-414003,"McHenry, TWP of - EIT",MUNICIPAL
PA,TAX3164,42-081-1216757-EIT-414003,"McHenry, TWP of - EIT",SCHOOL
PA,TAX6671,42-033-1215112-EIT-173504,"Westover, BORO of - EIT",MUNICIPAL
PA,TAX6671,42-033-1215112-EIT-173504,"Westover, BORO of - EIT",SCHOOL
PA,TAX1110,42-071-1215335-LST-361303,"Denver, BORO of - LST",MUNICIPAL
PA,TAX1110,42-071-1215335-LST-361303,"Denver, BORO of - LST",SCHOOL
PA,TAX5045,42-079-1215404-LST-401403,"Penn Lake Park, BORO of - LST",MUNICIPAL
PA,TAX5045,42-079-1215404-LST-401403,"Penn Lake Park, BORO of - LST",SCHOOL
PA,TAX6769,42-013-1214947-LST-079004,"Williamsburg, BORO of - LST",MUNICIPAL
PA,TAX6769,42-013-1214947-LST-079004,"Williamsburg, BORO of - LST",SCHOOL
PA,TAX3655,42-129-1215715-EIT-653802,"New Stanton, BORO of - EIT",MUNICIPAL
PA,TAX3655,42-129-1215715-EIT-653802,"New Stanton, BORO of - EIT",SCHOOL
PA,TAX3404,42-131-1217271-EIT-667503,"Monroe, TWP of - EIT (667503)",MUNICIPAL
PA,TAX3404,42-131-1217271-EIT-667503,"Monroe, TWP of - EIT (667503)",SCHOOL
PA,TAX1998,42-015-1215981-EIT-089003,"Herrick, TWP of - EIT (089003)",MUNICIPAL
PA,TAX1998,42-015-1215981-EIT-089003,"Herrick, TWP of - EIT (089003)",SCHOOL
PA,TAX3506,42-071-1215345-EIT-363103,"Mountville, BORO of - EIT",MUNICIPAL
PA,TAX3506,42-071-1215345-EIT-363103,"Mountville, BORO of - EIT",SCHOOL
PA,TAX5342,42-031-1216217-LST-168003,"Redbank, TWP of - LST (168003)",MUNICIPAL
PA,TAX5342,42-031-1216217-LST-168003,"Redbank, TWP of - LST (168003)",SCHOOL
PA,TAX1747,42-007-1214877-EIT-049303,"Glasgow, BORO of - EIT",MUNICIPAL
PA,TAX1747,42-007-1214877-EIT-049303,"Glasgow, BORO of - EIT",SCHOOL
PA,TAX6486,42-131-1217278-LST-667503,"Washington, TWP of - LST (667503)",MUNICIPAL
PA,TAX6486,42-131-1217278-LST-667503,"Washington, TWP of - LST (667503)",SCHOOL
PA,TAX2861,42-057-1216479-LST-291304,"Licking Creek, TWP of - LST",MUNICIPAL
PA,TAX2861,42-057-1216479-LST-291304,"Licking Creek, TWP of - LST",SCHOOL
PA,TAX3609,42-129-1215713-EIT-654903,"New Florence, BORO of - EIT",MUNICIPAL
PA,TAX3609,42-129-1215713-EIT-654903,"New Florence, BORO of - EIT",SCHOOL
PA,TAX1246,42-097-1216916-EIT-495003,"East Chillisquaque, TWP of-EIT",MUNICIPAL
PA,TAX1246,42-097-1216916-EIT-495003,"East Chillisquaque, TWP of-EIT",SCHOOL
PA,TAX5658,42-085-1216818-EIT-437503,"Shenango, TWP of - EIT (437503)",MUNICIPAL
PA,TAX5658,42-085-1216818-EIT-437503,"Shenango, TWP of - EIT (437503)",SCHOOL
PA,TAX1586,42-113-1217071-EIT-576303,"Forks, TWP of - EIT (576303)",MUNICIPAL
PA,TAX1586,42-113-1217071-EIT-576303,"Forks, TWP of - EIT (576303)",SCHOOL
PA,TAX2981,42-029-1216167-LST-156703,"Lower Oxford, TWP of - LST",MUNICIPAL
PA,TAX2981,42-029-1216167-LST-156703,"Lower Oxford, TWP of - LST",SCHOOL
PA,TAX905,42-043-1216353-LST-224003,"Conewago, TWP of - LST (224003)",MUNICIPAL
PA,TAX905,42-043-1216353-LST-224003,"Conewago, TWP of - LST (224003)",SCHOOL
PA,TAX1979,42-129-1217239-EIT-653802,"Hempfield, TWP of - EIT (653802)",MUNICIPAL
PA,TAX1979,42-129-1217239-EIT-653802,"Hempfield, TWP of - EIT (653802)",SCHOOL
PA,TAX1359,42-131-1217264-EIT-667503,"Eaton, TWP of - EIT",MUNICIPAL
PA,TAX1359,42-131-1217264-EIT-667503,"Eaton, TWP of - EIT",SCHOOL
PA,TAX1620,42-007-1214874-LST-047404,"Frankfort Springs, BORO of-LST",MUNICIPAL
PA,TAX1620,42-007-1214874-LST-047404,"Frankfort Springs, BORO of-LST",SCHOOL
PA,TAX4955,42-117-1729683-EIT-596003,"Osceola, TWP of - EIT",MUNICIPAL
PA,TAX4955,42-117-1729683-EIT-596003,"Osceola, TWP of - EIT",SCHOOL
PA,TAX6440,42-125-1215680-LST-638803,"Washington, City of - LST",MUNICIPAL
PA,TAX6440,42-125-1215680-LST-638803,"Washington, City of - LST",SCHOOL
PA,TAX3056,42-093-1216892-EIT-471803,"Mahoning, TWP of - EIT (471803)",MUNICIPAL
PA,TAX3056,42-093-1216892-EIT-471803,"Mahoning, TWP of - EIT (471803)",SCHOOL
PA,TAX1394,42-089-1216837-EIT-455203,"Eldred, TWP of - EIT (455203)",MUNICIPAL
PA,TAX1394,42-089-1216837-EIT-455203,"Eldred, TWP of - EIT (455203)",SCHOOL
PA,TAX5592,42-073-1216662-LST-374003,"Scott, TWP of - LST (374003)",MUNICIPAL
PA,TAX5592,42-073-1216662-LST-374003,"Scott, TWP of - LST (374003)",SCHOOL
PA,TAX1946,42-003-1214800-LST-027753,"Haysville, BORO of - LST",MUNICIPAL
PA,TAX1946,42-003-1214800-LST-027753,"Haysville, BORO of - LST",SCHOOL
PA,TAX5587,42-069-1216608-EIT-354603,"Scott, TWP of - EIT (354603)",MUNICIPAL
PA,TAX5587,42-069-1216608-EIT-354603,"Scott, TWP of - EIT (354603)",SCHOOL
PA,TAX5564,42-019-1215002-EIT-107803,"Saxonburg, BORO of - EIT",MUNICIPAL
PA,TAX5564,42-019-1215002-EIT-107803,"Saxonburg, BORO of - EIT",SCHOOL
PA,TAX1157,42-133-1215740-LST-671803,"Dover, BORO of - LST",MUNICIPAL
PA,TAX1157,42-133-1215740-LST-671803,"Dover, BORO of - LST",SCHOOL
PA,TAX2065,42-091-1216856-LST-463603,"Horsham, TWP of - LST",MUNICIPAL
PA,TAX2065,42-091-1216856-LST-463603,"Horsham, TWP of - LST",SCHOOL
PA,TAX1516,42-033-1217324-EIT-172003,"Falls Creek, BORO of - EIT (172003)",MUNICIPAL
PA,TAX1516,42-033-1217324-EIT-172003,"Falls Creek, BORO of - EIT (172003)",SCHOOL
PA,TAX319,42-037-1215122-LST-191004,"Benton, BORO of - LST",MUNICIPAL
PA,TAX319,42-037-1215122-LST-191004,"Benton, BORO of - LST",SCHOOL
PA,TAX2917,42-013-1215965-LST-070502,"Logan, TWP of - LST (070502)",MUNICIPAL
PA,TAX2917,42-013-1215965-LST-070502,"Logan, TWP of - LST (070502)",SCHOOL
PA,TAX6170,42-021-1217320-LST-116003,"Tunnelhill, BORO of - LST (116003)",MUNICIPAL
PA,TAX6170,42-021-1217320-LST-116003,"Tunnelhill, BORO of - LST (116003)",SCHOOL
PA,TAX115,42-007-1214862-LST-040703,"Ambridge, BORO of - LST",MUNICIPAL
PA,TAX115,42-007-1214862-LST-040703,"Ambridge, BORO of - LST",SCHOOL
PA,TAX305,42-001-1214752-LST-018523,"Bendersville, BORO of - LST",MUNICIPAL
PA,TAX305,42-001-1214752-LST-018523,"Bendersville, BORO of - LST",SCHOOL
PA,TAX2958,42-011-1215932-EIT-069103,"Lower Heidelberg, TWP of-EIT",MUNICIPAL
PA,TAX2958,42-011-1215932-EIT-069103,"Lower Heidelberg, TWP of-EIT",SCHOOL
PA,TAX6364,42-039-1216324-EIT-204703,"Venango, TWP of - EIT (204703)",MUNICIPAL
PA,TAX6364,42-039-1216324-EIT-204703,"Venango, TWP of - EIT (204703)",SCHOOL
PA,TAX6332,42-111-1215600-EIT-568404,"Ursina, BORO of - EIT",MUNICIPAL
PA,TAX6332,42-111-1215600-EIT-568404,"Ursina, BORO of - EIT",SCHOOL
PA,TAX3015,42-055-1216465-LST-281302,"Lurgan, TWP of - LST",MUNICIPAL
PA,TAX3015,42-055-1216465-LST-281302,"Lurgan, TWP of - LST",SCHOOL
PA,TAX5140,42-123-1217170-EIT-628302,"Pine Grove, TWP of - EIT (628302)",MUNICIPAL
PA,TAX5140,42-123-1217170-EIT-628302,"Pine Grove, TWP of - EIT (628302)",SCHOOL
PA,TAX1996,42-097-1215509-EIT-493503,"Herndon, BORO of - EIT",MUNICIPAL
PA,TAX1996,42-097-1215509-EIT-493503,"Herndon, BORO of - EIT",SCHOOL
PA,TAX5146,42-033-1216246-EIT-171003,"Pine, TWP of - EIT (171003)",MUNICIPAL
PA,TAX5146,42-033-1216246-EIT-171003,"Pine, TWP of - EIT (171003)",SCHOOL
PA,TAX3618,42-091-1216867-LST-060753,"New Hanover, TWP of - LST",MUNICIPAL
PA,TAX3618,42-091-1216867-LST-060753,"New Hanover, TWP of - LST",SCHOOL
PA,TAX2359,42-013-1215964-LST-073503,"Juniata, TWP of - LST (073503)",MUNICIPAL
PA,TAX2359,42-013-1215964-LST-073503,"Juniata, TWP of - LST (073503)",SCHOOL
PA,TAX6184,42-067-1216589-LST-343603,"Tuscarora, TWP of - LST (343603)",MUNICIPAL
PA,TAX6184,42-067-1216589-LST-343603,"Tuscarora, TWP of - LST (343603)",SCHOOL
PA,TAX819,42-127-1217216-LST-648903,"Clinton, TWP of - LST (648903)",MUNICIPAL
PA,TAX819,42-127-1217216-LST-648903,"Clinton, TWP of - LST (648903)",SCHOOL
PA,TAX3160,42-125-1217317-LST-632403,"McDonald, BORO of - LST (632403)",MUNICIPAL
PA,TAX3160,42-125-1217317-LST-632403,"McDonald, BORO of - LST (632403)",SCHOOL
PA,TAX5019,42-007-1215882-EIT-041603,"Patterson, TWP of - EIT",MUNICIPAL
PA,TAX5019,42-007-1215882-EIT-041603,"Patterson, TWP of - EIT",SCHOOL
PA,TAX2425,42-011-1214917-LST-064003,"Kutztown, BORO of - LST",MUNICIPAL
PA,TAX2425,42-011-1214917-LST-064003,"Kutztown, BORO of - LST",SCHOOL
PA,TAX2858,42-093-1216890-LST-471803,"Liberty, TWP of - LST (471803)",MUNICIPAL
PA,TAX2858,42-093-1216890-LST-471803,"Liberty, TWP of - LST (471803)",SCHOOL
PA,TAX5393,42-047-1216405-LST-246003,"Ridgway, TWP of - LST (246003)",MUNICIPAL
PA,TAX5393,42-047-1216405-LST-246003,"Ridgway, TWP of - LST (246003)",SCHOOL
PA,TAX6406,42-095-1215505-LST-394503,"Walnutport, BORO of - LST",MUNICIPAL
PA,TAX6406,42-095-1215505-LST-394503,"Walnutport, BORO of - LST",SCHOOL
PA,TAX5584,42-129-1215720-LST-657503,"Scottdale, BORO of - LST",MUNICIPAL
PA,TAX5584,42-129-1215720-LST-657503,"Scottdale, BORO of - LST",SCHOOL
PA,TAX830,42-125-1215659-LST-631503,"Coal Center, BORO of - LST",MUNICIPAL
PA,TAX830,42-125-1215659-LST-631503,"Coal Center, BORO of - LST",SCHOOL
PA,TAX5760,42-069-1216609-EIT-350303,"South Abington, TWP of - EIT",MUNICIPAL
PA,TAX5760,42-069-1216609-EIT-350303,"South Abington, TWP of - EIT",SCHOOL
PA,TAX2799,42-003-1215813-LST-027753,"Leet, TWP of - LST",MUNICIPAL
PA,TAX2799,42-003-1215813-LST-027753,"Leet, TWP of - LST",SCHOOL
PA,TAX2885,42-061-1216512-EIT-312503,"Lincoln, TWP of - EIT (312503)",MUNICIPAL
PA,TAX2885,42-061-1216512-EIT-312503,"Lincoln, TWP of - EIT (312503)",SCHOOL
PA,TAX474,42-017-1216011-EIT-098003,"Bridgeton, TWP of - EIT",MUNICIPAL
PA,TAX474,42-017-1216011-EIT-098003,"Bridgeton, TWP of - EIT",SCHOOL
PA,TAX6316,42-091-1215485-EIT-467103,"Upper Salford, TWP of - EIT",MUNICIPAL
PA,TAX6316,42-091-1215485-EIT-467103,"Upper Salford, TWP of - EIT",SCHOOL
PA,TAX6776,42-095-1216912-LST-488603,"Williams, TWP of - LST (488603)",MUNICIPAL
PA,TAX6776,42-095-1216912-LST-488603,"Williams, TWP of - LST (488603)",SCHOOL
PA,TAX1314,42-095-1215493-EIT-483302,"Easton, City of - EIT",MUNICIPAL
PA,TAX1314,42-095-1215493-EIT-483302,"Easton, City of - EIT",SCHOOL
PA,TAX3154,42-109-1215576-EIT-555003,"McClure, BORO of - EIT",MUNICIPAL
PA,TAX3154,42-109-1215576-EIT-555003,"McClure, BORO of - EIT",SCHOOL
PA,TAX788,42-061-1216505-EIT-317503,"Clay, TWP of - EIT (317503)",MUNICIPAL
PA,TAX788,42-061-1216505-EIT-317503,"Clay, TWP of - EIT (317503)",SCHOOL
PA,TAX3608,42-051-1215233-LST-262903,"Newell, BORO of - LST",MUNICIPAL
PA,TAX3608,42-051-1215233-LST-262903,"Newell, BORO of - LST",SCHOOL
PA,TAX2933,42-011-1215930-LST-060853,"Longswamp, TWP of - LST",MUNICIPAL
PA,TAX2933,42-011-1215930-LST-060853,"Longswamp, TWP of - LST",SCHOOL
PA,TAX1510,42-049-1216411-LST-253303,"Fairview, TWP of - LST (253303)",MUNICIPAL
PA,TAX1510,42-049-1216411-LST-253303,"Fairview, TWP of - LST (253303)",SCHOOL
PA,TAX1805,42-049-1216415-LST-259703,"Greenfield, TWP of - LST (259703)",MUNICIPAL
PA,TAX1805,42-049-1216415-LST-259703,"Greenfield, TWP of - LST (259703)",SCHOOL
PA,TAX2400,42-087-1215456-EIT-316003,"Kistler, BORO of - EIT",MUNICIPAL
PA,TAX2400,42-087-1215456-EIT-316003,"Kistler, BORO of - EIT",SCHOOL
PA,TAX2941,42-041-1216336-LST-219002,"Lower Allen, TWP of - LST (219002)",MUNICIPAL
PA,TAX2941,42-041-1216336-LST-219002,"Lower Allen, TWP of - LST (219002)",SCHOOL
PA,TAX5985,42-079-1215409-EIT-403003,"Sugar Notch, BORO of - EIT",MUNICIPAL
PA,TAX5985,42-079-1215409-EIT-403003,"Sugar Notch, BORO of - EIT",SCHOOL
PA,TAX522,42-063-1216534-EIT-328003,"Brush Valley, TWP of - EIT",MUNICIPAL
PA,TAX522,42-063-1216534-EIT-328003,"Brush Valley, TWP of - EIT",SCHOOL
PA,TAX3019,42-051-1216438-LST-260803,"Luzerne, TWP of - LST",MUNICIPAL
PA,TAX3019,42-051-1216438-LST-260803,"Luzerne, TWP of - LST",SCHOOL
PA,TAX3328,42-081-1216761-EIT-412003,"Mill Creek, TWP of - EIT (412003)",MUNICIPAL
PA,TAX3328,42-081-1216761-EIT-412003,"Mill Creek, TWP of - EIT (412003)",SCHOOL
PA,TAX1868,42-001-1215784-LST-013054,"Hamiltonban, TWP of - LST",MUNICIPAL
PA,TAX1868,42-001-1215784-LST-013054,"Hamiltonban, TWP of - LST",SCHOOL
PA,TAX6067,42-127-1217231-LST-648303,"Texas, TWP of - LST (648303)",MUNICIPAL
PA,TAX6067,42-127-1217231-LST-648303,"Texas, TWP of - LST (648303)",SCHOOL
PA,TAX992,42-019-1216052-LST-107903,"Cranberry, TWP of - LST (107903)",MUNICIPAL
PA,TAX992,42-019-1216052-LST-107903,"Cranberry, TWP of - LST (107903)",SCHOOL
PA,TAX1832,42-099-1216939-EIT-503004,"Greenwood, TWP of - EIT (503004)",MUNICIPAL
PA,TAX1832,42-099-1216939-EIT-503004,"Greenwood, TWP of - EIT (503004)",SCHOOL
PA,TAX1664,42-085-1215438-LST-435303,"Fredonia, BORO of - LST",MUNICIPAL
PA,TAX1664,42-085-1215438-LST-435303,"Fredonia, BORO of - LST",SCHOOL
PA,TAX281,42-035-1216254-LST-183602,"Beech Creek, TWP of - LST",MUNICIPAL
PA,TAX281,42-035-1216254-LST-183602,"Beech Creek, TWP of - LST",SCHOOL
PA,TAX5593,42-069-1215328-EIT-357402,"Scranton, City of - EIT",MUNICIPAL
PA,TAX5593,42-069-1215328-EIT-357402,"Scranton, City of - EIT",SCHOOL
PA,TAX5105,42-061-1215276-LST-312804,"Petersburg, BORO of - LST",MUNICIPAL
PA,TAX5105,42-061-1215276-LST-312804,"Petersburg, BORO of - LST",SCHOOL
PA,TAX6590,42-075-1216686-LST-381303,"West Cornwall, TWP of - LST",MUNICIPAL
PA,TAX6590,42-075-1216686-LST-381303,"West Cornwall, TWP of - LST",SCHOOL
PA,TAX1670,42-013-1215961-EIT-077503,"Freedom, TWP of - EIT (077503)",MUNICIPAL
PA,TAX1670,42-013-1215961-EIT-077503,"Freedom, TWP of - EIT (077503)",SCHOOL
PA,TAX503,42-115-1217079-LST-584603,"Brooklyn, TWP of - LST",MUNICIPAL
PA,TAX503,42-115-1217079-LST-584603,"Brooklyn, TWP of - LST",SCHOOL
PA,TAX1520,42-007-1214873-LST-045653,"Fallston, BORO of - LST",MUNICIPAL
PA,TAX1520,42-007-1214873-LST-045653,"Fallston, BORO of - LST",SCHOOL
PA,TAX862,42-075-1216672-LST-385003,"Cold Spring, TWP of - LST",MUNICIPAL
PA,TAX862,42-075-1216672-LST-385003,"Cold Spring, TWP of - LST",SCHOOL
PA,TAX6649,42-029-1216191-EIT-158503,"West Marlborough, TWP of-EIT",MUNICIPAL
PA,TAX6649,42-029-1216191-EIT-158503,"West Marlborough, TWP of-EIT",SCHOOL
PA,TAX6566,42-125-1215682-LST-631503,"West Brownsville, BORO of-LST (631503)",MUNICIPAL
PA,TAX6566,42-125-1215682-LST-631503,"West Brownsville, BORO of-LST (631503)",SCHOOL
PA,TAX6034,42-065-1215304-LST-172003,"Sykesville, BORO of - LST",MUNICIPAL
PA,TAX6034,42-065-1215304-LST-172003,"Sykesville, BORO of - LST",SCHOOL
PA,TAX772,42-123-1215646-LST-628302,"Clarendon, BORO of - LST",MUNICIPAL
PA,TAX772,42-123-1215646-LST-628302,"Clarendon, BORO of - LST",SCHOOL
PA,TAX5843,42-015-1214957-EIT-086003,"South Waverly, BORO of - EIT",MUNICIPAL
PA,TAX5843,42-015-1214957-EIT-086003,"South Waverly, BORO of - EIT",SCHOOL
PA,TAX6032,42-079-1215410-LST-409302,"Swoyersville, BORO of - LST",MUNICIPAL
PA,TAX6032,42-079-1215410-LST-409302,"Swoyersville, BORO of - LST",SCHOOL
PA,TAX1897,42-095-1216901-LST-481002,"Hanover, TWP of - LST (481002)",MUNICIPAL
PA,TAX1897,42-095-1216901-LST-481002,"Hanover, TWP of - LST (481002)",SCHOOL
PA,TAX5788,42-029-1216176-EIT-156603,"South Coventry, TWP of - EIT",MUNICIPAL
PA,TAX5788,42-029-1216176-EIT-156603,"South Coventry, TWP of - EIT",SCHOOL
PA,TAX6011,42-021-1216096-EIT-114503,"Susquehanna, TWP of - EIT (114503)",MUNICIPAL
PA,TAX6011,42-021-1216096-EIT-114503,"Susquehanna, TWP of - EIT (114503)",SCHOOL
PA,TAX3062,42-011-1215933-EIT-062503,"Maidencreek, TWP of - EIT",MUNICIPAL
PA,TAX3062,42-011-1215933-EIT-062503,"Maidencreek, TWP of - EIT",SCHOOL
PA,TAX6667,42-091-1216882-EIT-465602,"West Norriton, TWP of - EIT",MUNICIPAL
PA,TAX6667,42-091-1216882-EIT-465602,"West Norriton, TWP of - EIT",SCHOOL
PA,TAX2248,42-059-1216492-EIT-308503,"Jackson, TWP of - EIT (308503)",MUNICIPAL
PA,TAX2248,42-059-1216492-EIT-308503,"Jackson, TWP of - EIT (308503)",SCHOOL
PA,TAX1456,42-073-1215354-LST-041603,"Enon Valley, BORO of - LST",MUNICIPAL
PA,TAX1456,42-073-1215354-LST-041603,"Enon Valley, BORO of - LST",SCHOOL
PA,TAX6819,42-081-1216777-LST-412003,"Wolf, TWP of - LST",MUNICIPAL
PA,TAX6819,42-081-1216777-LST-412003,"Wolf, TWP of - LST",SCHOOL
PA,TAX1782,42-087-1216829-LST-444602,"Granville, TWP of - LST (444602)",MUNICIPAL
PA,TAX1782,42-087-1216829-LST-444602,"Granville, TWP of - LST (444602)",SCHOOL
PA,TAX6622,42-079-1215412-LST-403302,"West Hazleton, BORO of - LST",MUNICIPAL
PA,TAX6622,42-079-1215412-LST-403302,"West Hazleton, BORO of - LST",SCHOOL
PA,TAX632,42-099-1216937-LST-508003,"Carroll, TWP of - LST (508003)",MUNICIPAL
PA,TAX632,42-099-1216937-LST-508003,"Carroll, TWP of - LST (508003)",SCHOOL
PA,TAX177,42-015-1215974-EIT-080503,"Athens, TWP of - EIT (080503)",MUNICIPAL
PA,TAX177,42-015-1215974-EIT-080503,"Athens, TWP of - EIT (080503)",SCHOOL
PA,TAX842,42-029-1215067-LST-151902,"Coatesville, City of - LST",MUNICIPAL
PA,TAX842,42-029-1215067-LST-151902,"Coatesville, City of - LST",SCHOOL
PA,TAX5162,42-003-1214817-EIT-024102,"Pitcairn, BORO of - EIT",MUNICIPAL
PA,TAX5162,42-003-1214817-EIT-024102,"Pitcairn, BORO of - EIT",SCHOOL
PA,TAX5872,42-123-1217177-LST-251453,"Spring Creek, TWP of - LST (251453)",MUNICIPAL
PA,TAX5872,42-123-1217177-LST-251453,"Spring Creek, TWP of - LST (251453)",SCHOOL
PA,TAX1882,42-083-1216786-LST-427503,"Hamlin, TWP of - LST",MUNICIPAL
PA,TAX1882,42-083-1216786-LST-427503,"Hamlin, TWP of - LST",SCHOOL
PA,TAX5164,42-003-1214818-EIT-021102,Pittsburgh - EIT (021102),MUNICIPAL
PA,TAX5164,42-003-1214818-EIT-021102,Pittsburgh - EIT (021102),SCHOOL
PA,TAX6796,42-015-1216006-EIT-083004,"Windham, TWP of - EIT (083004)",MUNICIPAL
PA,TAX6796,42-015-1216006-EIT-083004,"Windham, TWP of - EIT (083004)",SCHOOL
PA,TAX2342,42-047-1216403-EIT-243503,"Jones, TWP of - EIT (243503)",MUNICIPAL
PA,TAX2342,42-047-1216403-EIT-243503,"Jones, TWP of - EIT (243503)",SCHOOL
PA,TAX5215,42-029-1216173-LST-158503,"Pocopson, TWP of - LST",MUNICIPAL
PA,TAX5215,42-029-1216173-LST-158503,"Pocopson, TWP of - LST",SCHOOL
PA,TAX6134,42-129-1217318-LST-657103,"Trafford, BORO of - LST (657103)",MUNICIPAL
PA,TAX6134,42-129-1217318-LST-657103,"Trafford, BORO of - LST (657103)",SCHOOL
PA,TAX1133,42-115-1217081-EIT-582503,"Dimock, TWP of - EIT",MUNICIPAL
PA,TAX1133,42-115-1217081-EIT-582503,"Dimock, TWP of - EIT",SCHOOL
PA,TAX3645,42-079-1216726-EIT-402603,"Newport, TWP of - EIT",MUNICIPAL
PA,TAX3645,42-079-1216726-EIT-402603,"Newport, TWP of - EIT",SCHOOL
PA,TAX5511,42-009-1214904-EIT-051503,"Saint Clairsville, BORO of-EIT",MUNICIPAL
PA,TAX5511,42-009-1214904-EIT-051503,"Saint Clairsville, BORO of-EIT",SCHOOL
PA,TAX4927,42-037-1215128-LST-191503,"Orangeville, BORO of - LST",MUNICIPAL
PA,TAX4927,42-037-1215128-LST-191503,"Orangeville, BORO of - LST",SCHOOL
PA,TAX5495,42-117-1217121-EIT-597003,"Rutland, TWP of - EIT",MUNICIPAL
PA,TAX5495,42-117-1217121-EIT-597003,"Rutland, TWP of - EIT",SCHOOL
PA,TAX3021,42-081-1216756-LST-417202,"Lycoming, TWP of - LST",MUNICIPAL
PA,TAX3021,42-081-1216756-LST-417202,"Lycoming, TWP of - LST",SCHOOL
PA,TAX2031,42-063-1215289-LST-323303,"Homer City, BORO of - LST",MUNICIPAL
PA,TAX2031,42-063-1215289-LST-323303,"Homer City, BORO of - LST",SCHOOL
PA,TAX2910,42-037-1216283-EIT-197503,"Locust, TWP of - EIT",MUNICIPAL
PA,TAX2910,42-037-1216283-EIT-197503,"Locust, TWP of - EIT",SCHOOL
PA,TAX5408,42-107-1215567-LST-545003,"Ringtown, BORO of - LST",MUNICIPAL
PA,TAX5408,42-107-1215567-LST-545003,"Ringtown, BORO of - LST",SCHOOL
PA,TAX1285,42-129-1217251-LST-657503,"East Huntingdon, TWP of - LST",MUNICIPAL
PA,TAX1285,42-129-1217251-LST-657503,"East Huntingdon, TWP of - LST",SCHOOL
PA,TAX1149,42-003-1214786-LST-025002,"Dormont, BORO of - LST",MUNICIPAL
PA,TAX1149,42-003-1214786-LST-025002,"Dormont, BORO of - LST",SCHOOL
PA,TAX609,42-015-1214951-EIT-081003,"Canton, BORO of - EIT",MUNICIPAL
PA,TAX609,42-015-1214951-EIT-081003,"Canton, BORO of - EIT",SCHOOL
PA,TAX2345,42-047-1216403-LST-422303,"Jones, TWP of - LST (422303)",MUNICIPAL
PA,TAX2345,42-047-1216403-LST-422303,"Jones, TWP of - LST (422303)",SCHOOL
PA,TAX6600,42-003-1214835-LST-029553,"West Elizabeth, BORO of - LST",MUNICIPAL
PA,TAX6600,42-003-1214835-LST-029553,"West Elizabeth, BORO of - LST",SCHOOL
PA,TAX1593,42-003-1215805-EIT-023153,"Forward, TWP of - EIT (023153)",MUNICIPAL
PA,TAX1593,42-003-1215805-EIT-023153,"Forward, TWP of - EIT (023153)",SCHOOL
PA,TAX5455,42-065-1216571-EIT-330803,"Rose, TWP of - EIT",MUNICIPAL
PA,TAX5455,42-065-1216571-EIT-330803,"Rose, TWP of - EIT",SCHOOL
PA,TAX5414,42-069-1216607-LST-356503,"Roaring Brook, TWP of - LST",MUNICIPAL
PA,TAX5414,42-069-1216607-LST-356503,"Roaring Brook, TWP of - LST",SCHOOL
PA,TAX1190,42-099-1215524-EIT-506003,"Duncannon, BORO of - EIT",MUNICIPAL
PA,TAX1190,42-099-1215524-EIT-506003,"Duncannon, BORO of - EIT",SCHOOL
PA,TAX113,42-091-1215463-LST-469303,"Ambler, BORO of - LST",MUNICIPAL
PA,TAX113,42-091-1215463-LST-469303,"Ambler, BORO of - LST",SCHOOL
PA,TAX4259,42-051-1215234-EIT-268003,"Ohiopyle, BORO of - EIT",MUNICIPAL
PA,TAX4259,42-051-1215234-EIT-268003,"Ohiopyle, BORO of - EIT",SCHOOL
PA,TAX5732,42-129-1215722-LST-658903,"Smithton, BORO of - LST",MUNICIPAL
PA,TAX5732,42-129-1215722-LST-658903,"Smithton, BORO of - LST",SCHOOL
PA,TAX1985,42-065-1216562-LST-338003,"Henderson, TWP of - LST (338003)",MUNICIPAL
PA,TAX1985,42-065-1216562-LST-338003,"Henderson, TWP of - LST (338003)",SCHOOL
PA,TAX6017,42-067-1216587-LST-343603,"Susquehanna, TWP of - LST (343603)",MUNICIPAL
PA,TAX6017,42-067-1216587-LST-343603,"Susquehanna, TWP of - LST (343603)",SCHOOL
PA,TAX2267,42-075-1216675-LST-382303,"Jackson, TWP of - LST (382303)",MUNICIPAL
PA,TAX2267,42-075-1216675-LST-382303,"Jackson, TWP of - LST (382303)",SCHOOL
PA,TAX2806,42-127-1217222-LST-356503,"Lehigh, TWP of - LST (356503)",MUNICIPAL
PA,TAX2806,42-127-1217222-LST-356503,"Lehigh, TWP of - LST (356503)",SCHOOL
PA,TAX3761,42-075-1216679-LST-381303,"North Lebanon, TWP of - LST",MUNICIPAL
PA,TAX3761,42-075-1216679-LST-381303,"North Lebanon, TWP of - LST",SCHOOL
PA,TAX5534,42-091-1216870-LST-467103,"Salford, TWP of - LST",MUNICIPAL
PA,TAX5534,42-091-1216870-LST-467103,"Salford, TWP of - LST",SCHOOL
PA,TAX327,42-011-1215915-LST-067503,"Bern, TWP of - LST",MUNICIPAL
PA,TAX327,42-011-1215915-LST-067503,"Bern, TWP of - LST",SCHOOL
PA,TAX6311,42-091-1216881-EIT-467303,"Upper Providence, TWP of-EIT (467303)",MUNICIPAL
PA,TAX6311,42-091-1216881-EIT-467303,"Upper Providence, TWP of-EIT (467303)",SCHOOL
PA,TAX1846,42-023-1216103-LST-122703,"Grove, TWP of - LST",MUNICIPAL
PA,TAX1846,42-023-1216103-LST-122703,"Grove, TWP of - LST",SCHOOL
PA,TAX2724,42-085-1216807-LST-433903,"Lake, TWP of - LST (433903)",MUNICIPAL
PA,TAX2724,42-085-1216807-LST-433903,"Lake, TWP of - LST (433903)",SCHOOL
PA,TAX6460,42-109-1217039-EIT-557103,"Washington, TWP of - EIT (557103)",MUNICIPAL
PA,TAX6460,42-109-1217039-EIT-557103,"Washington, TWP of - EIT (557103)",SCHOOL
PA,TAX5325,42-003-1214821-LST-029902,"Rankin, BORO of - LST",MUNICIPAL
PA,TAX5325,42-003-1214821-LST-029902,"Rankin, BORO of - LST",SCHOOL
PA,TAX1132,42-133-1215739-LST-674603,"Dillsburg, BORO of - LST",MUNICIPAL
PA,TAX1132,42-133-1215739-LST-674603,"Dillsburg, BORO of - LST",SCHOOL
PA,TAX5663,42-079-1215408-EIT-406003,"Shickshinny, BORO of - EIT",MUNICIPAL
PA,TAX5663,42-079-1215408-EIT-406003,"Shickshinny, BORO of - EIT",SCHOOL
PA,TAX6805,42-133-1217312-EIT-675503,"Windsor, TWP of - EIT (675503)",MUNICIPAL
PA,TAX6805,42-133-1217312-EIT-675503,"Windsor, TWP of - EIT (675503)",SCHOOL
PA,TAX3585,42-017-1216024-EIT-092102,"New Britain, TWP of - EIT (092102)",MUNICIPAL
PA,TAX3585,42-017-1216024-EIT-092102,"New Britain, TWP of - EIT (092102)",SCHOOL
PA,TAX3386,42-007-1214884-LST-042003,"Monaca, BORO of - LST",MUNICIPAL
PA,TAX3386,42-007-1214884-LST-042003,"Monaca, BORO of - LST",SCHOOL
PA,TAX5806,42-011-1215947-LST-061103,"South Heidelberg, TWP of-LST",MUNICIPAL
PA,TAX5806,42-011-1215947-LST-061103,"South Heidelberg, TWP of-LST",SCHOOL
PA,TAX5641,42-045-1215196-EIT-238402,"Sharon Hill, BORO of - EIT",MUNICIPAL
PA,TAX5641,42-045-1215196-EIT-238402,"Sharon Hill, BORO of - EIT",SCHOOL
PA,TAX2782,42-033-1216242-LST-171003,"Lawrence, TWP of - LST (171003)",MUNICIPAL
PA,TAX2782,42-033-1216242-LST-171003,"Lawrence, TWP of - LST (171003)",SCHOOL
PA,TAX6327,42-051-1216448-LST-657503,"Upper Tyrone, TWP of - LST",MUNICIPAL
PA,TAX6327,42-051-1216448-LST-657503,"Upper Tyrone, TWP of - LST",SCHOOL
PA,TAX6677,42-109-1217041-EIT-555003,"West Perry, TWP of - EIT",MUNICIPAL
PA,TAX6677,42-109-1217041-EIT-555003,"West Perry, TWP of - EIT",SCHOOL
PA,TAX2787,42-071-1216632-LST-365303,"Leacock, TWP of - LST",MUNICIPAL
PA,TAX2787,42-071-1216632-LST-365303,"Leacock, TWP of - LST",SCHOOL
PA,TAX2898,42-071-1216633-EIT-367003,"Little Britain, TWP of - EIT",MUNICIPAL
PA,TAX2898,42-071-1216633-EIT-367003,"Little Britain, TWP of - EIT",SCHOOL
PA,TAX6262,42-011-1215952-EIT-063503,"Upper Bern, TWP of - EIT",MUNICIPAL
PA,TAX6262,42-011-1215952-EIT-063503,"Upper Bern, TWP of - EIT",SCHOOL
PA,TAX1090,42-107-1216996-LST-544503,"Delano, TWP of - LST",MUNICIPAL
PA,TAX1090,42-107-1216996-LST-544503,"Delano, TWP of - LST",SCHOOL
PA,TAX3588,42-017-1216024-LST-465702,"New Britain, TWP of - LST (465702)",MUNICIPAL
PA,TAX3588,42-017-1216024-LST-465702,"New Britain, TWP of - LST (465702)",SCHOOL
PA,TAX6575,42-097-1216933-EIT-493503,"West Cameron, TWP of - EIT",MUNICIPAL
PA,TAX6575,42-097-1216933-EIT-493503,"West Cameron, TWP of - EIT",SCHOOL
PA,TAX6757,42-043-1216374-EIT-548803,"Wiconisco, TWP of - EIT",MUNICIPAL
PA,TAX6757,42-043-1216374-EIT-548803,"Wiconisco, TWP of - EIT",SCHOOL
PA,TAX6823,42-009-1214907-LST-056004,"Woodbury, BORO of - LST",MUNICIPAL
PA,TAX6823,42-009-1214907-LST-056004,"Woodbury, BORO of - LST",SCHOOL
PA,TAX673,42-059-1215252-EIT-308503,"Center, TWP of - EIT (308503)",MUNICIPAL
PA,TAX673,42-059-1215252-EIT-308503,"Center, TWP of - EIT (308503)",SCHOOL
PA,TAX3446,42-033-1216243-LST-179003,"Morris, TWP of - LST (179003)",MUNICIPAL
PA,TAX3446,42-033-1216243-LST-179003,"Morris, TWP of - LST (179003)",SCHOOL
PA,TAX3555,42-073-1216657-EIT-375203,"Neshannock, TWP of - EIT",MUNICIPAL
PA,TAX3555,42-073-1216657-EIT-375203,"Neshannock, TWP of - EIT",SCHOOL
PA,TAX6640,42-019-1215005-LST-107503,"West Liberty, BORO of - LST",MUNICIPAL
PA,TAX6640,42-019-1215005-LST-107503,"West Liberty, BORO of - LST",SCHOOL
PA,TAX5715,42-019-1216066-LST-107503,"Slippery Rock, TWP of - LST (107503)",MUNICIPAL
PA,TAX5715,42-019-1216066-LST-107503,"Slippery Rock, TWP of - LST (107503)",SCHOOL
PA,TAX3057,42-025-1216114-LST-135503,"Mahoning, TWP of - LST (135503)",MUNICIPAL
PA,TAX3057,42-025-1216114-LST-135503,"Mahoning, TWP of - LST (135503)",SCHOOL
PA,TAX5560,42-021-1215032-EIT-116003,"Sankertown, BORO of - EIT",MUNICIPAL
PA,TAX5560,42-021-1215032-EIT-116003,"Sankertown, BORO of - EIT",SCHOOL
PA,TAX832,42-107-1215545-EIT-136603,"Coaldale, BORO of - EIT (136603)",MUNICIPAL
PA,TAX832,42-107-1215545-EIT-136603,"Coaldale, BORO of - EIT (136603)",SCHOOL
PA,TAX6824,42-009-1215911-EIT-056004,"Woodbury, TWP of - EIT (056004)",MUNICIPAL
PA,TAX6824,42-009-1215911-EIT-056004,"Woodbury, TWP of - EIT (056004)",SCHOOL
PA,TAX2968,42-041-1216338-EIT-210503,"Lower Mifflin, TWP of - EIT",MUNICIPAL
PA,TAX2968,42-041-1216338-EIT-210503,"Lower Mifflin, TWP of - EIT",SCHOOL
PA,TAX5879,42-133-1217306-LST-671303,"Springettsbury, TWP of - LST (671303)",MUNICIPAL
PA,TAX5879,42-133-1217306-LST-671303,"Springettsbury, TWP of - LST (671303)",SCHOOL
PA,TAX1654,42-059-1216487-LST-301403,"Franklin, TWP of - LST (301403)",MUNICIPAL
PA,TAX1654,42-059-1216487-LST-301403,"Franklin, TWP of - LST (301403)",SCHOOL
PA,TAX5522,42-055-1216470-LST-286003,"Saint Thomas, TWP of - LST",MUNICIPAL
PA,TAX5522,42-055-1216470-LST-286003,"Saint Thomas, TWP of - LST",SCHOOL
PA,TAX5886,42-061-1216521-EIT-317503,"Springfield, TWP of - EIT (317503)",MUNICIPAL
PA,TAX5886,42-061-1216521-EIT-317503,"Springfield, TWP of - EIT (317503)",SCHOOL
PA,TAX3522,42-081-1216764-EIT-415303,"Muncy Creek, TWP of - EIT",MUNICIPAL
PA,TAX3522,42-081-1216764-EIT-415303,"Muncy Creek, TWP of - EIT",SCHOOL
PA,TAX2938,42-041-1216336-EIT-216503,"Lower Allen, TWP of - EIT (210604)",MUNICIPAL
PA,TAX2938,42-041-1216336-EIT-216503,"Lower Allen, TWP of - EIT (210604)",SCHOOL
PA,TAX3838,42-111-1217058-EIT-569103,"Ogle, TWP of - EIT",MUNICIPAL
PA,TAX3838,42-111-1217058-EIT-569103,"Ogle, TWP of - EIT",SCHOOL
PA,TAX5780,42-127-1217229-EIT-648903,"South Canaan, TWP of - EIT",MUNICIPAL
PA,TAX5780,42-127-1217229-EIT-648903,"South Canaan, TWP of - EIT",SCHOOL
PA,TAX1521,42-017-1216017-EIT-098202,"Falls, TWP of - EIT (098202)",MUNICIPAL
PA,TAX1521,42-017-1216017-EIT-098202,"Falls, TWP of - EIT (098202)",SCHOOL
PA,TAX5923,42-015-1215995-EIT-086503,"Standing Stone, TWP of - EIT",MUNICIPAL
PA,TAX5923,42-015-1215995-EIT-086503,"Standing Stone, TWP of - EIT",SCHOOL
PA,TAX5692,42-133-1215761-LST-676503,"Shrewsbury, BORO of - LST",MUNICIPAL
PA,TAX5692,42-133-1215761-LST-676503,"Shrewsbury, BORO of - LST",SCHOOL
PA,TAX2365,42-019-1214996-LST-103603,"Karns City, BORO of - LST",MUNICIPAL
PA,TAX2365,42-019-1214996-LST-103603,"Karns City, BORO of - LST",SCHOOL
PA,TAX3042,42-069-1216603-LST-356503,"Madison, TWP of - LST (356503)",MUNICIPAL
PA,TAX3042,42-069-1216603-LST-356503,"Madison, TWP of - LST (356503)",SCHOOL
PA,TAX1760,42-033-1215100-LST-175003,"Glen Hope, BORO of - LST",MUNICIPAL
PA,TAX1760,42-033-1215100-LST-175003,"Glen Hope, BORO of - LST",SCHOOL
PA,TAX5842,42-003-1215833-LST-656502,"South Versailles, TWP of-LST (656502)",MUNICIPAL
PA,TAX5842,42-003-1215833-LST-656502,"South Versailles, TWP of-LST (656502)",SCHOOL
PA,TAX1696,42-035-1216261-LST-183602,"Gallagher, TWP of - LST",MUNICIPAL
PA,TAX1696,42-035-1216261-LST-183602,"Gallagher, TWP of - LST",SCHOOL
PA,TAX705,42-055-1215243-EIT-281302,"Chambersburg, BORO of - EIT",MUNICIPAL
PA,TAX705,42-055-1215243-EIT-281302,"Chambersburg, BORO of - EIT",SCHOOL
PA,TAX3709,42-111-1217057-EIT-561003,"Northampton, TWP of - EIT (561003)",MUNICIPAL
PA,TAX3709,42-111-1217057-EIT-561003,"Northampton, TWP of - EIT (561003)",SCHOOL
PA,TAX4958,42-105-1215539-LST-537504,"Oswayo, BORO of - LST",MUNICIPAL
PA,TAX4958,42-105-1215539-LST-537504,"Oswayo, BORO of - LST",SCHOOL
PA,TAX600,42-127-1217214-LST-648903,"Canaan, TWP of - LST",MUNICIPAL
PA,TAX600,42-127-1217214-LST-648903,"Canaan, TWP of - LST",SCHOOL
PA,TAX5254,42-103-1216964-LST-452003,"Porter, TWP of - LST (452003)",MUNICIPAL
PA,TAX5254,42-103-1216964-LST-452003,"Porter, TWP of - LST (452003)",SCHOOL
PA,TAX3777,42-039-1216308-LST-201033,"North Shenango, TWP of - LST",MUNICIPAL
PA,TAX3777,42-039-1216308-LST-201033,"North Shenango, TWP of - LST",SCHOOL
PA,TAX1835,42-037-1216281-LST-195004,"Greenwood, TWP of - LST (195004)",MUNICIPAL
PA,TAX1835,42-037-1216281-LST-195004,"Greenwood, TWP of - LST (195004)",SCHOOL
PA,TAX505,42-065-1215299-LST-330803,"Brookville, BORO of - LST",MUNICIPAL
PA,TAX505,42-065-1215299-LST-330803,"Brookville, BORO of - LST",SCHOOL
PA,TAX6303,42-095-1216910-LST-484803,"Upper Nazareth, TWP of - LST",MUNICIPAL
PA,TAX6303,42-095-1216910-LST-484803,"Upper Nazareth, TWP of - LST",SCHOOL
PA,TAX5022,42-021-1215030-LST-111203,"Patton, BORO of - LST",MUNICIPAL
PA,TAX5022,42-021-1215030-LST-111203,"Patton, BORO of - LST",SCHOOL
PA,TAX1753,42-063-1215288-EIT-327303,"Glen Campbell, BORO of - EIT",MUNICIPAL
PA,TAX1753,42-063-1215288-EIT-327303,"Glen Campbell, BORO of - EIT",SCHOOL
PA,TAX62,42-007-1214861-EIT-040503,"Aliquippa, City of - EIT",MUNICIPAL
PA,TAX62,42-007-1214861-EIT-040503,"Aliquippa, City of - EIT",SCHOOL
PA,TAX6082,42-061-1215281-LST-317503,"Three Springs, BORO of - LST",MUNICIPAL
PA,TAX6082,42-061-1215281-LST-317503,"Three Springs, BORO of - LST",SCHOOL
PA,TAX1879,42-089-1216838-LST-456003,"Hamilton, TWP of - LST (456003)",MUNICIPAL
PA,TAX1879,42-089-1216838-LST-456003,"Hamilton, TWP of - LST (456003)",SCHOOL
PA,TAX6144,42-107-1217018-EIT-546003,"Tremont, TWP of - EIT",MUNICIPAL
PA,TAX6144,42-107-1217018-EIT-546003,"Tremont, TWP of - EIT",SCHOOL
PA,TAX5197,42-005-1215856-LST-030852,"Plumcreek, TWP of - LST",MUNICIPAL
PA,TAX5197,42-005-1215856-LST-030852,"Plumcreek, TWP of - LST",SCHOOL
PA,TAX5062,42-109-1217035-EIT-557103,"Penn, TWP of - EIT (557103)",MUNICIPAL
PA,TAX5062,42-109-1217035-EIT-557103,"Penn, TWP of - EIT (557103)",SCHOOL
PA,TAX6820,42-011-1214936-EIT-061103,"Womelsdorf, BORO of - EIT",MUNICIPAL
PA,TAX6820,42-011-1214936-EIT-061103,"Womelsdorf, BORO of - EIT",SCHOOL
PA,TAX723,42-117-1217102-EIT-596003,"Chatham, TWP of - EIT",MUNICIPAL
PA,TAX723,42-117-1217102-EIT-596003,"Chatham, TWP of - EIT",SCHOOL
PA,TAX91,42-035-1216252-LST-183602,"Allison, TWP of - LST",MUNICIPAL
PA,TAX91,42-035-1216252-LST-183602,"Allison, TWP of - LST",SCHOOL
PA,TAX6405,42-095-1215505-EIT-394503,"Walnutport, BORO of - EIT",MUNICIPAL
PA,TAX6405,42-095-1215505-EIT-394503,"Walnutport, BORO of - EIT",SCHOOL
PA,TAX3642,42-107-1215559-LST-546803,"New Philadelphia, BORO of-LST",MUNICIPAL
PA,TAX3642,42-107-1215559-LST-546803,"New Philadelphia, BORO of-LST",SCHOOL
PA,TAX722,42-125-1217187-LST-631903,"Chartiers, TWP of - LST",MUNICIPAL
PA,TAX722,42-125-1217187-LST-631903,"Chartiers, TWP of - LST",SCHOOL
PA,TAX5292,42-073-1216661-EIT-378003,"Pulaski, TWP of - EIT (378003)",MUNICIPAL
PA,TAX5292,42-073-1216661-EIT-378003,"Pulaski, TWP of - EIT (378003)",SCHOOL
PA,TAX6799,42-015-1216006-LST-083004,"Windham, TWP of - LST (083004)",MUNICIPAL
PA,TAX6799,42-015-1216006-LST-083004,"Windham, TWP of - LST (083004)",SCHOOL
PA,TAX2401,42-087-1215456-LST-316003,"Kistler, BORO of - LST",MUNICIPAL
PA,TAX2401,42-087-1215456-LST-316003,"Kistler, BORO of - LST",SCHOOL
PA,TAX67,42-105-1216968-EIT-535504,"Allegany, TWP of - EIT (535504)",MUNICIPAL
PA,TAX67,42-105-1216968-EIT-535504,"Allegany, TWP of - EIT (535504)",SCHOOL
PA,TAX6380,42-073-1215360-LST-378003,"Volant, BORO of - LST",MUNICIPAL
PA,TAX6380,42-073-1215360-LST-378003,"Volant, BORO of - LST",SCHOOL
PA,TAX5040,42-025-1216116-EIT-135003,"Penn Forest, TWP of - EIT",MUNICIPAL
PA,TAX5040,42-025-1216116-EIT-135003,"Penn Forest, TWP of - EIT",SCHOOL
PA,TAX5476,42-091-1215481-LST-467303,"Royersford, BORO of - LST",MUNICIPAL
PA,TAX5476,42-091-1215481-LST-467303,"Royersford, BORO of - LST",SCHOOL
PA,TAX2424,42-011-1214917-EIT-064003,"Kutztown, BORO of - EIT",MUNICIPAL
PA,TAX2424,42-011-1214917-EIT-064003,"Kutztown, BORO of - EIT",SCHOOL
PA,TAX187,42-105-1215536-EIT-530304,"Austin, BORO of - EIT",MUNICIPAL
PA,TAX187,42-105-1215536-EIT-530304,"Austin, BORO of - EIT",SCHOOL
PA,TAX1628,42-133-1215744-LST-674603,"Franklintown, BORO of - LST",MUNICIPAL
PA,TAX1628,42-133-1215744-LST-674603,"Franklintown, BORO of - LST",SCHOOL
PA,TAX6581,42-097-1216934-EIT-495003,"West Chillisquaque, TWP of-EIT",MUNICIPAL
PA,TAX6581,42-097-1216934-EIT-495003,"West Chillisquaque, TWP of-EIT",SCHOOL
PA,TAX1749,42-003-1214797-EIT-028653,"Glassport, BORO of - EIT",MUNICIPAL
PA,TAX1749,42-003-1214797-EIT-028653,"Glassport, BORO of - EIT",SCHOOL
PA,TAX849,42-133-1217282-EIT-676503,"Codorus, TWP of - EIT",MUNICIPAL
PA,TAX849,42-133-1217282-EIT-676503,"Codorus, TWP of - EIT",SCHOOL
PA,TAX2820,42-115-1217091-EIT-584603,"Lenox, TWP of - EIT",MUNICIPAL
PA,TAX2820,42-115-1217091-EIT-584603,"Lenox, TWP of - EIT",SCHOOL
PA,TAX1875,42-001-1215783-LST-011103,"Hamilton, TWP of - LST (011103)",MUNICIPAL
PA,TAX1875,42-001-1215783-LST-011103,"Hamilton, TWP of - LST (011103)",SCHOOL
PA,TAX6333,42-111-1215600-LST-568404,"Ursina, BORO of - LST",MUNICIPAL
PA,TAX6333,42-111-1215600-LST-568404,"Ursina, BORO of - LST",SCHOOL
PA,TAX1046,42-069-1215318-EIT-665003,"Dalton, BORO of - EIT",MUNICIPAL
PA,TAX1046,42-069-1215318-EIT-665003,"Dalton, BORO of - EIT",SCHOOL
PA,TAX5021,42-021-1215030-EIT-111203,"Patton, BORO of - EIT",MUNICIPAL
PA,TAX5021,42-021-1215030-EIT-111203,"Patton, BORO of - EIT",SCHOOL
PA,TAX3294,42-081-1216760-EIT-414003,"Mifflin, TWP of - EIT (414003)",MUNICIPAL
PA,TAX3294,42-081-1216760-EIT-414003,"Mifflin, TWP of - EIT (414003)",SCHOOL
PA,TAX3435,42-069-1215324-EIT-357003,"Moosic, BORO of - EIT",MUNICIPAL
PA,TAX3435,42-069-1215324-EIT-357003,"Moosic, BORO of - EIT",SCHOOL
PA,TAX1913,42-003-1215809-EIT-024753,"Harrison, TWP of - EIT (024753)",MUNICIPAL
PA,TAX1913,42-003-1215809-EIT-024753,"Harrison, TWP of - EIT (024753)",SCHOOL
PA,TAX6408,42-073-1215361-EIT-372003,"Wampum, BORO of - EIT (372003)",MUNICIPAL
PA,TAX6408,42-073-1215361-EIT-372003,"Wampum, BORO of - EIT (372003)",SCHOOL
PA,TAX5085,42-051-1215235-LST-262903,"Perryopolis, BORO of - LST",MUNICIPAL
PA,TAX5085,42-051-1215235-LST-262903,"Perryopolis, BORO of - LST",SCHOOL
PA,TAX3362,42-121-1217147-LST-612203,"Mineral, TWP of - LST",MUNICIPAL
PA,TAX3362,42-121-1217147-LST-612203,"Mineral, TWP of - LST",SCHOOL
PA,TAX2284,42-129-1215704-EIT-653802,"Jeannette, City of - EIT (653802)",MUNICIPAL
PA,TAX2284,42-129-1215704-EIT-653802,"Jeannette, City of - EIT (653802)",SCHOOL
PA,TAX3574,42-119-1215634-LST-605003,"New Berlin, BORO of - LST",MUNICIPAL
PA,TAX3574,42-119-1215634-LST-605003,"New Berlin, BORO of - LST",SCHOOL
PA,TAX1404,42-049-1215208-LST-251453,"Elgin, BORO of - LST",MUNICIPAL
PA,TAX1404,42-049-1215208-LST-251453,"Elgin, BORO of - LST",SCHOOL
PA,TAX6610,42-117-1217127-LST-596003,"Westfield, TWP of - LST",MUNICIPAL
PA,TAX6610,42-117-1217127-LST-596003,"Westfield, TWP of - LST",SCHOOL
PA,TAX6660,42-003-1214837-LST-029603,"West Mifflin, BORO of - LST",MUNICIPAL
PA,TAX6660,42-003-1214837-LST-029603,"West Mifflin, BORO of - LST",SCHOOL
PA,TAX3788,42-003-1215820-EIT-022803,"North Versailles, TWP of - EIT",MUNICIPAL
PA,TAX3788,42-003-1215820-EIT-022803,"North Versailles, TWP of - EIT",SCHOOL
PA,TAX448,42-033-1216228-EIT-172003,"Brady, TWP of - EIT (172003)",MUNICIPAL
PA,TAX448,42-033-1216228-EIT-172003,"Brady, TWP of - EIT (172003)",SCHOOL
PA,TAX5067,42-027-1216134-LST-147003,"Penn, TWP of - LST (147003)",MUNICIPAL
PA,TAX5067,42-027-1216134-LST-147003,"Penn, TWP of - LST (147003)",SCHOOL
PA,TAX50,42-059-1215250-LST-308503,"Aleppo, TWP of - LST (308503)",MUNICIPAL
PA,TAX50,42-059-1215250-LST-308503,"Aleppo, TWP of - LST (308503)",SCHOOL
PA,TAX790,42-019-1216047-LST-105353,"Clay, TWP of - LST (105353)",MUNICIPAL
PA,TAX790,42-019-1216047-LST-105353,"Clay, TWP of - LST (105353)",SCHOOL
PA,TAX5323,42-039-1216311-LST-204703,"Randolph, TWP of - LST",MUNICIPAL
PA,TAX5323,42-039-1216311-LST-204703,"Randolph, TWP of - LST",SCHOOL
PA,TAX1919,42-027-1216127-EIT-148002,Harris Township - EIT,MUNICIPAL
PA,TAX1919,42-027-1216127-EIT-148002,Harris Township - EIT,SCHOOL
PA,TAX6882,42-011-1214937-EIT-069103,"Wyomissing, BORO of - EIT (069103)",MUNICIPAL
PA,TAX6882,42-011-1214937-EIT-069103,"Wyomissing, BORO of - EIT (069103)",SCHOOL
PA,TAX2054,42-061-1216510-EIT-058003,"Hopewell, TWP of - EIT (058003)",MUNICIPAL
PA,TAX2054,42-061-1216510-EIT-058003,"Hopewell, TWP of - EIT (058003)",SCHOOL
PA,TAX2846,42-001-1215788-EIT-013054,"Liberty, TWP of - EIT (013054)",MUNICIPAL
PA,TAX2846,42-001-1215788-EIT-013054,"Liberty, TWP of - EIT (013054)",SCHOOL
PA,TAX133,42-055-1216459-LST-283003,"Antrim, TWP of - LST",MUNICIPAL
PA,TAX133,42-055-1216459-LST-283003,"Antrim, TWP of - LST",SCHOOL
PA,TAX948,42-077-1215374-LST-395703,"Coopersburg, BORO of - LST",MUNICIPAL
PA,TAX948,42-077-1215374-LST-395703,"Coopersburg, BORO of - LST",SCHOOL
PA,TAX6210,42-115-1215619-EIT-583003,"Uniondale, BORO of - EIT",MUNICIPAL
PA,TAX6210,42-115-1215619-EIT-583003,"Uniondale, BORO of - EIT",SCHOOL
PA,TAX230,42-021-1216073-EIT-114503,"Barr, TWP of - EIT",MUNICIPAL
PA,TAX230,42-021-1216073-EIT-114503,"Barr, TWP of - EIT",SCHOOL
PA,TAX6187,42-125-1215679-LST-631803,"Twilight, BORO of - LST",MUNICIPAL
PA,TAX6187,42-125-1215679-LST-631803,"Twilight, BORO of - LST",SCHOOL
PA,TAX5982,42-079-1216734-EIT-403302,"Sugarloaf, TWP of - EIT (403302)",MUNICIPAL
PA,TAX5982,42-079-1216734-EIT-403302,"Sugarloaf, TWP of - EIT (403302)",SCHOOL
PA,TAX5124,42-011-1215942-LST-066503,"Pike, TWP of - LST (066503)",MUNICIPAL
PA,TAX5124,42-011-1215942-LST-066503,"Pike, TWP of - LST (066503)",SCHOOL
PA,TAX5919,42-061-1216523-EIT-312804,"Spruce Creek, TWP of - EIT",MUNICIPAL
PA,TAX5919,42-061-1216523-EIT-312804,"Spruce Creek, TWP of - EIT",SCHOOL
PA,TAX1641,42-081-1216749-EIT-412003,"Franklin, TWP of - EIT (412003)",MUNICIPAL
PA,TAX1641,42-081-1216749-EIT-412003,"Franklin, TWP of - EIT (412003)",SCHOOL
PA,TAX1493,42-129-1217237-EIT-654903,"Fairfield, TWP of - EIT (654903)",MUNICIPAL
PA,TAX1493,42-129-1217237-EIT-654903,"Fairfield, TWP of - EIT (654903)",SCHOOL
PA,TAX5981,42-037-1216295-EIT-191004,"Sugarloaf, TWP of - EIT (191004)",MUNICIPAL
PA,TAX5981,42-037-1216295-EIT-191004,"Sugarloaf, TWP of - EIT (191004)",SCHOOL
PA,TAX1484,42-129-1215699-LST-652603,"Export, BORO of - LST",MUNICIPAL
PA,TAX1484,42-129-1215699-LST-652603,"Export, BORO of - LST",SCHOOL
PA,TAX1305,42-039-1216304-LST-204703,"East Mead, TWP of - LST",MUNICIPAL
PA,TAX1305,42-039-1216304-LST-204703,"East Mead, TWP of - LST",SCHOOL
PA,TAX1106,42-133-1215738-LST-676203,"Delta, BORO of - LST",MUNICIPAL
PA,TAX1106,42-133-1215738-LST-676203,"Delta, BORO of - LST",SCHOOL
PA,TAX5913,42-027-1216138-LST-141103,"Spring, TWP of - LST (141103)",MUNICIPAL
PA,TAX5913,42-027-1216138-LST-141103,"Spring, TWP of - LST (141103)",SCHOOL
PA,TAX139,42-069-1215313-LST-358403,"Archbald, BORO of - LST",MUNICIPAL
PA,TAX139,42-069-1215313-LST-358403,"Archbald, BORO of - LST",SCHOOL
PA,TAX699,42-045-1216378-EIT-158503,Chadds Ford Township - EIT,MUNICIPAL
PA,TAX699,42-045-1216378-EIT-158503,Chadds Ford Township - EIT,SCHOOL
PA,TAX1403,42-049-1215208-EIT-251453,"Elgin, BORO of - EIT",MUNICIPAL
PA,TAX1403,42-049-1215208-EIT-251453,"Elgin, BORO of - EIT",SCHOOL
PA,TAX5264,42-007-1215883-EIT-042003,"Potter, TWP of - EIT (042003)",MUNICIPAL
PA,TAX5264,42-007-1215883-EIT-042003,"Potter, TWP of - EIT (042003)",SCHOOL
PA,TAX2328,42-081-1215421-EIT-414003,"Jersey Shore, BORO of - EIT",MUNICIPAL
PA,TAX2328,42-081-1215421-EIT-414003,"Jersey Shore, BORO of - EIT",SCHOOL
PA,TAX164,42-079-1215380-LST-403003,"Ashley, BORO of - LST",MUNICIPAL
PA,TAX164,42-079-1215380-LST-403003,"Ashley, BORO of - LST",SCHOOL
PA,TAX5005,42-019-1216064-EIT-103603,"Parker, TWP of - EIT",MUNICIPAL
PA,TAX5005,42-019-1216064-EIT-103603,"Parker, TWP of - EIT",SCHOOL
PA,TAX6421,42-015-1216002-LST-083004,"Warren, TWP of - LST (083004)",MUNICIPAL
PA,TAX6421,42-015-1216002-LST-083004,"Warren, TWP of - LST (083004)",SCHOOL
PA,TAX6464,42-133-1217310-EIT-671803,"Washington, TWP of - EIT (671803)",MUNICIPAL
PA,TAX6464,42-133-1217310-EIT-671803,"Washington, TWP of - EIT (671803)",SCHOOL
PA,TAX2402,42-005-1214852-EIT-030852,"Kittanning, BORO of - EIT",MUNICIPAL
PA,TAX2402,42-005-1214852-EIT-030852,"Kittanning, BORO of - EIT",SCHOOL
PA,TAX6307,42-043-1216370-LST-226103,"Upper Paxton, TWP of - LST",MUNICIPAL
PA,TAX6307,42-043-1216370-LST-226103,"Upper Paxton, TWP of - LST",SCHOOL
PA,TAX5310,42-007-1215884-LST-044103,"Raccoon, TWP of - LST",MUNICIPAL
PA,TAX5310,42-007-1215884-LST-044103,"Raccoon, TWP of - LST",SCHOOL
PA,TAX1840,42-119-1217130-EIT-498003,"Gregg, TWP of - EIT (498003)",MUNICIPAL
PA,TAX1840,42-119-1217130-EIT-498003,"Gregg, TWP of - EIT (498003)",SCHOOL
PA,TAX3477,42-071-1216637-EIT-362403,"Mount Joy, TWP of - EIT (362403)",MUNICIPAL
PA,TAX3477,42-071-1216637-EIT-362403,"Mount Joy, TWP of - EIT (362403)",SCHOOL
PA,TAX1862,42-043-1216356-LST-222504,"Halifax, TWP of - LST",MUNICIPAL
PA,TAX1862,42-043-1216356-LST-222504,"Halifax, TWP of - LST",SCHOOL
PA,TAX4970,42-029-1215074-LST-156703,"Oxford, BORO of - LST",MUNICIPAL
PA,TAX4970,42-029-1215074-LST-156703,"Oxford, BORO of - LST",SCHOOL
PA,TAX6233,42-001-1215796-LST-015203,"Union, TWP of - LST (015203)",MUNICIPAL
PA,TAX6233,42-001-1215796-LST-015203,"Union, TWP of - LST (015203)",SCHOOL
PA,TAX5447,42-015-1215990-EIT-083004,"Rome, TWP of - EIT (083004)",MUNICIPAL
PA,TAX5447,42-015-1215990-EIT-083004,"Rome, TWP of - EIT (083004)",SCHOOL
PA,TAX526,42-017-1216013-EIT-092102,"Buckingham, TWP of - EIT",MUNICIPAL
PA,TAX526,42-017-1216013-EIT-092102,"Buckingham, TWP of - EIT",SCHOOL
PA,TAX31,42-011-1215912-EIT-064003,"Albany, TWP of - EIT (064003)",MUNICIPAL
PA,TAX31,42-011-1215912-EIT-064003,"Albany, TWP of - EIT (064003)",SCHOOL
PA,TAX2271,42-097-1216917-LST-493503,"Jackson, TWP of - LST (493503)",MUNICIPAL
PA,TAX2271,42-097-1216917-LST-493503,"Jackson, TWP of - LST (493503)",SCHOOL
PA,TAX2085,42-107-1217004-LST-547803,"Hubley, TWP of - LST",MUNICIPAL
PA,TAX2085,42-107-1217004-LST-547803,"Hubley, TWP of - LST",SCHOOL
PA,TAX3405,42-009-1215903-LST-053003,"Monroe, TWP of - LST (053003)",MUNICIPAL
PA,TAX3405,42-009-1215903-LST-053003,"Monroe, TWP of - LST (053003)",SCHOOL
PA,TAX1607,42-003-2086659-EIT-023912,"Fox Chapel, BORO of - EIT",MUNICIPAL
PA,TAX1607,42-003-2086659-EIT-023912,"Fox Chapel, BORO of - EIT",SCHOOL
PA,TAX1723,42-001-1215782-EIT-015203,"Germany, TWP of - EIT",MUNICIPAL
PA,TAX1723,42-001-1215782-EIT-015203,"Germany, TWP of - EIT",SCHOOL
PA,TAX584,42-031-1215081-LST-166503,"Callensburg, BORO of - LST",MUNICIPAL
PA,TAX584,42-031-1215081-LST-166503,"Callensburg, BORO of - LST",SCHOOL
PA,TAX6351,42-051-1215240-EIT-261302,"Vanderbilt, BORO of - EIT",MUNICIPAL
PA,TAX6351,42-051-1215240-EIT-261302,"Vanderbilt, BORO of - EIT",SCHOOL
PA,TAX2313,42-085-1216805-LST-435003,"Jefferson, TWP of - LST (435003)",MUNICIPAL
PA,TAX2313,42-085-1216805-LST-435003,"Jefferson, TWP of - LST (435003)",SCHOOL
PA,TAX6096,42-117-1215628-LST-596003,"Tioga, BORO of - LST",MUNICIPAL
PA,TAX6096,42-117-1215628-LST-596003,"Tioga, BORO of - LST",SCHOOL
PA,TAX1208,42-017-1216015-EIT-098003,"Durham, TWP of - EIT",MUNICIPAL
PA,TAX1208,42-017-1216015-EIT-098003,"Durham, TWP of - EIT",SCHOOL
PA,TAX1683,42-121-1217144-EIT-612203,"Frenchcreek, TWP of - EIT",MUNICIPAL
PA,TAX1683,42-121-1217144-EIT-612203,"Frenchcreek, TWP of - EIT",SCHOOL
PA,TAX1923,42-119-1215631-EIT-605003,"Hartleton, BORO of - EIT",MUNICIPAL
PA,TAX1923,42-119-1215631-EIT-605003,"Hartleton, BORO of - EIT",SCHOOL
PA,TAX6470,42-031-1216221-LST-167504,"Washington, TWP of - LST (167504)",MUNICIPAL
PA,TAX6470,42-031-1216221-LST-167504,"Washington, TWP of - LST (167504)",SCHOOL
PA,TAX6546,42-133-1215764-LST-674603,"Wellsville, BORO of - LST",MUNICIPAL
PA,TAX6546,42-133-1215764-LST-674603,"Wellsville, BORO of - LST",SCHOOL
PA,TAX1326,42-133-1215741-EIT-672203,"East Prospect, BORO of - EIT",MUNICIPAL
PA,TAX1326,42-133-1215741-EIT-672203,"East Prospect, BORO of - EIT",SCHOOL
PA,TAX2081,42-099-1216940-EIT-504003,"Howe, TWP of - EIT (504003)",MUNICIPAL
PA,TAX2081,42-099-1216940-EIT-504003,"Howe, TWP of - EIT (504003)",SCHOOL
PA,TAX3461,42-107-1215558-LST-546103,"Mount Carbon, BORO of - LST",MUNICIPAL
PA,TAX3461,42-107-1215558-LST-546103,"Mount Carbon, BORO of - LST",SCHOOL
PA,TAX82,42-125-1215650-EIT-631503,"Allenport, BORO of - EIT",MUNICIPAL
PA,TAX82,42-125-1215650-EIT-631503,"Allenport, BORO of - EIT",SCHOOL
PA,TAX5940,42-051-1216447-LST-268003,"Stewart, TWP of - LST",MUNICIPAL
PA,TAX5940,42-051-1216447-LST-268003,"Stewart, TWP of - LST",SCHOOL
PA,TAX2389,42-009-1215897-LST-071504,"Kimmel, TWP of - LST",MUNICIPAL
PA,TAX2389,42-009-1215897-LST-071504,"Kimmel, TWP of - LST",SCHOOL
PA,TAX6838,42-035-1216272-LST-183602,"Woodward, TWP of - LST (183602)",MUNICIPAL
PA,TAX6838,42-035-1216272-LST-183602,"Woodward, TWP of - LST (183602)",SCHOOL
PA,TAX662,42-037-1216276-EIT-197503,"Catawissa, TWP of - EIT (197503)",MUNICIPAL
PA,TAX662,42-037-1216276-EIT-197503,"Catawissa, TWP of - EIT (197503)",SCHOOL
PA,TAX2751,42-025-1215046-LST-136603,"Lansford, BORO of - LST",MUNICIPAL
PA,TAX2751,42-025-1215046-LST-136603,"Lansford, BORO of - LST",SCHOOL
PA,TAX621,42-041-1215147-EIT-211103,"Carlisle, BORO of - EIT",MUNICIPAL
PA,TAX621,42-041-1215147-EIT-211103,"Carlisle, BORO of - EIT",SCHOOL
PA,TAX5221,42-121-1215641-LST-612203,"Polk, BORO of - LST",MUNICIPAL
PA,TAX5221,42-121-1215641-LST-612203,"Polk, BORO of - LST",SCHOOL
PA,TAX2382,42-025-1216110-EIT-135003,"Kidder, TWP of - EIT (135003)",MUNICIPAL
PA,TAX2382,42-025-1216110-EIT-135003,"Kidder, TWP of - EIT (135003)",SCHOOL
PA,TAX5170,42-079-1215405-EIT-406602,"Pittston, City of - EIT",MUNICIPAL
PA,TAX5170,42-079-1215405-EIT-406602,"Pittston, City of - EIT",SCHOOL
PA,TAX5868,42-029-1215078-LST-467303,"Spring City, BORO of - LST",MUNICIPAL
PA,TAX5868,42-029-1215078-LST-467303,"Spring City, BORO of - LST",SCHOOL
PA,TAX243,42-125-1215651-LST-631003,"Beallsville, BORO of - LST",MUNICIPAL
PA,TAX243,42-125-1215651-LST-631003,"Beallsville, BORO of - LST",SCHOOL
PA,TAX4924,42-037-1216290-EIT-191503,"Orange, TWP of - EIT",MUNICIPAL
PA,TAX4924,42-037-1216290-EIT-191503,"Orange, TWP of - EIT",SCHOOL
PA,TAX6111,42-089-1216848-LST-455403,"Tobyhanna, TWP of - LST",MUNICIPAL
PA,TAX6111,42-089-1216848-LST-455403,"Tobyhanna, TWP of - LST",SCHOOL
PA,TAX1638,42-051-1216433-EIT-268003,"Franklin, TWP of - EIT (268003)",MUNICIPAL
PA,TAX1638,42-051-1216433-EIT-268003,"Franklin, TWP of - EIT (268003)",SCHOOL
PA,TAX5504,42-029-1216174-LST-151902,"Sadsbury, TWP of - LST (151902)",MUNICIPAL
PA,TAX5504,42-029-1216174-LST-151902,"Sadsbury, TWP of - LST (151902)",SCHOOL
PA,TAX5909,42-039-1216317-EIT-201033,"Spring, TWP of - EIT (201033)",MUNICIPAL
PA,TAX5909,42-039-1216317-EIT-201033,"Spring, TWP of - EIT (201033)",SCHOOL
PA,TAX3542,42-095-1215497-EIT-484803,"Nazareth, BORO of - EIT",MUNICIPAL
PA,TAX3542,42-095-1215497-EIT-484803,"Nazareth, BORO of - EIT",SCHOOL
PA,TAX1481,42-079-1216710-LST-409203,"Exeter, TWP of - LST (409203)",MUNICIPAL
PA,TAX1481,42-079-1216710-LST-409203,"Exeter, TWP of - LST (409203)",SCHOOL
PA,TAX5246,42-081-1216771-EIT-414003,"Porter, TWP of - EIT (414003)",MUNICIPAL
PA,TAX5246,42-081-1216771-EIT-414003,"Porter, TWP of - EIT (414003)",SCHOOL
PA,TAX5519,42-031-1215089-EIT-160303,"Saint Petersburg, BORO of-EIT",MUNICIPAL
PA,TAX5519,42-031-1215089-EIT-160303,"Saint Petersburg, BORO of-EIT",SCHOOL
PA,TAX5833,42-039-1216315-EIT-433604,"South Shenango, TWP of - EIT",MUNICIPAL
PA,TAX5833,42-039-1216315-EIT-433604,"South Shenango, TWP of - EIT",SCHOOL
PA,TAX809,42-019-1216049-EIT-107803,"Clinton, TWP of - EIT (107803)",MUNICIPAL
PA,TAX809,42-019-1216049-EIT-107803,"Clinton, TWP of - EIT (107803)",SCHOOL
PA,TAX3469,42-041-1215150-LST-211103,"Mount Holly Springs, BORO of-LST",MUNICIPAL
PA,TAX3469,42-041-1215150-LST-211103,"Mount Holly Springs, BORO of-LST",SCHOOL
PA,TAX2896,42-073-1216655-EIT-375003,"Little Beaver, TWP of - EIT",MUNICIPAL
PA,TAX2896,42-073-1216655-EIT-375003,"Little Beaver, TWP of - EIT",SCHOOL
PA,TAX1488,42-051-1215228-LST-260303,"Fairchance, BORO of - LST",MUNICIPAL
PA,TAX1488,42-051-1215228-LST-260303,"Fairchance, BORO of - LST",SCHOOL
PA,TAX5738,42-027-1215061-LST-141003,"Snow Shoe, BORO of - LST",MUNICIPAL
PA,TAX5738,42-027-1215061-LST-141003,"Snow Shoe, BORO of - LST",SCHOOL
PA,TAX3628,42-029-1216168-LST-158503,"Newlin, TWP of - LST",MUNICIPAL
PA,TAX3628,42-029-1216168-LST-158503,"Newlin, TWP of - LST",SCHOOL
PA,TAX6005,42-039-1216320-LST-201033,"Summit, TWP of - LST (201033)",MUNICIPAL
PA,TAX6005,42-039-1216320-LST-201033,"Summit, TWP of - LST (201033)",SCHOOL
PA,TAX2984,42-091-1216862-EIT-466303,"Lower Pottsgrove, TWP of-EIT",MUNICIPAL
PA,TAX2984,42-091-1216862-EIT-466303,"Lower Pottsgrove, TWP of-EIT",SCHOOL
PA,TAX1798,42-055-1216461-LST-281302,"Greene, TWP of - LST (281302)",MUNICIPAL
PA,TAX1798,42-055-1216461-LST-281302,"Greene, TWP of - LST (281302)",SCHOOL
PA,TAX2961,42-077-1216689-LST-392303,"Lower Macungie, TWP of - LST",MUNICIPAL
PA,TAX2961,42-077-1216689-LST-392303,"Lower Macungie, TWP of - LST",SCHOOL
PA,TAX2399,42-005-1215847-LST-030603,"Kiskiminetas, TWP of - LST",MUNICIPAL
PA,TAX2399,42-005-1215847-LST-030603,"Kiskiminetas, TWP of - LST",SCHOOL
PA,TAX1880,42-117-1217112-LST-597003,"Hamilton, TWP of - LST (597003)",MUNICIPAL
PA,TAX1880,42-117-1217112-LST-597003,"Hamilton, TWP of - LST (597003)",SCHOOL
PA,TAX4901,42-129-1215718-EIT-654403,"Oklahoma, BORO of - EIT",MUNICIPAL
PA,TAX4901,42-129-1215718-EIT-654403,"Oklahoma, BORO of - EIT",SCHOOL
PA,TAX338,42-003-1214770-EIT-021252,"Bethel Park, BORO of - EIT",MUNICIPAL
PA,TAX338,42-003-1214770-EIT-021252,"Bethel Park, BORO of - EIT",SCHOOL
PA,TAX6531,42-025-1215052-EIT-139004,"Weatherly, BORO of - EIT",MUNICIPAL
PA,TAX6531,42-025-1215052-EIT-139004,"Weatherly, BORO of - EIT",SCHOOL
PA,TAX3786,42-051-1216441-LST-264003,"North Union, TWP of - LST (264003)",MUNICIPAL
PA,TAX3786,42-051-1216441-LST-264003,"North Union, TWP of - LST (264003)",SCHOOL
PA,TAX149,42-063-1216531-EIT-323703,"Armstrong, TWP of - EIT (323703)",MUNICIPAL
PA,TAX149,42-063-1216531-EIT-323703,"Armstrong, TWP of - EIT (323703)",SCHOOL
PA,TAX5243,42-035-1216269-EIT-183602,"Porter, TWP of - EIT (183602)",MUNICIPAL
PA,TAX5243,42-035-1216269-EIT-183602,"Porter, TWP of - EIT (183602)",SCHOOL
PA,TAX3070,42-133-1215753-EIT-674403,"Manchester, BORO of - EIT",MUNICIPAL
PA,TAX3070,42-133-1215753-EIT-674403,"Manchester, BORO of - EIT",SCHOOL
PA,TAX6766,42-003-1215838-EIT-029902,"Wilkins, TWP of - EIT",MUNICIPAL
PA,TAX6766,42-003-1215838-EIT-029902,"Wilkins, TWP of - EIT",SCHOOL
PA,TAX3046,42-033-1215105-EIT-327303,"Mahaffey, BORO of - EIT",MUNICIPAL
PA,TAX3046,42-033-1215105-EIT-327303,"Mahaffey, BORO of - EIT",SCHOOL
PA,TAX4987,42-095-1216907-EIT-484803,"Palmer, TWP of - EIT (484803)",MUNICIPAL
PA,TAX4987,42-095-1216907-EIT-484803,"Palmer, TWP of - EIT (484803)",SCHOOL
PA,TAX5175,42-095-1216908-LST-485603,"Plainfield, TWP of - LST",MUNICIPAL
PA,TAX5175,42-095-1216908-LST-485603,"Plainfield, TWP of - LST",SCHOOL
PA,TAX5543,42-061-1215278-EIT-317503,"Saltillo, BORO of - EIT",MUNICIPAL
PA,TAX5543,42-061-1215278-EIT-317503,"Saltillo, BORO of - EIT",SCHOOL
PA,TAX3053,42-005-1215850-EIT-168003,"Mahoning, TWP of - EIT (168003)",MUNICIPAL
PA,TAX3053,42-005-1215850-EIT-168003,"Mahoning, TWP of - EIT (168003)",SCHOOL
PA,TAX1623,42-121-1215638-EIT-612203,"Franklin, City of - EIT",MUNICIPAL
PA,TAX1623,42-121-1215638-EIT-612203,"Franklin, City of - EIT",SCHOOL
PA,TAX2841,42-119-1217133-LST-605003,"Lewis, TWP of - LST (605003)",MUNICIPAL
PA,TAX2841,42-119-1217133-LST-605003,"Lewis, TWP of - LST (605003)",SCHOOL
PA,TAX3271,42-021-1216089-LST-112003,"Middle Taylor, TWP of - LST",MUNICIPAL
PA,TAX3271,42-021-1216089-LST-112003,"Middle Taylor, TWP of - LST",SCHOOL
PA,TAX2845,42-117-1215624-LST-597003,"Liberty, BORO of - LST (597003)",MUNICIPAL
PA,TAX2845,42-117-1215624-LST-597003,"Liberty, BORO of - LST (597003)",SCHOOL
PA,TAX6058,42-017-1217321-LST-467103,"Telford, BORO of - LST (467103)",MUNICIPAL
PA,TAX6058,42-017-1217321-LST-467103,"Telford, BORO of - LST (467103)",SCHOOL
PA,TAX1283,42-133-1217285-LST-676203,"East Hopewell, TWP of - LST",MUNICIPAL
PA,TAX1283,42-133-1217285-LST-676203,"East Hopewell, TWP of - LST",SCHOOL
PA,TAX1566,42-037-1216279-LST-191004,"Fishing Creek, TWP of - LST",MUNICIPAL
PA,TAX1566,42-037-1216279-LST-191004,"Fishing Creek, TWP of - LST",SCHOOL
PA,TAX5091,42-065-1216566-EIT-338003,"Perry, TWP of - EIT (338003)",MUNICIPAL
PA,TAX5091,42-065-1216566-EIT-338003,"Perry, TWP of - EIT (338003)",SCHOOL
PA,TAX6724,42-105-1216990-EIT-530304,"Wharton, TWP of - EIT (530304)",MUNICIPAL
PA,TAX6724,42-105-1216990-EIT-530304,"Wharton, TWP of - EIT (530304)",SCHOOL
PA,TAX6450,42-055-1216473-EIT-289003,"Washington, TWP of - EIT (289003)",MUNICIPAL
PA,TAX6450,42-055-1216473-EIT-289003,"Washington, TWP of - EIT (289003)",SCHOOL
PA,TAX2773,42-129-1217442-LST-654903,"Laurel Mountain, BORO of-LST",MUNICIPAL
PA,TAX2773,42-129-1217442-LST-654903,"Laurel Mountain, BORO of-LST",SCHOOL
PA,TAX174,42-029-1215065-LST-156503,"Atglen, BORO of - LST",MUNICIPAL
PA,TAX174,42-029-1215065-LST-156503,"Atglen, BORO of - LST",SCHOOL
PA,TAX311,42-027-1216118-LST-148002,"Benner, TWP of - LST (148002)",MUNICIPAL
PA,TAX311,42-027-1216118-LST-148002,"Benner, TWP of - LST (148002)",SCHOOL
PA,TAX1188,42-051-1216432-EIT-261302,"Dunbar, TWP of - EIT",MUNICIPAL
PA,TAX1188,42-051-1216432-EIT-261302,"Dunbar, TWP of - EIT",SCHOOL
PA,TAX3641,42-107-1215559-EIT-546803,"New Philadelphia, BORO of-EIT",MUNICIPAL
PA,TAX3641,42-107-1215559-EIT-546803,"New Philadelphia, BORO of-EIT",SCHOOL
PA,TAX6199,42-013-1215969-LST-070502,"Tyrone, TWP of - LST (070502)",MUNICIPAL
PA,TAX6199,42-013-1215969-LST-070502,"Tyrone, TWP of - LST (070502)",SCHOOL
PA,TAX573,42-005-1215842-EIT-030852,"Cadogan, TWP of - EIT",MUNICIPAL
PA,TAX573,42-005-1215842-EIT-030852,"Cadogan, TWP of - EIT",SCHOOL
PA,TAX1700,42-021-1216084-LST-116003,"Gallitzin, TWP of - LST",MUNICIPAL
PA,TAX1700,42-021-1216084-LST-116003,"Gallitzin, TWP of - LST",SCHOOL
PA,TAX3385,42-007-1214884-EIT-042003,"Monaca, BORO of - EIT",MUNICIPAL
PA,TAX3385,42-007-1214884-EIT-042003,"Monaca, BORO of - EIT",SCHOOL
PA,TAX89,42-095-1216896-LST-484903,"Allen, TWP of - LST",MUNICIPAL
PA,TAX89,42-095-1216896-LST-484903,"Allen, TWP of - LST",SCHOOL
PA,TAX5220,42-121-1215641-EIT-612203,"Polk, BORO of - EIT",MUNICIPAL
PA,TAX5220,42-121-1215641-EIT-612203,"Polk, BORO of - EIT",SCHOOL
PA,TAX1615,42-107-1217002-EIT-546003,"Frailey, TWP of - EIT",MUNICIPAL
PA,TAX1615,42-107-1217002-EIT-546003,"Frailey, TWP of - EIT",SCHOOL
PA,TAX1158,42-133-1217284-EIT-671803,"Dover, TWP of - EIT",MUNICIPAL
PA,TAX1158,42-133-1217284-EIT-671803,"Dover, TWP of - EIT",SCHOOL
PA,TAX904,42-001-1215778-LST-011603,"Conewago, TWP of - LST (011603)",MUNICIPAL
PA,TAX904,42-001-1215778-LST-011603,"Conewago, TWP of - LST (011603)",SCHOOL
PA,TAX1113,42-129-1215696-LST-651603,"Derry, BORO of - LST",MUNICIPAL
PA,TAX1113,42-129-1215696-LST-651603,"Derry, BORO of - LST",SCHOOL
PA,TAX2867,42-129-1217240-LST-654903,"Ligonier, TWP of - LST",MUNICIPAL
PA,TAX2867,42-129-1217240-LST-654903,"Ligonier, TWP of - LST",SCHOOL
PA,TAX3005,42-021-1216086-LST-112502,"Lower Yoder, TWP of - LST",MUNICIPAL
PA,TAX3005,42-021-1216086-LST-112502,"Lower Yoder, TWP of - LST",SCHOOL
PA,TAX3166,42-081-1216758-EIT-081003,"McIntyre, TWP of - EIT",MUNICIPAL
PA,TAX3166,42-081-1216758-EIT-081003,"McIntyre, TWP of - EIT",SCHOOL
PA,TAX1991,42-011-1215928-LST-468603,"Hereford, TWP of - LST",MUNICIPAL
PA,TAX1991,42-011-1215928-LST-468603,"Hereford, TWP of - LST",SCHOOL
PA,TAX3282,42-007-1214883-LST-045303,"Midland, BORO of - LST",MUNICIPAL
PA,TAX3282,42-007-1214883-LST-045303,"Midland, BORO of - LST",SCHOOL
PA,TAX6852,42-065-1215308-EIT-338003,"Worthville, BORO of - EIT",MUNICIPAL
PA,TAX6852,42-065-1215308-EIT-338003,"Worthville, BORO of - EIT",SCHOOL
PA,TAX5765,42-111-1217063-EIT-565203,"Southampton, TWP of - EIT (565203)",MUNICIPAL
PA,TAX5765,42-111-1217063-EIT-565203,"Southampton, TWP of - EIT (565203)",SCHOOL
PA,TAX5317,42-009-1214903-LST-051003,"Rainsburg, BORO of - LST",MUNICIPAL
PA,TAX5317,42-009-1214903-LST-051003,"Rainsburg, BORO of - LST",SCHOOL
PA,TAX6679,42-029-1216194-EIT-152003,"West Pikeland, TWP of - EIT",MUNICIPAL
PA,TAX6679,42-029-1216194-EIT-152003,"West Pikeland, TWP of - EIT",SCHOOL
PA,TAX1551,42-027-1216123-EIT-148002,"Ferguson, TWP of - EIT (148002)",MUNICIPAL
PA,TAX1551,42-027-1216123-EIT-148002,"Ferguson, TWP of - EIT (148002)",SCHOOL
PA,TAX6672,42-033-1215112-LST-173504,"Westover, BORO of - LST",MUNICIPAL
PA,TAX6672,42-033-1215112-LST-173504,"Westover, BORO of - LST",SCHOOL
PA,TAX1276,42-043-1216355-EIT-224003,"East Hanover, TWP of - EIT (224003)",MUNICIPAL
PA,TAX1276,42-043-1216355-EIT-224003,"East Hanover, TWP of - EIT (224003)",SCHOOL
PA,TAX6511,42-059-1215263-EIT-301403,"Waynesburg, BORO of - EIT",MUNICIPAL
PA,TAX6511,42-059-1215263-EIT-301403,"Waynesburg, BORO of - EIT",SCHOOL
PA,TAX1327,42-133-1215741-LST-672203,"East Prospect, BORO of - LST",MUNICIPAL
PA,TAX1327,42-133-1215741-LST-672203,"East Prospect, BORO of - LST",SCHOOL
PA,TAX3836,42-003-1214814-EIT-028203,"Oakmont, BORO of - EIT",MUNICIPAL
PA,TAX3836,42-003-1214814-EIT-028203,"Oakmont, BORO of - EIT",SCHOOL
PA,TAX1463,42-063-1215287-EIT-325203,"Ernest, BORO of - EIT",MUNICIPAL
PA,TAX1463,42-063-1215287-EIT-325203,"Ernest, BORO of - EIT",SCHOOL
PA,TAX1669,42-001-1215781-EIT-013753,"Freedom, TWP of - EIT (013753)",MUNICIPAL
PA,TAX1669,42-001-1215781-EIT-013753,"Freedom, TWP of - EIT (013753)",SCHOOL
PA,TAX6884,42-011-1214937-LST-069103,"Wyomissing, BORO of - LST (069103)",MUNICIPAL
PA,TAX6884,42-011-1214937-LST-069103,"Wyomissing, BORO of - LST (069103)",SCHOOL
PA,TAX6665,42-129-1215728-EIT-658903,"West Newton, BORO of - EIT",MUNICIPAL
PA,TAX6665,42-129-1215728-EIT-658903,"West Newton, BORO of - EIT",SCHOOL
PA,TAX620,42-061-1216503-LST-058003,"Carbon, TWP of - LST",MUNICIPAL
PA,TAX620,42-061-1216503-LST-058003,"Carbon, TWP of - LST",SCHOOL
PA,TAX5561,42-021-1215032-LST-116003,"Sankertown, BORO of - LST",MUNICIPAL
PA,TAX5561,42-021-1215032-LST-116003,"Sankertown, BORO of - LST",SCHOOL
PA,TAX6422,42-055-1216472-LST-286003,"Warren, TWP of - LST (286003)",MUNICIPAL
PA,TAX6422,42-055-1216472-LST-286003,"Warren, TWP of - LST (286003)",SCHOOL
PA,TAX6893,42-133-1215770-EIT-671603,"Yoe, BORO of - EIT",MUNICIPAL
PA,TAX6893,42-133-1215770-EIT-671603,"Yoe, BORO of - EIT",SCHOOL
PA,TAX3347,42-027-1215058-EIT-147003,"Millheim, BORO of - EIT",MUNICIPAL
PA,TAX3347,42-027-1215058-EIT-147003,"Millheim, BORO of - EIT",SCHOOL
PA,TAX2314,42-111-1217050-LST-567703,"Jefferson, TWP of - LST (567703)",MUNICIPAL
PA,TAX2314,42-111-1217050-LST-567703,"Jefferson, TWP of - LST (567703)",SCHOOL
PA,TAX6286,42-097-1216931-EIT-493503,"Upper Mahanoy, TWP of - EIT",MUNICIPAL
PA,TAX6286,42-097-1216931-EIT-493503,"Upper Mahanoy, TWP of - EIT",SCHOOL
PA,TAX6445,42-019-1216069-EIT-105353,"Washington, TWP of - EIT (105353)",MUNICIPAL
PA,TAX6445,42-019-1216069-EIT-105353,"Washington, TWP of - EIT (105353)",SCHOOL
PA,TAX5295,42-065-1215301-EIT-338003,"Punxsutawney, BORO of - EIT",MUNICIPAL
PA,TAX5295,42-065-1215301-EIT-338003,"Punxsutawney, BORO of - EIT",SCHOOL
PA,TAX3481,42-071-1216637-LST-362403,"Mount Joy, TWP of - LST (362403)",MUNICIPAL
PA,TAX3481,42-071-1216637-LST-362403,"Mount Joy, TWP of - LST (362403)",SCHOOL
PA,TAX5851,42-077-1216695-EIT-395103,"South Whitehall, TWP of - EIT",MUNICIPAL
PA,TAX5851,42-077-1216695-EIT-395103,"South Whitehall, TWP of - EIT",SCHOOL
PA,TAX1482,42-131-1217265-LST-409203,"Exeter, TWP of - LST (409203)",MUNICIPAL
PA,TAX1482,42-131-1217265-LST-409203,"Exeter, TWP of - LST (409203)",SCHOOL
PA,TAX6514,42-035-1216270-EIT-183602,"Wayne, TWP of - EIT (183602)",MUNICIPAL
PA,TAX6514,42-035-1216270-EIT-183602,"Wayne, TWP of - EIT (183602)",SCHOOL
PA,TAX415,42-005-1215840-LST-030852,"Boggs, TWP of - LST (030852)",MUNICIPAL
PA,TAX415,42-005-1215840-LST-030852,"Boggs, TWP of - LST (030852)",SCHOOL
PA,TAX5801,42-129-1215723-LST-653203,"South Greensburg, BORO of-LST (653203)",MUNICIPAL
PA,TAX5801,42-129-1215723-LST-653203,"South Greensburg, BORO of-LST (653203)",SCHOOL
PA,TAX4957,42-105-1215539-EIT-537504,"Oswayo, BORO of - EIT",MUNICIPAL
PA,TAX4957,42-105-1215539-EIT-537504,"Oswayo, BORO of - EIT",SCHOOL
PA,TAX5807,42-007-1214891-EIT-040703,"South Heights, BORO of - EIT",MUNICIPAL
PA,TAX5807,42-007-1214891-EIT-040703,"South Heights, BORO of - EIT",SCHOOL
PA,TAX5924,42-015-1215995-LST-086503,"Standing Stone, TWP of - LST",MUNICIPAL
PA,TAX5924,42-015-1215995-LST-086503,"Standing Stone, TWP of - LST",SCHOOL
PA,TAX5377,42-021-1216093-LST-116503,"Richland, TWP of - LST (116503)",MUNICIPAL
PA,TAX5377,42-021-1216093-LST-116503,"Richland, TWP of - LST (116503)",SCHOOL
PA,TAX5694,42-113-1217075-EIT-576303,"Shrewsbury, TWP of - EIT (576303)",MUNICIPAL
PA,TAX5694,42-113-1217075-EIT-576303,"Shrewsbury, TWP of - EIT (576303)",SCHOOL
PA,TAX2043,42-029-1216162-LST-068103,"Honey Brook, TWP of - LST",MUNICIPAL
PA,TAX2043,42-029-1216162-LST-068103,"Honey Brook, TWP of - LST",SCHOOL
PA,TAX123,42-083-1216779-LST-426303,"Annin, TWP of - LST",MUNICIPAL
PA,TAX123,42-083-1216779-LST-426303,"Annin, TWP of - LST",SCHOOL
PA,TAX6668,42-091-1216882-LST-465602,"West Norriton, TWP of - LST",MUNICIPAL
PA,TAX6668,42-091-1216882-LST-465602,"West Norriton, TWP of - LST",SCHOOL
PA,TAX5120,42-011-1215942-EIT-066503,"Pike, TWP of - EIT (066503)",MUNICIPAL
PA,TAX5120,42-011-1215942-EIT-066503,"Pike, TWP of - EIT (066503)",SCHOOL
PA,TAX5907,42-011-1215948-EIT-069103,"Spring, TWP of - EIT (069103)",MUNICIPAL
PA,TAX5907,42-011-1215948-EIT-069103,"Spring, TWP of - EIT (069103)",SCHOOL
PA,TAX6263,42-011-1215952-LST-063503,"Upper Bern, TWP of - LST",MUNICIPAL
PA,TAX6263,42-011-1215952-LST-063503,"Upper Bern, TWP of - LST",SCHOOL
PA,TAX175,42-015-1214949-EIT-080503,"Athens, BORO of - EIT",MUNICIPAL
PA,TAX175,42-015-1214949-EIT-080503,"Athens, BORO of - EIT",SCHOOL
PA,TAX6225,42-075-1216685-EIT-385003,"Union, TWP of - EIT (385003)",MUNICIPAL
PA,TAX6225,42-075-1216685-EIT-385003,"Union, TWP of - EIT (385003)",SCHOOL
PA,TAX1391,42-065-1216559-EIT-330803,"Eldred, TWP of - EIT (330803)",MUNICIPAL
PA,TAX1391,42-065-1216559-EIT-330803,"Eldred, TWP of - EIT (330803)",SCHOOL
PA,TAX5201,42-121-1217151-LST-204703,"Plum, TWP of - LST",MUNICIPAL
PA,TAX5201,42-121-1217151-LST-204703,"Plum, TWP of - LST",SCHOOL
PA,TAX6526,42-049-1216428-LST-251453,"Wayne, TWP of - LST (251453)",MUNICIPAL
PA,TAX6526,42-049-1216428-LST-251453,"Wayne, TWP of - LST (251453)",SCHOOL
PA,TAX3072,42-133-1217296-EIT-671303,"Manchester, TWP of - EIT",MUNICIPAL
PA,TAX3072,42-133-1217296-EIT-671303,"Manchester, TWP of - EIT",SCHOOL
PA,TAX81,42-129-1217232-LST-654403,"Allegheny, TWP of - LST (654403)",MUNICIPAL
PA,TAX81,42-129-1217232-LST-654403,"Allegheny, TWP of - LST (654403)",SCHOOL
PA,TAX1904,42-003-1215808-LST-020603,"Harmar, TWP of - LST",MUNICIPAL
PA,TAX1904,42-003-1215808-LST-020603,"Harmar, TWP of - LST",SCHOOL
PA,TAX603,42-063-1216537-EIT-325203,"Canoe, TWP of - EIT (325203)",MUNICIPAL
PA,TAX603,42-063-1216537-EIT-325203,"Canoe, TWP of - EIT (325203)",SCHOOL
PA,TAX5609,42-019-1217441-EIT-107903,"Seven Fields, BORO of - EIT",MUNICIPAL
PA,TAX5609,42-019-1217441-EIT-107903,"Seven Fields, BORO of - EIT",SCHOOL
PA,TAX6713,42-063-1216552-EIT-328003,"West Wheatfield, TWP of - EIT",MUNICIPAL
PA,TAX6713,42-063-1216552-EIT-328003,"West Wheatfield, TWP of - EIT",SCHOOL
PA,TAX6015,42-021-1216096-LST-114503,"Susquehanna, TWP of - LST (114503)",MUNICIPAL
PA,TAX6015,42-021-1216096-LST-114503,"Susquehanna, TWP of - LST (114503)",SCHOOL
PA,TAX6255,42-129-1217259-LST-653102,"Unity, TWP of - LST",MUNICIPAL
PA,TAX6255,42-129-1217259-LST-653102,"Unity, TWP of - LST",SCHOOL
PA,TAX6318,42-077-1216698-EIT-395703,"Upper Saucon, TWP of - EIT",MUNICIPAL
PA,TAX6318,42-077-1216698-EIT-395703,"Upper Saucon, TWP of - EIT",SCHOOL
PA,TAX516,42-081-1216742-LST-414003,"Brown, TWP of - LST (414003)",MUNICIPAL
PA,TAX516,42-081-1216742-LST-414003,"Brown, TWP of - LST (414003)",SCHOOL
PA,TAX6576,42-097-1216933-LST-493503,"West Cameron, TWP of - LST",MUNICIPAL
PA,TAX6576,42-097-1216933-LST-493503,"West Cameron, TWP of - LST",SCHOOL
PA,TAX6740,42-079-1215415-LST-401403,"White Haven, BORO of - LST",MUNICIPAL
PA,TAX6740,42-079-1215415-LST-401403,"White Haven, BORO of - LST",SCHOOL
PA,TAX2901,42-097-1216920-LST-493503,"Little Mahanoy, TWP of - LST",MUNICIPAL
PA,TAX2901,42-097-1216920-LST-493503,"Little Mahanoy, TWP of - LST",SCHOOL
PA,TAX1360,42-131-1217264-LST-667503,"Eaton, TWP of - LST",MUNICIPAL
PA,TAX1360,42-131-1217264-LST-667503,"Eaton, TWP of - LST",SCHOOL
PA,TAX357,42-007-1215866-LST-041503,"Big Beaver, BORO of - LST",MUNICIPAL
PA,TAX357,42-007-1215866-LST-041503,"Big Beaver, BORO of - LST",SCHOOL
PA,TAX3733,42-125-1215675-LST-631803,"North Charleroi, BORO of-LST",MUNICIPAL
PA,TAX3733,42-125-1215675-LST-631803,"North Charleroi, BORO of-LST",SCHOOL
PA,TAX1752,42-069-1216598-LST-350303,"Glenburn, TWP of - LST",MUNICIPAL
PA,TAX1752,42-069-1216598-LST-350303,"Glenburn, TWP of - LST",SCHOOL
PA,TAX5190,42-009-1214902-EIT-051503,"Pleasantville, BORO of - EIT (051503)",MUNICIPAL
PA,TAX5190,42-009-1214902-EIT-051503,"Pleasantville, BORO of - EIT (051503)",SCHOOL
PA,TAX1837,42-099-1216939-LST-503004,"Greenwood, TWP of - LST (503004)",MUNICIPAL
PA,TAX1837,42-099-1216939-LST-503004,"Greenwood, TWP of - LST (503004)",SCHOOL
PA,TAX1945,42-003-1214800-EIT-027753,"Haysville, BORO of - EIT",MUNICIPAL
PA,TAX1945,42-003-1214800-EIT-027753,"Haysville, BORO of - EIT",SCHOOL
PA,TAX6063,42-015-1215997-EIT-089003,"Terry, TWP of - EIT",MUNICIPAL
PA,TAX6063,42-015-1215997-EIT-089003,"Terry, TWP of - EIT",SCHOOL
PA,TAX3783,42-097-1215515-LST-496603,"Northumberland, BORO of - LST",MUNICIPAL
PA,TAX3783,42-097-1215515-LST-496603,"Northumberland, BORO of - LST",SCHOOL
PA,TAX2921,42-133-1215752-LST-671603,"Loganville, BORO of - LST",MUNICIPAL
PA,TAX2921,42-133-1215752-LST-671603,"Loganville, BORO of - LST",SCHOOL
PA,TAX3740,42-049-1215216-EIT-258303,"North East, BORO of - EIT",MUNICIPAL
PA,TAX3740,42-049-1215216-EIT-258303,"North East, BORO of - EIT",SCHOOL
PA,TAX1080,42-085-1216795-EIT-431304,"Deer Creek, TWP of - EIT",MUNICIPAL
PA,TAX1080,42-085-1216795-EIT-431304,"Deer Creek, TWP of - EIT",SCHOOL
PA,TAX3718,42-129-1215716-EIT-650603,"North Belle Vernon, BORO of-EIT",MUNICIPAL
PA,TAX3718,42-129-1215716-EIT-650603,"North Belle Vernon, BORO of-EIT",SCHOOL
PA,TAX5652,42-123-1217175-LST-628302,Sheffield Township - LST,MUNICIPAL
PA,TAX5652,42-123-1217175-LST-628302,Sheffield Township - LST,SCHOOL
PA,TAX6670,42-029-1216193-LST-156703,"West Nottingham, TWP of - LST",MUNICIPAL
PA,TAX6670,42-029-1216193-LST-156703,"West Nottingham, TWP of - LST",SCHOOL
PA,TAX581,42-125-1215654-EIT-631503,"California, BORO of - EIT",MUNICIPAL
PA,TAX581,42-125-1215654-EIT-631503,"California, BORO of - EIT",SCHOOL
PA,TAX485,42-033-1215093-LST-175003,"Brisbin, BORO of - LST",MUNICIPAL
PA,TAX485,42-033-1215093-LST-175003,"Brisbin, BORO of - LST",SCHOOL
PA,TAX2012,42-001-1215785-LST-013753,"Highland, TWP of - LST (013753)",MUNICIPAL
PA,TAX2012,42-001-1215785-LST-013753,"Highland, TWP of - LST (013753)",SCHOOL
PA,TAX6180,42-015-1216000-EIT-089003,"Tuscarora, TWP of - EIT (089003)",MUNICIPAL
PA,TAX6180,42-015-1216000-EIT-089003,"Tuscarora, TWP of - EIT (089003)",SCHOOL
PA,TAX3505,42-061-1215274-LST-316003,"Mount Union, BORO of - LST",MUNICIPAL
PA,TAX3505,42-061-1215274-LST-316003,"Mount Union, BORO of - LST",SCHOOL
PA,TAX1733,42-059-1216489-EIT-308503,"Gilmore, TWP of - EIT",MUNICIPAL
PA,TAX1733,42-059-1216489-EIT-308503,"Gilmore, TWP of - EIT",SCHOOL
PA,TAX1686,42-085-1216799-LST-201352,"French Creek, TWP of - LST",MUNICIPAL
PA,TAX1686,42-085-1216799-LST-201352,"French Creek, TWP of - LST",SCHOOL
PA,TAX137,42-005-1214845-LST-030852,"Applewold, BORO of - LST",MUNICIPAL
PA,TAX137,42-005-1214845-LST-030852,"Applewold, BORO of - LST",SCHOOL
PA,TAX648,42-061-1215267-LST-317503,"Cassville, BORO of - LST",MUNICIPAL
PA,TAX648,42-061-1215267-LST-317503,"Cassville, BORO of - LST",SCHOOL
PA,TAX1886,42-003-1215807-LST-024603,"Hampton, TWP of - LST",MUNICIPAL
PA,TAX1886,42-003-1215807-LST-024603,"Hampton, TWP of - LST",SCHOOL
PA,TAX5089,42-051-1729684-EIT-262903,"Perry, TWP of - EIT (262903)",MUNICIPAL
PA,TAX5089,42-051-1729684-EIT-262903,"Perry, TWP of - EIT (262903)",SCHOOL
PA,TAX6697,42-085-1216822-EIT-435303,"West Salem, TWP of - EIT",MUNICIPAL
PA,TAX6697,42-085-1216822-EIT-435303,"West Salem, TWP of - EIT",SCHOOL
PA,TAX2000,42-015-1215981-LST-089003,"Herrick, TWP of - LST (089003)",MUNICIPAL
PA,TAX2000,42-015-1215981-LST-089003,"Herrick, TWP of - LST (089003)",SCHOOL
PA,TAX5623,42-129-1217257-EIT-658903,"Sewickley, TWP of - EIT",MUNICIPAL
PA,TAX5623,42-129-1217257-EIT-658903,"Sewickley, TWP of - EIT",SCHOOL
PA,TAX6763,42-079-1216736-LST-408852,"Wilkes Barre, TWP of - LST",MUNICIPAL
PA,TAX6763,42-079-1216736-LST-408852,"Wilkes Barre, TWP of - LST",SCHOOL
PA,TAX3047,42-033-1215105-LST-327303,"Mahaffey, BORO of - LST",MUNICIPAL
PA,TAX3047,42-033-1215105-LST-327303,"Mahaffey, BORO of - LST",SCHOOL
PA,TAX5502,42-071-1216643-EIT-156503,"Sadsbury, TWP of - EIT (156503)",MUNICIPAL
PA,TAX5502,42-071-1216643-EIT-156503,"Sadsbury, TWP of - EIT (156503)",SCHOOL
PA,TAX1257,42-071-1216622-LST-362203,"East Donegal, TWP of - LST",MUNICIPAL
PA,TAX1257,42-071-1216622-LST-362203,"East Donegal, TWP of - LST",SCHOOL
PA,TAX2959,42-011-1215932-LST-069103,"Lower Heidelberg, TWP of-LST",MUNICIPAL
PA,TAX2959,42-011-1215932-LST-069103,"Lower Heidelberg, TWP of-LST",SCHOOL
PA,TAX3537,42-021-1215029-LST-110603,"Nanty Glo, BORO of - LST",MUNICIPAL
PA,TAX3537,42-021-1215029-LST-110603,"Nanty Glo, BORO of - LST",SCHOOL
PA,TAX2049,42-115-1215611-LST-584603,"Hop Bottom, BORO of - LST",MUNICIPAL
PA,TAX2049,42-115-1215611-LST-584603,"Hop Bottom, BORO of - LST",SCHOOL
PA,TAX6835,42-035-1216272-EIT-183602,"Woodward, TWP of - EIT (183602)",MUNICIPAL
PA,TAX6835,42-035-1216272-EIT-183602,"Woodward, TWP of - EIT (183602)",SCHOOL
PA,TAX787,42-019-1216047-EIT-105353,"Clay, TWP of - EIT (105353)",MUNICIPAL
PA,TAX787,42-019-1216047-EIT-105353,"Clay, TWP of - EIT (105353)",SCHOOL
PA,TAX5822,42-021-1215035-LST-118503,"Southmont, BORO of - LST",MUNICIPAL
PA,TAX5822,42-021-1215035-LST-118503,"Southmont, BORO of - LST",SCHOOL
PA,TAX5249,42-031-1216215-LST-168003,"Porter, TWP of - LST (168003)",MUNICIPAL
PA,TAX5249,42-031-1216215-LST-168003,"Porter, TWP of - LST (168003)",SCHOOL
PA,TAX6899,42-133-1215773-EIT-674403,"York Haven, BORO of - EIT",MUNICIPAL
PA,TAX6899,42-133-1215773-EIT-674403,"York Haven, BORO of - EIT",SCHOOL
PA,TAX5238,42-107-1215565-EIT-547303,"Port Clinton, BORO of - EIT",MUNICIPAL
PA,TAX5238,42-107-1215565-EIT-547303,"Port Clinton, BORO of - EIT",SCHOOL
PA,TAX5101,42-073-1216659-LST-372003,"Perry, TWP of - LST (372003)",MUNICIPAL
PA,TAX5101,42-073-1216659-LST-372003,"Perry, TWP of - LST (372003)",SCHOOL
PA,TAX6561,42-029-1216187-EIT-151902,"West Brandywine, TWP of - EIT",MUNICIPAL
PA,TAX6561,42-029-1216187-EIT-151902,"West Brandywine, TWP of - EIT",SCHOOL
PA,TAX5256,42-095-1215501-EIT-480803,"Portland, BORO of - EIT",MUNICIPAL
PA,TAX5256,42-095-1215501-EIT-480803,"Portland, BORO of - EIT",SCHOOL
PA,TAX612,42-125-1217184-EIT-638003,"Canton, TWP of - EIT (638003)",MUNICIPAL
PA,TAX612,42-125-1217184-EIT-638003,"Canton, TWP of - EIT (638003)",SCHOOL
PA,TAX5213,42-089-1216842-LST-455403,"Pocono, TWP of - LST",MUNICIPAL
PA,TAX5213,42-089-1216842-LST-455403,"Pocono, TWP of - LST",SCHOOL
PA,TAX1771,42-033-1216248-EIT-171003,"Goshen, TWP of - EIT",MUNICIPAL
PA,TAX1771,42-033-1216248-EIT-171003,"Goshen, TWP of - EIT",SCHOOL
PA,TAX5461,42-003-1215828-EIT-026902,"Ross, TWP of - EIT (026902)",MUNICIPAL
PA,TAX5461,42-003-1215828-EIT-026902,"Ross, TWP of - EIT (026902)",SCHOOL
PA,TAX1847,42-035-1216263-EIT-183602,"Grugan, TWP of - EIT",MUNICIPAL
PA,TAX1847,42-035-1216263-EIT-183602,"Grugan, TWP of - EIT",SCHOOL
PA,TAX3152,42-003-1215814-EIT-026852,"McCandless, TWP of - EIT",MUNICIPAL
PA,TAX3152,42-003-1215814-EIT-026852,"McCandless, TWP of - EIT",SCHOOL
PA,TAX6556,42-125-1217210-LST-631003,"West Bethlehem, TWP of - LST",MUNICIPAL
PA,TAX6556,42-125-1217210-LST-631003,"West Bethlehem, TWP of - LST",SCHOOL
PA,TAX1564,42-125-1215667-LST-637002,"Finleyville, BORO of - LST",MUNICIPAL
PA,TAX1564,42-125-1215667-LST-637002,"Finleyville, BORO of - LST",SCHOOL
PA,TAX1633,42-019-1216056-EIT-107503,"Franklin, TWP of - EIT (107503)",MUNICIPAL
PA,TAX1633,42-019-1216056-EIT-107503,"Franklin, TWP of - EIT (107503)",SCHOOL
PA,TAX815,42-019-1216049-LST-107803,"Clinton, TWP of - LST (107803)",MUNICIPAL
PA,TAX815,42-019-1216049-LST-107803,"Clinton, TWP of - LST (107803)",SCHOOL
PA,TAX3341,42-061-1216514-EIT-312503,"Miller, TWP of - EIT (312503)",MUNICIPAL
PA,TAX3341,42-061-1216514-EIT-312503,"Miller, TWP of - EIT (312503)",SCHOOL
PA,TAX1652,42-049-1216412-LST-253903,"Franklin, TWP of - LST (253903)",MUNICIPAL
PA,TAX1652,42-049-1216412-LST-253903,"Franklin, TWP of - LST (253903)",SCHOOL
PA,TAX3652,42-133-1215756-LST-676703,"New Salem, BORO of - LST",MUNICIPAL
PA,TAX3652,42-133-1215756-LST-676703,"New Salem, BORO of - LST",SCHOOL
PA,TAX5659,42-073-1216663-LST-376203,"Shenango, TWP of - LST (376203)",MUNICIPAL
PA,TAX5659,42-073-1216663-LST-376203,"Shenango, TWP of - LST (376203)",SCHOOL
PA,TAX1109,42-071-1215335-EIT-361303,"Denver, BORO of - EIT",MUNICIPAL
PA,TAX1109,42-071-1215335-EIT-361303,"Denver, BORO of - EIT",SCHOOL
PA,TAX1850,42-055-1216462-EIT-289003,"Guilford, TWP of - EIT (289003)",MUNICIPAL
PA,TAX1850,42-055-1216462-EIT-289003,"Guilford, TWP of - EIT (289003)",SCHOOL
PA,TAX1155,42-011-1215923-LST-060753,"Douglass, TWP of - LST (060753)",MUNICIPAL
PA,TAX1155,42-011-1215923-LST-060753,"Douglass, TWP of - LST (060753)",SCHOOL
PA,TAX5958,42-001-1215794-EIT-013753,"Straban, TWP of - EIT (013753)",MUNICIPAL
PA,TAX5958,42-001-1215794-EIT-013753,"Straban, TWP of - EIT (013753)",SCHOOL
PA,TAX1265,42-039-1216303-EIT-201033,"East Fallowfield, TWP of-EIT (201033)",MUNICIPAL
PA,TAX1265,42-039-1216303-EIT-201033,"East Fallowfield, TWP of-EIT (201033)",SCHOOL
PA,TAX577,42-071-1216614-EIT-362303,"Caernarvon, TWP of - EIT (362303)",MUNICIPAL
PA,TAX577,42-071-1216614-EIT-362303,"Caernarvon, TWP of - EIT (362303)",SCHOOL
PA,TAX5613,42-133-1215760-EIT-676703,"Seven Valleys, BORO of - EIT",MUNICIPAL
PA,TAX5613,42-133-1215760-EIT-676703,"Seven Valleys, BORO of - EIT",SCHOOL
PA,TAX2965,42-017-1216020-LST-098202,"Lower Makefield, TWP of - LST",MUNICIPAL
PA,TAX2965,42-017-1216020-LST-098202,"Lower Makefield, TWP of - LST",SCHOOL
PA,TAX2253,42-089-1216839-EIT-455403,"Jackson, TWP of - EIT (455403)",MUNICIPAL
PA,TAX2253,42-089-1216839-EIT-455403,"Jackson, TWP of - EIT (455403)",SCHOOL
PA,TAX5313,42-133-1215758-EIT-676503,"Railroad, BORO of - EIT",MUNICIPAL
PA,TAX5313,42-133-1215758-EIT-676503,"Railroad, BORO of - EIT",SCHOOL
PA,TAX433,42-003-1214773-LST-029902,"Braddock, BORO of - LST",MUNICIPAL
PA,TAX433,42-003-1214773-LST-029902,"Braddock, BORO of - LST",SCHOOL
PA,TAX5893,42-049-1216422-LST-258503,"Springfield, TWP of - LST (258503)",MUNICIPAL
PA,TAX5893,42-049-1216422-LST-258503,"Springfield, TWP of - LST (258503)",SCHOOL
PA,TAX2957,42-091-1216859-LST-469303,"Lower Gwynedd, TWP of - LST",MUNICIPAL
PA,TAX2957,42-091-1216859-LST-469303,"Lower Gwynedd, TWP of - LST",SCHOOL
PA,TAX693,42-011-1215919-LST-067503,"Centre, TWP of - LST (067503)",MUNICIPAL
PA,TAX693,42-011-1215919-LST-067503,"Centre, TWP of - LST (067503)",SCHOOL
PA,TAX2813,42-035-1216265-LST-183602,"Leidy, TWP of - LST",MUNICIPAL
PA,TAX2813,42-035-1216265-LST-183602,"Leidy, TWP of - LST",SCHOOL
PA,TAX5280,42-079-1215407-EIT-409302,"Pringle, BORO of - EIT",MUNICIPAL
PA,TAX5280,42-079-1215407-EIT-409302,"Pringle, BORO of - EIT",SCHOOL
PA,TAX1632,42-015-1215979-EIT-086503,"Franklin, TWP of - EIT (086503)",MUNICIPAL
PA,TAX1632,42-015-1215979-EIT-086503,"Franklin, TWP of - EIT (086503)",SCHOOL
PA,TAX2721,42-085-1216807-EIT-433903,"Lake, TWP of - EIT (433903)",MUNICIPAL
PA,TAX2721,42-085-1216807-EIT-433903,"Lake, TWP of - EIT (433903)",SCHOOL
PA,TAX5188,42-105-1216980-EIT-426303,"Pleasant Valley, TWP of - EIT",MUNICIPAL
PA,TAX5188,42-105-1216980-EIT-426303,"Pleasant Valley, TWP of - EIT",SCHOOL
PA,TAX6595,42-071-1216650-EIT-361703,"West Earl, TWP of - EIT",MUNICIPAL
PA,TAX6595,42-071-1216650-EIT-361703,"West Earl, TWP of - EIT",SCHOOL
PA,TAX5010,42-045-1215191-LST-236903,"Parkside, BORO of - LST",MUNICIPAL
PA,TAX5010,42-045-1215191-LST-236903,"Parkside, BORO of - LST",SCHOOL
PA,TAX1013,42-133-1215736-LST-676203,"Cross Roads, BORO of - LST",MUNICIPAL
PA,TAX1013,42-133-1215736-LST-676203,"Cross Roads, BORO of - LST",SCHOOL
PA,TAX3020,42-081-1216756-EIT-417202,"Lycoming, TWP of - EIT",MUNICIPAL
PA,TAX3020,42-081-1216756-EIT-417202,"Lycoming, TWP of - EIT",SCHOOL
PA,TAX5973,42-005-1215861-EIT-103603,"Sugarcreek, TWP of - EIT",MUNICIPAL
PA,TAX5973,42-005-1215861-EIT-103603,"Sugarcreek, TWP of - EIT",SCHOOL
PA,TAX1363,42-021-1215018-EIT-111303,"Ebensburg, BORO of - EIT",MUNICIPAL
PA,TAX1363,42-021-1215018-EIT-111303,"Ebensburg, BORO of - EIT",SCHOOL
PA,TAX6022,42-045-1215197-LST-239603,"Swarthmore, BORO of - LST",MUNICIPAL
PA,TAX6022,42-045-1215197-LST-239603,"Swarthmore, BORO of - LST",SCHOOL
PA,TAX1810,42-091-1215469-LST-468603,"Green Lane, BORO of - LST",MUNICIPAL
PA,TAX1810,42-091-1215469-LST-468603,"Green Lane, BORO of - LST",SCHOOL
PA,TAX4996,42-071-1216638-EIT-365303,"Paradise, TWP of - EIT (365303)",MUNICIPAL
PA,TAX4996,42-071-1216638-EIT-365303,"Paradise, TWP of - EIT (365303)",SCHOOL
PA,TAX2816,42-041-1215148-EIT-219002,"Lemoyne, BORO of - EIT",MUNICIPAL
PA,TAX2816,42-041-1215148-EIT-219002,"Lemoyne, BORO of - EIT",SCHOOL
PA,TAX5383,42-011-1215943-LST-062503,"Richmond, TWP of - LST (062503)",MUNICIPAL
PA,TAX5383,42-011-1215943-LST-062503,"Richmond, TWP of - LST (062503)",SCHOOL
PA,TAX1215,42-113-1215604-LST-576303,"Eagles Mere, BORO of - LST",MUNICIPAL
PA,TAX1215,42-113-1215604-LST-576303,"Eagles Mere, BORO of - LST",SCHOOL
PA,TAX2073,42-033-1215102-LST-175003,"Houtzdale, BORO of - LST",MUNICIPAL
PA,TAX2073,42-033-1215102-LST-175003,"Houtzdale, BORO of - LST",SCHOOL
PA,TAX155,42-129-1215692-EIT-658903,"Arona, BORO of - EIT",MUNICIPAL
PA,TAX155,42-129-1215692-EIT-658903,"Arona, BORO of - EIT",SCHOOL
PA,TAX6627,42-003-1214836-EIT-028833,"West Homestead, BORO of - EIT",MUNICIPAL
PA,TAX6627,42-003-1214836-EIT-028833,"West Homestead, BORO of - EIT",SCHOOL
PA,TAX500,42-045-1215174-EIT-236903,"Brookhaven, BORO of - EIT",MUNICIPAL
PA,TAX500,42-045-1215174-EIT-236903,"Brookhaven, BORO of - EIT",SCHOOL
PA,TAX6810,42-065-1216576-EIT-172003,"Winslow, TWP of - EIT",MUNICIPAL
PA,TAX6810,42-065-1216576-EIT-172003,"Winslow, TWP of - EIT",SCHOOL
PA,TAX483,42-007-1215867-LST-041203,"Brighton, TWP of - LST",MUNICIPAL
PA,TAX483,42-007-1215867-LST-041203,"Brighton, TWP of - LST",SCHOOL
PA,TAX6028,42-105-1216986-LST-531304,"Sweden, TWP of - LST",MUNICIPAL
PA,TAX6028,42-105-1216986-LST-531304,"Sweden, TWP of - LST",SCHOOL
PA,TAX890,42-019-1216050-LST-105353,"Concord, TWP of - LST (105353)",MUNICIPAL
PA,TAX890,42-019-1216050-LST-105353,"Concord, TWP of - LST (105353)",SCHOOL
PA,TAX5716,42-073-1216664-LST-374003,"Slippery Rock, TWP of - LST (374003)",MUNICIPAL
PA,TAX5716,42-073-1216664-LST-374003,"Slippery Rock, TWP of - LST (374003)",SCHOOL
PA,TAX3180,42-087-1215458-EIT-444602,"McVeytown, BORO of - EIT",MUNICIPAL
PA,TAX3180,42-087-1215458-EIT-444602,"McVeytown, BORO of - EIT",SCHOOL
PA,TAX3151,42-065-1216564-LST-338003,"McCalmont, TWP of - LST",MUNICIPAL
PA,TAX3151,42-065-1216564-LST-338003,"McCalmont, TWP of - LST",SCHOOL
PA,TAX2970,42-077-1216690-EIT-395703,"Lower Milford, TWP of - EIT",MUNICIPAL
PA,TAX2970,42-077-1216690-EIT-395703,"Lower Milford, TWP of - EIT",SCHOOL
PA,TAX1983,42-065-1216562-EIT-338003,"Henderson, TWP of - EIT (338003)",MUNICIPAL
PA,TAX1983,42-065-1216562-EIT-338003,"Henderson, TWP of - EIT (338003)",SCHOOL
PA,TAX3450,42-125-1217197-LST-633903,"Morris, TWP of - LST (633903)",MUNICIPAL
PA,TAX3450,42-125-1217197-LST-633903,"Morris, TWP of - LST (633903)",SCHOOL
PA,TAX5244,42-061-1216518-EIT-312804,"Porter, TWP of - EIT (312804)",MUNICIPAL
PA,TAX5244,42-061-1216518-EIT-312804,"Porter, TWP of - EIT (312804)",SCHOOL
PA,TAX988,42-003-1214785-EIT-021603,"Crafton, BORO of - EIT",MUNICIPAL
PA,TAX988,42-003-1214785-EIT-021603,"Crafton, BORO of - EIT",SCHOOL
PA,TAX4959,42-105-1216978-EIT-537504,"Oswayo, TWP of - EIT",MUNICIPAL
PA,TAX4959,42-105-1216978-EIT-537504,"Oswayo, TWP of - EIT",SCHOOL
PA,TAX460,42-087-1216826-EIT-444602,"Bratton, TWP of - EIT",MUNICIPAL
PA,TAX460,42-087-1216826-EIT-444602,"Bratton, TWP of - EIT",SCHOOL
PA,TAX508,42-021-1215010-EIT-112003,"Brownstown, BORO of - EIT",MUNICIPAL
PA,TAX508,42-021-1215010-EIT-112003,"Brownstown, BORO of - EIT",SCHOOL
PA,TAX2819,42-011-1214920-LST-064003,"Lenhartsville, BORO of - LST",MUNICIPAL
PA,TAX2819,42-011-1214920-LST-064003,"Lenhartsville, BORO of - LST",SCHOOL
PA,TAX1299,42-029-1216152-EIT-158503,"East Marlborough, TWP of-EIT (158503)",MUNICIPAL
PA,TAX1299,42-029-1216152-EIT-158503,"East Marlborough, TWP of-EIT (158503)",SCHOOL
PA,TAX1173,42-071-1216619-LST-367003,"Drumore, TWP of - LST",MUNICIPAL
PA,TAX1173,42-071-1216619-LST-367003,"Drumore, TWP of - LST",SCHOOL
PA,TAX09,42-129-1215690-LST-653802,"Adamsburg, BORO of - LST",MUNICIPAL
PA,TAX09,42-129-1215690-LST-653802,"Adamsburg, BORO of - LST",SCHOOL
PA,TAX131,42-013-1215957-LST-071003,"Antis, TWP of - LST",MUNICIPAL
PA,TAX131,42-013-1215957-LST-071003,"Antis, TWP of - LST",SCHOOL
PA,TAX5413,42-069-1216607-EIT-356503,"Roaring Brook, TWP of - EIT",MUNICIPAL
PA,TAX5413,42-069-1216607-EIT-356503,"Roaring Brook, TWP of - EIT",SCHOOL
PA,TAX1759,42-033-1215100-EIT-175003,"Glen Hope, BORO of - EIT",MUNICIPAL
PA,TAX1759,42-033-1215100-EIT-175003,"Glen Hope, BORO of - EIT",SCHOOL
PA,TAX6100,42-053-1215242-LST-272003,"Tionesta, BORO of - LST",MUNICIPAL
PA,TAX6100,42-053-1215242-LST-272003,"Tionesta, BORO of - LST",SCHOOL
PA,TAX5961,42-071-1215349-EIT-363603,"Strasburg, BORO of - EIT",MUNICIPAL
PA,TAX5961,42-071-1215349-EIT-363603,"Strasburg, BORO of - EIT",SCHOOL
PA,TAX831,42-009-1214896-EIT-058003,"Coaldale, BORO of - EIT (058003)",MUNICIPAL
PA,TAX831,42-009-1214896-EIT-058003,"Coaldale, BORO of - EIT (058003)",SCHOOL
PA,TAX2783,42-117-1217114-LST-596003,"Lawrence, TWP of - LST (596003)",MUNICIPAL
PA,TAX2783,42-117-1217114-LST-596003,"Lawrence, TWP of - LST (596003)",SCHOOL
PA,TAX2026,42-079-1216717-EIT-191103,"Hollenback, TWP of - EIT",MUNICIPAL
PA,TAX2026,42-079-1216717-EIT-191103,"Hollenback, TWP of - EIT",SCHOOL
PA,TAX592,42-021-1216075-LST-111303,"Cambria, TWP of - LST",MUNICIPAL
PA,TAX592,42-021-1216075-LST-111303,"Cambria, TWP of - LST",SCHOOL
PA,TAX6597,42-095-1215506-EIT-488603,"West Easton, BORO of - EIT",MUNICIPAL
PA,TAX6597,42-095-1215506-EIT-488603,"West Easton, BORO of - EIT",SCHOOL
PA,TAX627,42-021-1215011-EIT-111203,"Carrolltown, BORO of - EIT",MUNICIPAL
PA,TAX627,42-021-1215011-EIT-111203,"Carrolltown, BORO of - EIT",SCHOOL
PA,TAX6434,42-029-1216183-EIT-156603,"Warwick, TWP of - EIT (156603)",MUNICIPAL
PA,TAX6434,42-029-1216183-EIT-156603,"Warwick, TWP of - EIT (156603)",SCHOOL
PA,TAX5998,42-025-1215051-LST-136603,"Summit Hill, BORO of - LST",MUNICIPAL
PA,TAX5998,42-025-1215051-LST-136603,"Summit Hill, BORO of - LST",SCHOOL
PA,TAX2798,42-003-1215813-EIT-027753,"Leet, TWP of - EIT",MUNICIPAL
PA,TAX2798,42-003-1215813-EIT-027753,"Leet, TWP of - EIT",SCHOOL
PA,TAX2824,42-015-1215982-EIT-081003,"Leroy, TWP of - EIT",MUNICIPAL
PA,TAX2824,42-015-1215982-EIT-081003,"Leroy, TWP of - EIT",SCHOOL
PA,TAX2064,42-091-1216856-EIT-463603,"Horsham, TWP of - EIT",MUNICIPAL
PA,TAX2064,42-091-1216856-EIT-463603,"Horsham, TWP of - EIT",SCHOOL
PA,TAX3617,42-091-1216867-EIT-060753,"New Hanover, TWP of - EIT",MUNICIPAL
PA,TAX3617,42-091-1216867-EIT-060753,"New Hanover, TWP of - EIT",SCHOOL
PA,TAX3493,42-127-1217224-EIT-583003,"Mount Pleasant, TWP of - EIT (583003)",MUNICIPAL
PA,TAX3493,42-127-1217224-EIT-583003,"Mount Pleasant, TWP of - EIT (583003)",SCHOOL
PA,TAX318,42-037-1215122-EIT-191004,"Benton, BORO of - EIT",MUNICIPAL
PA,TAX318,42-037-1215122-EIT-191004,"Benton, BORO of - EIT",SCHOOL
PA,TAX1015,42-021-1216087-LST-112203,"Croyle, TWP of - LST",MUNICIPAL
PA,TAX1015,42-021-1216087-LST-112203,"Croyle, TWP of - LST",SCHOOL
PA,TAX4262,42-003-1215822-LST-020753,"Ohio, TWP of - LST",MUNICIPAL
PA,TAX4262,42-003-1215822-LST-020753,"Ohio, TWP of - LST",SCHOOL
PA,TAX3601,42-079-1215402-EIT-406003,"New Columbus, BORO of - EIT",MUNICIPAL
PA,TAX3601,42-079-1215402-EIT-406003,"New Columbus, BORO of - EIT",SCHOOL
PA,TAX2413,42-031-1216207-LST-167504,"Knox, TWP of - LST (167504)",MUNICIPAL
PA,TAX2413,42-031-1216207-LST-167504,"Knox, TWP of - LST (167504)",SCHOOL
PA,TAX2395,42-079-1216722-LST-401603,"Kingston, TWP of - LST",MUNICIPAL
PA,TAX2395,42-079-1216722-LST-401603,"Kingston, TWP of - LST",SCHOOL
PA,TAX6112,42-031-1216220-EIT-169003,"Toby, TWP of - EIT",MUNICIPAL
PA,TAX6112,42-031-1216220-EIT-169003,"Toby, TWP of - EIT",SCHOOL
PA,TAX3507,42-071-1215345-LST-363103,"Mountville, BORO of - LST",MUNICIPAL
PA,TAX3507,42-071-1215345-LST-363103,"Mountville, BORO of - LST",SCHOOL
PA,TAX3060,42-073-1216656-LST-377003,"Mahoning, TWP of - LST (377003)",MUNICIPAL
PA,TAX3060,42-073-1216656-LST-377003,"Mahoning, TWP of - LST (377003)",SCHOOL
PA,TAX136,42-005-1214845-EIT-030852,"Applewold, BORO of - EIT",MUNICIPAL
PA,TAX136,42-005-1214845-EIT-030852,"Applewold, BORO of - EIT",SCHOOL
PA,TAX502,42-115-1217079-EIT-584603,"Brooklyn, TWP of - EIT",MUNICIPAL
PA,TAX502,42-115-1217079-EIT-584603,"Brooklyn, TWP of - EIT",SCHOOL
PA,TAX5125,42-015-1215988-LST-083004,"Pike, TWP of - LST (083004)",MUNICIPAL
PA,TAX5125,42-015-1215988-LST-083004,"Pike, TWP of - LST (083004)",SCHOOL
PA,TAX3607,42-051-1215233-EIT-262903,"Newell, BORO of - EIT",MUNICIPAL
PA,TAX3607,42-051-1215233-EIT-262903,"Newell, BORO of - EIT",SCHOOL
PA,TAX779,42-069-1215316-EIT-350303,"Clarks Green, BORO of - EIT",MUNICIPAL
PA,TAX779,42-069-1215316-EIT-350303,"Clarks Green, BORO of - EIT",SCHOOL
PA,TAX1454,42-003-1214794-LST-020753,"Emsworth, BORO of - LST",MUNICIPAL
PA,TAX1454,42-003-1214794-LST-020753,"Emsworth, BORO of - LST",SCHOOL
PA,TAX2932,42-011-1215930-EIT-060853,"Longswamp, TWP of - EIT",MUNICIPAL
PA,TAX2932,42-011-1215930-EIT-060853,"Longswamp, TWP of - EIT",SCHOOL
PA,TAX5750,42-017-1216030-EIT-097604,"Solebury, TWP of - EIT",MUNICIPAL
PA,TAX5750,42-017-1216030-EIT-097604,"Solebury, TWP of - EIT",SCHOOL
PA,TAX1313,42-029-1216154-LST-156703,"East Nottingham, TWP of - LST",MUNICIPAL
PA,TAX1313,42-029-1216154-LST-156703,"East Nottingham, TWP of - LST",SCHOOL
PA,TAX1885,42-003-1215807-EIT-024603,"Hampton, TWP of - EIT",MUNICIPAL
PA,TAX1885,42-003-1215807-EIT-024603,"Hampton, TWP of - EIT",SCHOOL
PA,TAX5629,42-003-1215830-EIT-028302,"Shaler, TWP of - EIT",MUNICIPAL
PA,TAX5629,42-003-1215830-EIT-028302,"Shaler, TWP of - EIT",SCHOOL
PA,TAX5395,42-045-1215193-EIT-237702,"Ridley Park, BORO of - EIT",MUNICIPAL
PA,TAX5395,42-045-1215193-EIT-237702,"Ridley Park, BORO of - EIT",SCHOOL
PA,TAX1089,42-107-1216996-EIT-544503,"Delano, TWP of - EIT",MUNICIPAL
PA,TAX1089,42-107-1216996-EIT-544503,"Delano, TWP of - EIT",SCHOOL
PA,TAX1424,42-031-1216204-EIT-166503,"Elk, TWP of - EIT (166503)",MUNICIPAL
PA,TAX1424,42-031-1216204-EIT-166503,"Elk, TWP of - EIT (166503)",SCHOOL
PA,TAX5950,42-111-1217064-EIT-567404,"Stonycreek, TWP of - EIT (567404)",MUNICIPAL
PA,TAX5950,42-111-1217064-EIT-567404,"Stonycreek, TWP of - EIT (567404)",SCHOOL
PA,TAX6237,42-065-1215306-LST-161703,"Union, TWP of - LST (161703)",MUNICIPAL
PA,TAX6237,42-065-1215306-LST-161703,"Union, TWP of - LST (161703)",SCHOOL
PA,TAX981,42-069-1216595-EIT-356503,"Covington, TWP of - EIT (356503)",MUNICIPAL
PA,TAX981,42-069-1216595-EIT-356503,"Covington, TWP of - EIT (356503)",SCHOOL
PA,TAX3085,42-129-1215708-EIT-657103,"Manor, BORO of - EIT (657103)",MUNICIPAL
PA,TAX3085,42-129-1215708-EIT-657103,"Manor, BORO of - EIT (657103)",SCHOOL
PA,TAX2088,42-081-1215420-EIT-412003,"Hughesville, BORO of - EIT",MUNICIPAL
PA,TAX2088,42-081-1215420-EIT-412003,"Hughesville, BORO of - EIT",SCHOOL
PA,TAX5104,42-061-1215276-EIT-312804,"Petersburg, BORO of - EIT",MUNICIPAL
PA,TAX5104,42-061-1215276-EIT-312804,"Petersburg, BORO of - EIT",SCHOOL
PA,TAX5965,42-031-1215092-EIT-161703,"Strattanville, BORO of - EIT",MUNICIPAL
PA,TAX5965,42-031-1215092-EIT-161703,"Strattanville, BORO of - EIT",SCHOOL
PA,TAX1028,42-011-1215921-EIT-063003,"Cumru, TWP of - EIT",MUNICIPAL
PA,TAX1028,42-011-1215921-EIT-063003,"Cumru, TWP of - EIT",SCHOOL
PA,TAX2374,42-011-1214916-EIT-063003,"Kenhorst, BORO of - EIT",MUNICIPAL
PA,TAX2374,42-011-1214916-EIT-063003,"Kenhorst, BORO of - EIT",SCHOOL
PA,TAX2278,42-133-1215749-EIT-671603,"Jacobus, BORO of - EIT",MUNICIPAL
PA,TAX2278,42-133-1215749-EIT-671603,"Jacobus, BORO of - EIT",SCHOOL
PA,TAX1770,42-107-1215551-LST-545003,"Gordon, BORO of - LST",MUNICIPAL
PA,TAX1770,42-107-1215551-LST-545003,"Gordon, BORO of - LST",SCHOOL
PA,TAX3464,42-097-1216923-EIT-495103,"Mount Carmel, TWP of - EIT",MUNICIPAL
PA,TAX3464,42-097-1216923-EIT-495103,"Mount Carmel, TWP of - EIT",SCHOOL
PA,TAX2392,42-079-1215395-EIT-409302,"Kingston, BORO of - EIT",MUNICIPAL
PA,TAX2392,42-079-1215395-EIT-409302,"Kingston, BORO of - EIT",SCHOOL
PA,TAX13,42-021-1216071-EIT-112203,"Adams, TWP of - EIT (112203)",MUNICIPAL
PA,TAX13,42-021-1216071-EIT-112203,"Adams, TWP of - EIT (112203)",SCHOOL
PA,TAX227,42-061-1216501-LST-312804,"Barree, TWP of - LST",MUNICIPAL
PA,TAX227,42-061-1216501-LST-312804,"Barree, TWP of - LST",SCHOOL
PA,TAX2739,42-107-1215552-LST-547303,"Landingville, BORO of - LST",MUNICIPAL
PA,TAX2739,42-107-1215552-LST-547303,"Landingville, BORO of - LST",SCHOOL
PA,TAX596,42-039-1216299-LST-204703,"Cambridge, TWP of - LST",MUNICIPAL
PA,TAX596,42-039-1216299-LST-204703,"Cambridge, TWP of - LST",SCHOOL
PA,TAX2380,42-029-1216163-EIT-154003,"Kennett, TWP of - EIT",MUNICIPAL
PA,TAX2380,42-029-1216163-EIT-154003,"Kennett, TWP of - EIT",SCHOOL
PA,TAX731,42-063-1215284-EIT-173504,"Cherry Tree, BORO of - EIT",MUNICIPAL
PA,TAX731,42-063-1215284-EIT-173504,"Cherry Tree, BORO of - EIT",SCHOOL
PA,TAX5118,42-081-1215425-EIT-412003,"Picture Rocks, BORO of - EIT",MUNICIPAL
PA,TAX5118,42-081-1215425-EIT-412003,"Picture Rocks, BORO of - EIT",SCHOOL
PA,TAX5521,42-055-1216470-EIT-286003,"Saint Thomas, TWP of - EIT",MUNICIPAL
PA,TAX5521,42-055-1216470-EIT-286003,"Saint Thomas, TWP of - EIT",SCHOOL
PA,TAX1498,42-111-1217048-LST-561003,"Fairhope, TWP of - LST",MUNICIPAL
PA,TAX1498,42-111-1217048-LST-561003,"Fairhope, TWP of - LST",SCHOOL
PA,TAX328,42-011-1214910-EIT-068003,"Bernville, BORO of - EIT",MUNICIPAL
PA,TAX328,42-011-1214910-EIT-068003,"Bernville, BORO of - EIT",SCHOOL
PA,TAX3829,42-003-1214813-LST-029403,"Oakdale, BORO of - LST",MUNICIPAL
PA,TAX3829,42-003-1214813-LST-029403,"Oakdale, BORO of - LST",SCHOOL
PA,TAX1762,42-045-1215184-LST-235103,"Glenolden, BORO of - LST",MUNICIPAL
PA,TAX1762,42-045-1215184-LST-235103,"Glenolden, BORO of - LST",SCHOOL
PA,TAX1726,42-001-1214758-LST-013753,"Gettysburg, BORO of - LST",MUNICIPAL
PA,TAX1726,42-001-1214758-LST-013753,"Gettysburg, BORO of - LST",SCHOOL
PA,TAX6283,42-071-1216646-LST-361703,"Upper Leacock, TWP of - LST",MUNICIPAL
PA,TAX6283,42-071-1216646-LST-361703,"Upper Leacock, TWP of - LST",SCHOOL
PA,TAX5952,42-111-1217064-LST-567404,"Stonycreek, TWP of - LST (567404)",MUNICIPAL
PA,TAX5952,42-111-1217064-LST-567404,"Stonycreek, TWP of - LST (567404)",SCHOOL
PA,TAX6732,42-003-1214839-LST-029603,"Whitaker, BORO of - LST",MUNICIPAL
PA,TAX6732,42-003-1214839-LST-029603,"Whitaker, BORO of - LST",SCHOOL
PA,TAX765,42-003-1214782-EIT-029902,"Churchill, BORO of - EIT",MUNICIPAL
PA,TAX765,42-003-1214782-EIT-029902,"Churchill, BORO of - EIT",SCHOOL
PA,TAX3103,42-071-1215342-EIT-362203,"Marietta, BORO of - EIT",MUNICIPAL
PA,TAX3103,42-071-1215342-EIT-362203,"Marietta, BORO of - EIT",SCHOOL
PA,TAX6251,42-125-1217209-LST-637002,"Union, TWP of - LST (637002)",MUNICIPAL
PA,TAX6251,42-125-1217209-LST-637002,"Union, TWP of - LST (637002)",SCHOOL
PA,TAX6472,42-049-1216426-LST-253903,"Washington, TWP of - LST (253903)",MUNICIPAL
PA,TAX6472,42-049-1216426-LST-253903,"Washington, TWP of - LST (253903)",SCHOOL
PA,TAX1292,42-045-1215181-EIT-239652,"East Lansdowne, BORO of - EIT",MUNICIPAL
PA,TAX1292,42-045-1215181-EIT-239652,"East Lansdowne, BORO of - EIT",SCHOOL
PA,TAX3117,42-061-1215272-EIT-312503,"Marklesburg, BORO of - EIT",MUNICIPAL
PA,TAX3117,42-061-1215272-EIT-312503,"Marklesburg, BORO of - EIT",SCHOOL
PA,TAX2029,42-013-1214942-LST-073503,"Hollidaysburg, BORO of - LST",MUNICIPAL
PA,TAX2029,42-013-1214942-LST-073503,"Hollidaysburg, BORO of - LST",SCHOOL
PA,TAX610,42-015-1214951-LST-081003,"Canton, BORO of - LST",MUNICIPAL
PA,TAX610,42-015-1214951-LST-081003,"Canton, BORO of - LST",SCHOOL
PA,TAX5441,42-091-1215480-EIT-460302,"Rockledge, BORO of - EIT",MUNICIPAL
PA,TAX5441,42-091-1215480-EIT-460302,"Rockledge, BORO of - EIT",SCHOOL
PA,TAX3259,42-111-1217055-LST-566303,"Middlecreek, TWP of - LST (566303)",MUNICIPAL
PA,TAX3259,42-111-1217055-LST-566303,"Middlecreek, TWP of - LST (566303)",SCHOOL
PA,TAX3334,42-085-1216809-LST-433903,"Mill Creek, TWP of - LST (433903)",MUNICIPAL
PA,TAX3334,42-085-1216809-LST-433903,"Mill Creek, TWP of - LST (433903)",SCHOOL
PA,TAX6052,42-027-1216139-LST-078003,"Taylor, TWP of - LST (078003)",MUNICIPAL
PA,TAX6052,42-027-1216139-LST-078003,"Taylor, TWP of - LST (078003)",SCHOOL
PA,TAX368,42-061-1215265-EIT-078003,"Birmingham, BORO of - EIT",MUNICIPAL
PA,TAX368,42-061-1215265-EIT-078003,"Birmingham, BORO of - EIT",SCHOOL
PA,TAX1023,42-059-1216485-LST-301303,"Cumberland, TWP of - LST (301303)",MUNICIPAL
PA,TAX1023,42-059-1216485-LST-301303,"Cumberland, TWP of - LST (301303)",SCHOOL
PA,TAX3835,42-121-1217148-LST-616203,"Oakland, TWP of - LST (616203)",MUNICIPAL
PA,TAX3835,42-121-1217148-LST-616203,"Oakland, TWP of - LST (616203)",SCHOOL
PA,TAX601,42-121-1217139-EIT-612203,"Canal, TWP of - EIT",MUNICIPAL
PA,TAX601,42-121-1217139-EIT-612203,"Canal, TWP of - EIT",SCHOOL
PA,TAX1808,42-125-1215668-LST-633903,"Green Hills, BORO of - LST",MUNICIPAL
PA,TAX1808,42-125-1215668-LST-633903,"Green Hills, BORO of - LST",SCHOOL
PA,TAX1390,42-083-1215430-LST-426003,"Eldred, BORO of - LST",MUNICIPAL
PA,TAX1390,42-083-1215430-LST-426003,"Eldred, BORO of - LST",SCHOOL
PA,TAX5450,42-039-1216322-LST-617203,"Rome, TWP of - LST (617203)",MUNICIPAL
PA,TAX5450,42-039-1216322-LST-617203,"Rome, TWP of - LST (617203)",SCHOOL
PA,TAX3389,42-129-1215709-EIT-655803,"Monessen, City of - EIT",MUNICIPAL
PA,TAX3389,42-129-1215709-EIT-655803,"Monessen, City of - EIT",SCHOOL
PA,TAX2822,42-015-1179076-EIT-083004,"Leraysville, BORO of - EIT",MUNICIPAL
PA,TAX2822,42-015-1179076-EIT-083004,"Leraysville, BORO of - EIT",SCHOOL
PA,TAX3648,42-107-1215560-LST-540803,"New Ringgold, BORO of - LST",MUNICIPAL
PA,TAX3648,42-107-1215560-LST-540803,"New Ringgold, BORO of - LST",SCHOOL
PA,TAX6190,42-013-1214946-EIT-078003,"Tyrone, BORO of - EIT",MUNICIPAL
PA,TAX6190,42-013-1214946-EIT-078003,"Tyrone, BORO of - EIT",SCHOOL
PA,TAX5512,42-009-1214904-LST-051503,"Saint Clairsville, BORO of-LST",MUNICIPAL
PA,TAX5512,42-009-1214904-LST-051503,"Saint Clairsville, BORO of-LST",SCHOOL
PA,TAX3787,42-107-1217009-LST-403302,"North Union, TWP of - LST (403302)",MUNICIPAL
PA,TAX3787,42-107-1217009-LST-403302,"North Union, TWP of - LST (403302)",SCHOOL
PA,TAX1001,42-003-1215800-LST-026343,"Crescent, TWP of - LST",MUNICIPAL
PA,TAX1001,42-003-1215800-LST-026343,"Crescent, TWP of - LST",SCHOOL
PA,TAX6537,42-111-1215601-EIT-565203,"Wellersburg, BORO of - EIT",MUNICIPAL
PA,TAX6537,42-111-1215601-EIT-565203,"Wellersburg, BORO of - EIT",SCHOOL
PA,TAX1174,42-017-1214965-EIT-098103,"Dublin, BORO of - EIT",MUNICIPAL
PA,TAX1174,42-017-1214965-EIT-098103,"Dublin, BORO of - EIT",SCHOOL
PA,TAX2759,42-111-1217052-LST-565203,"Larimer, TWP of - LST",MUNICIPAL
PA,TAX2759,42-111-1217052-LST-565203,"Larimer, TWP of - LST",SCHOOL
PA,TAX6137,42-045-1215198-LST-231303,"Trainer, BORO of - LST",MUNICIPAL
PA,TAX6137,42-045-1215198-LST-231303,"Trainer, BORO of - LST",SCHOOL
PA,TAX5324,42-003-1214821-EIT-029902,"Rankin, BORO of - EIT",MUNICIPAL
PA,TAX5324,42-003-1214821-EIT-029902,"Rankin, BORO of - EIT",SCHOOL
PA,TAX398,42-009-1215888-LST-056004,"Bloomfield, TWP of - LST (056004)",MUNICIPAL
PA,TAX398,42-009-1215888-LST-056004,"Bloomfield, TWP of - LST (056004)",SCHOOL
PA,TAX4907,42-069-1215326-LST-356603,"Old Forge, BORO of - LST",MUNICIPAL
PA,TAX4907,42-069-1215326-LST-356603,"Old Forge, BORO of - LST",SCHOOL
PA,TAX2109,42-033-1216238-LST-172003,"Huston, TWP of - LST (172003)",MUNICIPAL
PA,TAX2109,42-033-1216238-LST-172003,"Huston, TWP of - LST (172003)",SCHOOL
PA,TAX2913,42-035-1215117-LST-183602,"Loganton, BORO of - LST",MUNICIPAL
PA,TAX2913,42-035-1215117-LST-183602,"Loganton, BORO of - LST",SCHOOL
PA,TAX1067,42-005-1214847-LST-030852,"Dayton, BORO of - LST",MUNICIPAL
PA,TAX1067,42-005-1214847-LST-030852,"Dayton, BORO of - LST",SCHOOL
PA,TAX867,42-009-1215890-EIT-051003,"Colerain, TWP of - EIT (051003)",MUNICIPAL
PA,TAX867,42-009-1215890-EIT-051003,"Colerain, TWP of - EIT (051003)",SCHOOL
PA,TAX6346,42-029-1216185-EIT-151902,"Valley, TWP of - EIT (151902)",MUNICIPAL
PA,TAX6346,42-029-1216185-EIT-151902,"Valley, TWP of - EIT (151902)",SCHOOL
PA,TAX6834,42-033-1216250-EIT-175003,"Woodward, TWP of - EIT (175003)",MUNICIPAL
PA,TAX6834,42-033-1216250-EIT-175003,"Woodward, TWP of - EIT (175003)",SCHOOL
PA,TAX3722,42-003-1214812-EIT-029902,"North Braddock, BORO of - EIT",MUNICIPAL
PA,TAX3722,42-003-1214812-EIT-029902,"North Braddock, BORO of - EIT",SCHOOL
PA,TAX1825,42-111-1217049-EIT-565203,"Greenville, TWP of - EIT",MUNICIPAL
PA,TAX1825,42-111-1217049-EIT-565203,"Greenville, TWP of - EIT",SCHOOL
PA,TAX1224,42-001-1214756-EIT-011103,"East Berlin, BORO of - EIT",MUNICIPAL
PA,TAX1224,42-001-1214756-EIT-011103,"East Berlin, BORO of - EIT",SCHOOL
PA,TAX6559,42-105-1216989-EIT-532804,"West Branch, TWP of - EIT",MUNICIPAL
PA,TAX6559,42-105-1216989-EIT-532804,"West Branch, TWP of - EIT",SCHOOL
PA,TAX1205,42-079-1215385-LST-406602,"Dupont, BORO of - LST",MUNICIPAL
PA,TAX1205,42-079-1215385-LST-406602,"Dupont, BORO of - LST",SCHOOL
PA,TAX6659,42-003-1214837-EIT-029603,"West Mifflin, BORO of - EIT",MUNICIPAL
PA,TAX6659,42-003-1214837-EIT-029603,"West Mifflin, BORO of - EIT",SCHOOL
PA,TAX5293,42-007-1214889-LST-045653,"Pulaski, TWP of - LST (045653)",MUNICIPAL
PA,TAX5293,42-007-1214889-LST-045653,"Pulaski, TWP of - LST (045653)",SCHOOL
PA,TAX5897,42-091-1216872-LST-467203,"Springfield, TWP of - LST (467203)",MUNICIPAL
PA,TAX5897,42-091-1216872-LST-467203,"Springfield, TWP of - LST (467203)",SCHOOL
PA,TAX5836,42-125-1217208-LST-638003,"South Strabane, TWP of - LST",MUNICIPAL
PA,TAX5836,42-125-1217208-LST-638003,"South Strabane, TWP of - LST",SCHOOL
PA,TAX371,42-029-1216143-LST-158503,"Birmingham, TWP of - LST",MUNICIPAL
PA,TAX371,42-029-1216143-LST-158503,"Birmingham, TWP of - LST",SCHOOL
PA,TAX1478,42-131-1217265-EIT-409203,"Exeter, TWP of - EIT (409203)",MUNICIPAL
PA,TAX1478,42-131-1217265-EIT-409203,"Exeter, TWP of - EIT (409203)",SCHOOL
PA,TAX6414,42-117-1217126-LST-597003,"Ward, TWP of - LST",MUNICIPAL
PA,TAX6414,42-117-1217126-LST-597003,"Ward, TWP of - LST",SCHOOL
PA,TAX6326,42-051-1216448-EIT-657503,"Upper Tyrone, TWP of - EIT",MUNICIPAL
PA,TAX6326,42-051-1216448-EIT-657503,"Upper Tyrone, TWP of - EIT",SCHOOL
PA,TAX2803,42-127-1217222-EIT-356503,"Lehigh, TWP of - EIT (356503)",MUNICIPAL
PA,TAX2803,42-127-1217222-EIT-356503,"Lehigh, TWP of - EIT (356503)",SCHOOL
PA,TAX3109,42-007-1215878-EIT-045853,"Marion, TWP of - EIT (045853)",MUNICIPAL
PA,TAX3109,42-007-1215878-EIT-045853,"Marion, TWP of - EIT (045853)",SCHOOL
PA,TAX669,42-011-1214913-EIT-067503,"Centerport, BORO of - EIT",MUNICIPAL
PA,TAX669,42-011-1214913-EIT-067503,"Centerport, BORO of - EIT",SCHOOL
PA,TAX6767,42-003-1215838-LST-029902,"Wilkins, TWP of - LST",MUNICIPAL
PA,TAX6767,42-003-1215838-LST-029902,"Wilkins, TWP of - LST",SCHOOL
PA,TAX2305,42-111-1217050-EIT-567703,"Jefferson, TWP of - EIT (567703)",MUNICIPAL
PA,TAX2305,42-111-1217050-EIT-567703,"Jefferson, TWP of - EIT (567703)",SCHOOL
PA,TAX5095,42-011-1215941-LST-063503,"Perry, TWP of - LST (063503)",MUNICIPAL
PA,TAX5095,42-011-1215941-LST-063503,"Perry, TWP of - LST (063503)",SCHOOL
PA,TAX1138,42-129-1215697-EIT-655903,"Donegal, BORO of - EIT",MUNICIPAL
PA,TAX1138,42-129-1215697-EIT-655903,"Donegal, BORO of - EIT",SCHOOL
PA,TAX6564,42-125-1215682-EIT-631503,"West Brownsville, BORO of-EIT (631503)",MUNICIPAL
PA,TAX6564,42-125-1215682-EIT-631503,"West Brownsville, BORO of-EIT (631503)",SCHOOL
PA,TAX5672,42-055-1217325-LST-218003,"Shippensburg, BORO of - LST (218003)",MUNICIPAL
PA,TAX5672,42-055-1217325-LST-218003,"Shippensburg, BORO of - LST (218003)",SCHOOL
PA,TAX5231,42-021-1216091-LST-116303,"Portage, TWP of - LST (116303)",MUNICIPAL
PA,TAX5231,42-021-1216091-LST-116303,"Portage, TWP of - LST (116303)",SCHOOL
PA,TAX6883,42-011-1214937-EIT-069353,"Wyomissing, BORO of - EIT (069353)",MUNICIPAL
PA,TAX6883,42-011-1214937-EIT-069353,"Wyomissing, BORO of - EIT (069353)",SCHOOL
PA,TAX5580,42-107-1217016-LST-547603,"Schuylkill, TWP of - LST (547603)",MUNICIPAL
PA,TAX5580,42-107-1217016-LST-547603,"Schuylkill, TWP of - LST (547603)",SCHOOL
PA,TAX5557,42-033-1216249-EIT-172003,"Sandy, TWP of - EIT",MUNICIPAL
PA,TAX5557,42-033-1216249-EIT-172003,"Sandy, TWP of - EIT",SCHOOL
PA,TAX894,42-063-1216540-EIT-321103,"Conemaugh, TWP of - EIT (321103)",MUNICIPAL
PA,TAX894,42-063-1216540-EIT-321103,"Conemaugh, TWP of - EIT (321103)",SCHOOL
PA,TAX6324,42-111-1217066-EIT-566303,"Upper Turkeyfoot, TWP of-EIT",MUNICIPAL
PA,TAX6324,42-111-1217066-EIT-566303,"Upper Turkeyfoot, TWP of-EIT",SCHOOL
PA,TAX19,42-111-1215580-LST-568404,"Addison, BORO of - LST",MUNICIPAL
PA,TAX19,42-111-1215580-LST-568404,"Addison, BORO of - LST",SCHOOL
PA,TAX1595,42-003-1215805-LST-023153,"Forward, TWP of - LST (023153)",MUNICIPAL
PA,TAX1595,42-003-1215805-LST-023153,"Forward, TWP of - LST (023153)",SCHOOL
PA,TAX30,42-015-1214948-LST-086653,"Alba, BORO of - LST",MUNICIPAL
PA,TAX30,42-015-1214948-LST-086653,"Alba, BORO of - LST",SCHOOL
PA,TAX559,42-063-1216536-LST-321103,"Burrell, TWP of - LST (321103)",MUNICIPAL
PA,TAX559,42-063-1216536-LST-321103,"Burrell, TWP of - LST (321103)",SCHOOL
PA,TAX5793,42-003-1215831-EIT-028703,"South Fayette, TWP of - EIT",MUNICIPAL
PA,TAX5793,42-003-1215831-EIT-028703,"South Fayette, TWP of - EIT",SCHOOL
PA,TAX2406,42-107-1217005-EIT-403302,"Kline, TWP of - EIT",MUNICIPAL
PA,TAX2406,42-107-1217005-EIT-403302,"Kline, TWP of - EIT",SCHOOL
PA,TAX5084,42-051-1215235-EIT-262903,"Perryopolis, BORO of - EIT",MUNICIPAL
PA,TAX5084,42-051-1215235-EIT-262903,"Perryopolis, BORO of - EIT",SCHOOL
PA,TAX1785,42-059-1216490-EIT-308503,"Gray, TWP of - EIT",MUNICIPAL
PA,TAX1785,42-059-1216490-EIT-308503,"Gray, TWP of - EIT",SCHOOL
PA,TAX3776,42-039-1216308-EIT-201033,"North Shenango, TWP of - EIT",MUNICIPAL
PA,TAX3776,42-039-1216308-EIT-201033,"North Shenango, TWP of - EIT",SCHOOL
PA,TAX6512,42-059-1215263-LST-301403,"Waynesburg, BORO of - LST",MUNICIPAL
PA,TAX6512,42-059-1215263-LST-301403,"Waynesburg, BORO of - LST",SCHOOL
PA,TAX3312,42-027-1216132-LST-147003,"Miles, TWP of - LST",MUNICIPAL
PA,TAX3312,42-027-1216132-LST-147003,"Miles, TWP of - LST",SCHOOL
PA,TAX6071,42-057-1216481-EIT-297504,"Thompson, TWP of - EIT",MUNICIPAL
PA,TAX6071,42-057-1216481-EIT-297504,"Thompson, TWP of - EIT",SCHOOL
PA,TAX2240,42-017-1214967-EIT-092002,"Ivyland, BORO of - EIT",MUNICIPAL
PA,TAX2240,42-017-1214967-EIT-092002,"Ivyland, BORO of - EIT",SCHOOL
PA,TAX1184,42-061-1215269-EIT-058003,"Dudley, BORO of - EIT",MUNICIPAL
PA,TAX1184,42-061-1215269-EIT-058003,"Dudley, BORO of - EIT",SCHOOL
PA,TAX1787,42-055-1215244-EIT-283003,"Greencastle, BORO of - EIT",MUNICIPAL
PA,TAX1787,42-055-1215244-EIT-283003,"Greencastle, BORO of - EIT",SCHOOL
PA,TAX6853,42-065-1215308-LST-338003,"Worthville, BORO of - LST",MUNICIPAL
PA,TAX6853,42-065-1215308-LST-338003,"Worthville, BORO of - LST",SCHOOL
PA,TAX2068,42-047-1216401-LST-246003,"Horton, TWP of - LST (246003)",MUNICIPAL
PA,TAX2068,42-047-1216401-LST-246003,"Horton, TWP of - LST (246003)",SCHOOL
PA,TAX1428,42-031-1216204-LST-166503,"Elk, TWP of - LST (166503)",MUNICIPAL
PA,TAX1428,42-031-1216204-LST-166503,"Elk, TWP of - LST (166503)",SCHOOL
PA,TAX5136,42-107-1215563-EIT-546003,"Pine Grove, BORO of - EIT",MUNICIPAL
PA,TAX5136,42-107-1215563-EIT-546003,"Pine Grove, BORO of - EIT",SCHOOL
PA,TAX1183,42-081-1215419-LST-416103,"Duboistown, BORO of - LST",MUNICIPAL
PA,TAX1183,42-081-1215419-LST-416103,"Duboistown, BORO of - LST",SCHOOL
PA,TAX6471,42-043-1216371-LST-229003,"Washington, TWP of - LST (229003)",MUNICIPAL
PA,TAX6471,42-043-1216371-LST-229003,"Washington, TWP of - LST (229003)",SCHOOL
PA,TAX6043,42-095-1215504-EIT-484803,"Tatamy, BORO of - EIT",MUNICIPAL
PA,TAX6043,42-095-1215504-EIT-484803,"Tatamy, BORO of - EIT",SCHOOL
PA,TAX635,42-001-1214755-EIT-013054,"Carroll Valley, BORO of - EIT",MUNICIPAL
PA,TAX635,42-001-1214755-EIT-013054,"Carroll Valley, BORO of - EIT",SCHOOL
PA,TAX5482,42-011-1215946-LST-066503,"Ruscombmanor, TWP of - LST",MUNICIPAL
PA,TAX5482,42-011-1215946-LST-066503,"Ruscombmanor, TWP of - LST",SCHOOL
PA,TAX1673,42-123-1217165-EIT-628302,"Freehold, TWP of - EIT",MUNICIPAL
PA,TAX1673,42-123-1217165-EIT-628302,"Freehold, TWP of - EIT",SCHOOL
PA,TAX748,42-045-1216379-LST-231232,"Chester, TWP of - LST",MUNICIPAL
PA,TAX748,42-045-1216379-LST-231232,"Chester, TWP of - LST",SCHOOL
PA,TAX5240,42-019-1215000-EIT-107503,"Portersville, BORO of - EIT",MUNICIPAL
PA,TAX5240,42-019-1215000-EIT-107503,"Portersville, BORO of - EIT",SCHOOL
PA,TAX3502,42-089-1215461-EIT-455403,"Mount Pocono, BORO of - EIT",MUNICIPAL
PA,TAX3502,42-089-1215461-EIT-455403,"Mount Pocono, BORO of - EIT",SCHOOL
PA,TAX1613,42-107-1215548-EIT-545003,"Frackville, BORO of - EIT",MUNICIPAL
PA,TAX1613,42-107-1215548-EIT-545003,"Frackville, BORO of - EIT",SCHOOL
PA,TAX2075,42-005-1215846-LST-160303,"Hovey, TWP of - LST",MUNICIPAL
PA,TAX2075,42-005-1215846-LST-160303,"Hovey, TWP of - LST",SCHOOL
PA,TAX3342,42-099-1216944-EIT-504003,"Miller, TWP of - EIT (504003)",MUNICIPAL
PA,TAX3342,42-099-1216944-EIT-504003,"Miller, TWP of - EIT (504003)",SCHOOL
PA,TAX5051,42-003-1214816-LST-026303,"Pennsbury Village, BORO of-LST",MUNICIPAL
PA,TAX5051,42-003-1214816-LST-026303,"Pennsbury Village, BORO of-LST",SCHOOL
PA,TAX2740,42-099-1215525-EIT-508003,"Landisburg, BORO of - EIT",MUNICIPAL
PA,TAX2740,42-099-1215525-EIT-508003,"Landisburg, BORO of - EIT",SCHOOL
PA,TAX3418,42-081-1215422-LST-415004,"Montgomery, BORO of - LST",MUNICIPAL
PA,TAX3418,42-081-1215422-LST-415004,"Montgomery, BORO of - LST",SCHOOL
PA,TAX237,42-081-1216740-LST-414003,"Bastress, TWP of - LST",MUNICIPAL
PA,TAX237,42-081-1216740-LST-414003,"Bastress, TWP of - LST",SCHOOL
PA,TAX924,42-019-1214989-LST-101252,"Connoquenessing, BORO of-LST",MUNICIPAL
PA,TAX924,42-019-1214989-LST-101252,"Connoquenessing, BORO of-LST",SCHOOL
PA,TAX2891,42-039-1215137-LST-201033,"Linesville, BORO of - LST",MUNICIPAL
PA,TAX2891,42-039-1215137-LST-201033,"Linesville, BORO of - LST",SCHOOL
PA,TAX410,42-107-1216992-EIT-546803,"Blythe, TWP of - EIT",MUNICIPAL
PA,TAX410,42-107-1216992-EIT-546803,"Blythe, TWP of - EIT",SCHOOL
PA,TAX2009,42-029-1216161-EIT-156503,"Highland, TWP of - EIT (156503)",MUNICIPAL
PA,TAX2009,42-029-1216161-EIT-156503,"Highland, TWP of - EIT (156503)",SCHOOL
PA,TAX138,42-069-1215313-EIT-358403,"Archbald, BORO of - EIT",MUNICIPAL
PA,TAX138,42-069-1215313-EIT-358403,"Archbald, BORO of - EIT",SCHOOL
PA,TAX1362,42-019-1214991-LST-105353,"Eau Claire, BORO of - LST",MUNICIPAL
PA,TAX1362,42-019-1214991-LST-105353,"Eau Claire, BORO of - LST",SCHOOL
PA,TAX3078,42-071-1216634-LST-364503,"Manheim, TWP of - LST (364503)",MUNICIPAL
PA,TAX3078,42-071-1216634-LST-364503,"Manheim, TWP of - LST (364503)",SCHOOL
PA,TAX3048,42-107-1215554-EIT-544503,"Mahanoy City, BORO of - EIT",MUNICIPAL
PA,TAX3048,42-107-1215554-EIT-544503,"Mahanoy City, BORO of - EIT",SCHOOL
PA,TAX5235,42-083-1215434-LST-426303,"Port Allegany, BORO of - LST",MUNICIPAL
PA,TAX5235,42-083-1215434-LST-426303,"Port Allegany, BORO of - LST",SCHOOL
PA,TAX3071,42-133-1215753-LST-674403,"Manchester, BORO of - LST",MUNICIPAL
PA,TAX3071,42-133-1215753-LST-674403,"Manchester, BORO of - LST",SCHOOL
PA,TAX2388,42-009-1215897-EIT-071504,"Kimmel, TWP of - EIT",MUNICIPAL
PA,TAX2388,42-009-1215897-EIT-071504,"Kimmel, TWP of - EIT",SCHOOL
PA,TAX2032,42-105-1216976-EIT-531304,"Homer, TWP of - EIT",MUNICIPAL
PA,TAX2032,42-105-1216976-EIT-531304,"Homer, TWP of - EIT",SCHOOL
PA,TAX1490,42-001-1214757-LST-013054,"Fairfield, BORO of - LST",MUNICIPAL
PA,TAX1490,42-001-1214757-LST-013054,"Fairfield, BORO of - LST",SCHOOL
PA,TAX5075,42-109-1217035-LST-557103,"Penn, TWP of - LST (557103)",MUNICIPAL
PA,TAX5075,42-109-1217035-LST-557103,"Penn, TWP of - LST (557103)",SCHOOL
PA,TAX2042,42-029-1216162-EIT-068103,"Honey Brook, TWP of - EIT",MUNICIPAL
PA,TAX2042,42-029-1216162-EIT-068103,"Honey Brook, TWP of - EIT",SCHOOL
PA,TAX825,42-063-1215285-EIT-326303,"Clymer, BORO of - EIT",MUNICIPAL
PA,TAX825,42-063-1215285-EIT-326303,"Clymer, BORO of - EIT",SCHOOL
PA,TAX458,42-107-1216993-EIT-544703,"Branch, TWP of - EIT",MUNICIPAL
PA,TAX458,42-107-1216993-EIT-544703,"Branch, TWP of - EIT",SCHOOL
PA,TAX2355,42-013-1215964-EIT-073503,"Juniata, TWP of - EIT (073503)",MUNICIPAL
PA,TAX2355,42-013-1215964-EIT-073503,"Juniata, TWP of - EIT (073503)",SCHOOL
PA,TAX3440,42-059-1216495-LST-303503,"Morgan, TWP of - LST",MUNICIPAL
PA,TAX3440,42-059-1216495-LST-303503,"Morgan, TWP of - LST",SCHOOL
PA,TAX151,42-063-1216531-LST-323703,"Armstrong, TWP of - LST (323703)",MUNICIPAL
PA,TAX151,42-063-1216531-LST-323703,"Armstrong, TWP of - LST (323703)",SCHOOL
PA,TAX1401,42-107-1217000-LST-547803,"Eldred, TWP of - LST (547803)",MUNICIPAL
PA,TAX1401,42-107-1217000-LST-547803,"Eldred, TWP of - LST (547803)",SCHOOL
PA,TAX5862,42-125-1215677-LST-631803,"Speers, BORO of - LST",MUNICIPAL
PA,TAX5862,42-125-1215677-LST-631803,"Speers, BORO of - LST",SCHOOL
PA,TAX5239,42-107-1215565-LST-547303,"Port Clinton, BORO of - LST",MUNICIPAL
PA,TAX5239,42-107-1215565-LST-547303,"Port Clinton, BORO of - LST",SCHOOL
PA,TAX6136,42-045-1215198-EIT-231303,"Trainer, BORO of - EIT",MUNICIPAL
PA,TAX6136,42-045-1215198-EIT-231303,"Trainer, BORO of - EIT",SCHOOL
PA,TAX902,42-043-1216353-EIT-224003,"Conewago, TWP of - EIT (224003)",MUNICIPAL
PA,TAX902,42-043-1216353-EIT-224003,"Conewago, TWP of - EIT (224003)",SCHOOL
PA,TAX3627,42-029-1216168-EIT-158503,"Newlin, TWP of - EIT",MUNICIPAL
PA,TAX3627,42-029-1216168-EIT-158503,"Newlin, TWP of - EIT",SCHOOL
PA,TAX406,42-117-1215620-EIT-597003,"Blossburg, BORO of - EIT",MUNICIPAL
PA,TAX406,42-117-1215620-EIT-597003,"Blossburg, BORO of - EIT",SCHOOL
PA,TAX1653,42-051-1216433-LST-268003,"Franklin, TWP of - LST (268003)",MUNICIPAL
PA,TAX1653,42-051-1216433-LST-268003,"Franklin, TWP of - LST (268003)",SCHOOL
PA,TAX1769,42-107-1215551-EIT-545003,"Gordon, BORO of - EIT",MUNICIPAL
PA,TAX1769,42-107-1215551-EIT-545003,"Gordon, BORO of - EIT",SCHOOL
PA,TAX2977,42-095-1216903-LST-483302,"Lower Mount Bethel, TWP of-LST (483302)",MUNICIPAL
PA,TAX2977,42-095-1216903-LST-483302,"Lower Mount Bethel, TWP of-LST (483302)",SCHOOL
PA,TAX1252,42-029-1216149-EIT-156603,"East Coventry, TWP of - EIT",MUNICIPAL
PA,TAX1252,42-029-1216149-EIT-156603,"East Coventry, TWP of - EIT",SCHOOL
PA,TAX402,42-037-1215124-EIT-191203,Bloomsburg Town - EIT,MUNICIPAL
PA,TAX402,42-037-1215124-EIT-191203,Bloomsburg Town - EIT,SCHOOL
PA,TAX6087,42-011-1215949-EIT-063503,"Tilden, TWP of - EIT",MUNICIPAL
PA,TAX6087,42-011-1215949-EIT-063503,"Tilden, TWP of - EIT",SCHOOL
PA,TAX3767,42-107-1217008-LST-540803,"North Manheim, TWP of - LST",MUNICIPAL
PA,TAX3767,42-107-1217008-LST-540803,"North Manheim, TWP of - LST",SCHOOL
PA,TAX1367,42-045-1215182-EIT-237702,"Eddystone, BORO of - EIT",MUNICIPAL
PA,TAX1367,42-045-1215182-EIT-237702,"Eddystone, BORO of - EIT",SCHOOL
PA,TAX1492,42-081-1216748-EIT-415103,"Fairfield, TWP of - EIT (415103)",MUNICIPAL
PA,TAX1492,42-081-1216748-EIT-415103,"Fairfield, TWP of - EIT (415103)",SCHOOL
PA,TAX1400,42-089-1216837-LST-455203,"Eldred, TWP of - LST (455203)",MUNICIPAL
PA,TAX1400,42-089-1216837-LST-455203,"Eldred, TWP of - LST (455203)",SCHOOL
PA,TAX291,42-003-1214767-LST-026873,"Bellevue, BORO of - LST",MUNICIPAL
PA,TAX291,42-003-1214767-LST-026873,"Bellevue, BORO of - LST",SCHOOL
PA,TAX5459,42-003-1214822-EIT-021603,"Rosslyn Farms, BORO of - EIT",MUNICIPAL
PA,TAX5459,42-003-1214822-EIT-021603,"Rosslyn Farms, BORO of - EIT",SCHOOL
PA,TAX5192,42-009-1214902-LST-051503,"Pleasantville, BORO of - LST (051503)",MUNICIPAL
PA,TAX5192,42-009-1214902-LST-051503,"Pleasantville, BORO of - LST (051503)",SCHOOL
PA,TAX6093,42-017-1216032-LST-098003,"Tinicum, TWP of - LST (098003)",MUNICIPAL
PA,TAX6093,42-017-1216032-LST-098003,"Tinicum, TWP of - LST (098003)",SCHOOL
PA,TAX63,42-007-1214861-LST-040503,"Aliquippa, City of - LST",MUNICIPAL
PA,TAX63,42-007-1214861-LST-040503,"Aliquippa, City of - LST",SCHOOL
PA,TAX1282,42-133-1217285-EIT-676203,"East Hopewell, TWP of - EIT",MUNICIPAL
PA,TAX1282,42-133-1217285-EIT-676203,"East Hopewell, TWP of - EIT",SCHOOL
PA,TAX749,42-089-1216835-EIT-455203,"Chestnuthill, TWP of - EIT",MUNICIPAL
PA,TAX749,42-089-1216835-EIT-455203,"Chestnuthill, TWP of - EIT",SCHOOL
PA,TAX6045,42-069-1215329-EIT-357003,"Taylor, BORO of - EIT",MUNICIPAL
PA,TAX6045,42-069-1215329-EIT-357003,"Taylor, BORO of - EIT",SCHOOL
PA,TAX6287,42-097-1216931-LST-493503,"Upper Mahanoy, TWP of - LST",MUNICIPAL
PA,TAX6287,42-097-1216931-LST-493503,"Upper Mahanoy, TWP of - LST",SCHOOL
PA,TAX5718,42-079-1216733-LST-401403,"Slocum, TWP of - LST",MUNICIPAL
PA,TAX5718,42-079-1216733-LST-401403,"Slocum, TWP of - LST",SCHOOL
PA,TAX6177,42-097-1215520-LST-498003,"Turbotville, BORO of - LST",MUNICIPAL
PA,TAX6177,42-097-1215520-LST-498003,"Turbotville, BORO of - LST",SCHOOL
PA,TAX1640,42-079-1216714-EIT-401603,"Franklin, TWP of - EIT (401603)",MUNICIPAL
PA,TAX1640,42-079-1216714-EIT-401603,"Franklin, TWP of - EIT (401603)",SCHOOL
PA,TAX656,42-003-1214779-LST-025002,"Castle Shannon, BORO of - LST (025002)",MUNICIPAL
PA,TAX656,42-003-1214779-LST-025002,"Castle Shannon, BORO of - LST (025002)",SCHOOL
PA,TAX5747,42-013-1215967-LST-078003,"Snyder, TWP of - LST (078003)",MUNICIPAL
PA,TAX5747,42-013-1215967-LST-078003,"Snyder, TWP of - LST (078003)",SCHOOL
PA,TAX5467,42-129-1201654-EIT-650603,"Rostraver, TWP of - EIT",MUNICIPAL
PA,TAX5467,42-129-1201654-EIT-650603,"Rostraver, TWP of - EIT",SCHOOL
PA,TAX1877,42-055-1216463-LST-281302,"Hamilton, TWP of - LST (281302)",MUNICIPAL
PA,TAX1877,42-055-1216463-LST-281302,"Hamilton, TWP of - LST (281302)",SCHOOL
PA,TAX932,42-007-1214867-LST-042853,"Conway, BORO of - LST",MUNICIPAL
PA,TAX932,42-007-1214867-LST-042853,"Conway, BORO of - LST",SCHOOL
PA,TAX2276,42-121-1217146-LST-618603,"Jackson, TWP of - LST (618603)",MUNICIPAL
PA,TAX2276,42-121-1217146-LST-618603,"Jackson, TWP of - LST (618603)",SCHOOL
PA,TAX1544,42-067-1216580-LST-343603,"Fayette, TWP of - LST",MUNICIPAL
PA,TAX1544,42-067-1216580-LST-343603,"Fayette, TWP of - LST",SCHOOL
PA,TAX5261,42-067-1215311-LST-343603,"Port Royal, BORO of - LST",MUNICIPAL
PA,TAX5261,42-067-1215311-LST-343603,"Port Royal, BORO of - LST",SCHOOL
PA,TAX2851,42-093-1216890-EIT-471803,"Liberty, TWP of - EIT (471803)",MUNICIPAL
PA,TAX2851,42-093-1216890-EIT-471803,"Liberty, TWP of - EIT (471803)",SCHOOL
PA,TAX156,42-129-1215692-LST-658903,"Arona, BORO of - LST",MUNICIPAL
PA,TAX156,42-129-1215692-LST-658903,"Arona, BORO of - LST",SCHOOL
PA,TAX5465,42-079-1216731-LST-403903,"Ross, TWP of - LST (403903)",MUNICIPAL
PA,TAX5465,42-079-1216731-LST-403903,"Ross, TWP of - LST (403903)",SCHOOL
PA,TAX6062,42-071-1215350-LST-362303,"Terre Hill, BORO of - LST",MUNICIPAL
PA,TAX6062,42-071-1215350-LST-362303,"Terre Hill, BORO of - LST",SCHOOL
PA,TAX574,42-005-1215842-LST-030852,"Cadogan, TWP of - LST",MUNICIPAL
PA,TAX574,42-005-1215842-LST-030852,"Cadogan, TWP of - LST",SCHOOL
PA,TAX3833,42-121-1217148-EIT-616203,"Oakland, TWP of - EIT (616203)",MUNICIPAL
PA,TAX3833,42-121-1217148-EIT-616203,"Oakland, TWP of - EIT (616203)",SCHOOL
PA,TAX5196,42-005-1215856-EIT-030852,"Plumcreek, TWP of - EIT",MUNICIPAL
PA,TAX5196,42-005-1215856-EIT-030852,"Plumcreek, TWP of - EIT",SCHOOL
PA,TAX3517,42-019-1216062-LST-107503,"Muddycreek, TWP of - LST",MUNICIPAL
PA,TAX3517,42-019-1216062-LST-107503,"Muddycreek, TWP of - LST",SCHOOL
PA,TAX3442,42-059-1215256-EIT-308503,"Morris, TWP of - EIT (308503)",MUNICIPAL
PA,TAX3442,42-059-1215256-EIT-308503,"Morris, TWP of - EIT (308503)",SCHOOL
PA,TAX570,42-079-1216705-LST-403302,"Butler, TWP of - LST (403302)",MUNICIPAL
PA,TAX570,42-079-1216705-LST-403302,"Butler, TWP of - LST (403302)",SCHOOL
PA,TAX2070,42-125-1215669-EIT-631903,"Houston, BORO of - EIT",MUNICIPAL
PA,TAX2070,42-125-1215669-EIT-631903,"Houston, BORO of - EIT",SCHOOL
PA,TAX2774,42-079-1215398-EIT-408852,"Laurel Run, BORO of - EIT",MUNICIPAL
PA,TAX2774,42-079-1215398-EIT-408852,"Laurel Run, BORO of - EIT",SCHOOL
PA,TAX1431,42-073-1215352-EIT-372003,"Ellport, BORO of - EIT",MUNICIPAL
PA,TAX1431,42-073-1215352-EIT-372003,"Ellport, BORO of - EIT",SCHOOL
PA,TAX6194,42-013-1215969-EIT-070502,"Tyrone, TWP of - EIT (070502)",MUNICIPAL
PA,TAX6194,42-013-1215969-EIT-070502,"Tyrone, TWP of - EIT (070502)",SCHOOL
PA,TAX5485,42-107-1217014-EIT-544503,"Rush, TWP of - EIT (544503)",MUNICIPAL
PA,TAX5485,42-107-1217014-EIT-544503,"Rush, TWP of - EIT (544503)",SCHOOL
PA,TAX546,42-015-1215976-EIT-086653,"Burlington, TWP of - EIT",MUNICIPAL
PA,TAX546,42-015-1215976-EIT-086653,"Burlington, TWP of - EIT",SCHOOL
PA,TAX1315,42-095-1215493-LST-483302,"Easton, City of - LST",MUNICIPAL
PA,TAX1315,42-095-1215493-LST-483302,"Easton, City of - LST",SCHOOL
PA,TAX1261,42-071-1216624-LST-362303,"East Earl, TWP of - LST",MUNICIPAL
PA,TAX1261,42-071-1216624-LST-362303,"East Earl, TWP of - LST",SCHOOL
PA,TAX5888,42-091-1216872-EIT-467203,"Springfield, TWP of - EIT (467203)",MUNICIPAL
PA,TAX5888,42-091-1216872-EIT-467203,"Springfield, TWP of - EIT (467203)",SCHOOL
PA,TAX234,42-071-1216612-EIT-367003,"Bart, TWP of - EIT",MUNICIPAL
PA,TAX234,42-071-1216612-EIT-367003,"Bart, TWP of - EIT",SCHOOL
PA,TAX6419,42-015-1216002-EIT-083004,"Warren, TWP of - EIT (083004)",MUNICIPAL
PA,TAX6419,42-015-1216002-EIT-083004,"Warren, TWP of - EIT (083004)",SCHOOL
PA,TAX5992,42-039-1216319-EIT-201033,"Summerhill, TWP of - EIT (201033)",MUNICIPAL
PA,TAX5992,42-039-1216319-EIT-201033,"Summerhill, TWP of - EIT (201033)",SCHOOL
PA,TAX3178,42-001-1214760-EIT-011603,"McSherrystown, BORO of - EIT",MUNICIPAL
PA,TAX3178,42-001-1214760-EIT-011603,"McSherrystown, BORO of - EIT",SCHOOL
PA,TAX4922,42-011-1215939-EIT-067503,"Ontelaunee, TWP of - EIT",MUNICIPAL
PA,TAX4922,42-011-1215939-EIT-067503,"Ontelaunee, TWP of - EIT",SCHOOL
PA,TAX3406,42-015-1215984-LST-086503,"Monroe, TWP of - LST (086503)",MUNICIPAL
PA,TAX3406,42-015-1215984-LST-086503,"Monroe, TWP of - LST (086503)",SCHOOL
PA,TAX5761,42-069-1216609-LST-350303,"South Abington, TWP of - LST",MUNICIPAL
PA,TAX5761,42-069-1216609-LST-350303,"South Abington, TWP of - LST",SCHOOL
PA,TAX6110,42-089-1216848-EIT-455403,"Tobyhanna, TWP of - EIT",MUNICIPAL
PA,TAX6110,42-089-1216848-EIT-455403,"Tobyhanna, TWP of - EIT",SCHOOL
PA,TAX1451,42-023-1215041-EIT-122703,"Emporium, BORO of - EIT",MUNICIPAL
PA,TAX1451,42-023-1215041-EIT-122703,"Emporium, BORO of - EIT",SCHOOL
PA,TAX3543,42-095-1215497-LST-484803,"Nazareth, BORO of - LST",MUNICIPAL
PA,TAX3543,42-095-1215497-LST-484803,"Nazareth, BORO of - LST",SCHOOL
PA,TAX3445,42-125-1217197-EIT-633903,"Morris, TWP of - EIT (633903)",MUNICIPAL
PA,TAX3445,42-125-1217197-EIT-633903,"Morris, TWP of - EIT (633903)",SCHOOL
PA,TAX5198,42-017-1216028-EIT-092102,"Plumstead, TWP of - EIT",MUNICIPAL
PA,TAX5198,42-017-1216028-EIT-092102,"Plumstead, TWP of - EIT",SCHOOL
PA,TAX5787,42-051-1215238-LST-261302,"South Connellsville, BORO of-LST",MUNICIPAL
PA,TAX5787,42-051-1215238-LST-261302,"South Connellsville, BORO of-LST",SCHOOL
PA,TAX2758,42-111-1217052-EIT-565203,"Larimer, TWP of - EIT",MUNICIPAL
PA,TAX2758,42-111-1217052-EIT-565203,"Larimer, TWP of - EIT",SCHOOL
PA,TAX1480,42-011-1215925-LST-062003,"Exeter, TWP of - LST (062003)",MUNICIPAL
PA,TAX1480,42-011-1215925-LST-062003,"Exeter, TWP of - LST (062003)",SCHOOL
PA,TAX6710,42-003-1214838-LST-026902,"West View, BORO of - LST",MUNICIPAL
PA,TAX6710,42-003-1214838-LST-026902,"West View, BORO of - LST",SCHOOL
PA,TAX2386,42-003-1215812-EIT-020753,"Kilbuck, TWP of - EIT",MUNICIPAL
PA,TAX2386,42-003-1215812-EIT-020753,"Kilbuck, TWP of - EIT",SCHOOL
PA,TAX6673,42-041-1216352-EIT-210503,"West Pennsboro, TWP of - EIT",MUNICIPAL
PA,TAX6673,42-041-1216352-EIT-210503,"West Pennsboro, TWP of - EIT",SCHOOL
PA,TAX6765,42-003-1214842-LST-029803,"Wilkinsburg, BORO of - LST",MUNICIPAL
PA,TAX6765,42-003-1214842-LST-029803,"Wilkinsburg, BORO of - LST",SCHOOL
PA,TAX6545,42-133-1215764-EIT-674603,"Wellsville, BORO of - EIT",MUNICIPAL
PA,TAX6545,42-133-1215764-EIT-674603,"Wellsville, BORO of - EIT",SCHOOL
PA,TAX2236,42-129-1215703-EIT-656502,"Irwin, BORO of - EIT",MUNICIPAL
PA,TAX2236,42-129-1215703-EIT-656502,"Irwin, BORO of - EIT",SCHOOL
PA,TAX3222,42-131-1217269-LST-667503,"Mehoopany, TWP of - LST",MUNICIPAL
PA,TAX3222,42-131-1217269-LST-667503,"Mehoopany, TWP of - LST",SCHOOL
PA,TAX6725,42-051-1216450-LST-268003,"Wharton, TWP of - LST (268003)",MUNICIPAL
PA,TAX6725,42-051-1216450-LST-268003,"Wharton, TWP of - LST (268003)",SCHOOL
PA,TAX3784,42-051-1216441-EIT-264003,"North Union, TWP of - EIT (264003)",MUNICIPAL
PA,TAX3784,42-051-1216441-EIT-264003,"North Union, TWP of - EIT (264003)",SCHOOL
PA,TAX664,42-037-1216276-LST-197503,"Catawissa, TWP of - LST (197503)",MUNICIPAL
PA,TAX664,42-037-1216276-LST-197503,"Catawissa, TWP of - LST (197503)",SCHOOL
PA,TAX1304,42-039-1216304-EIT-204703,"East Mead, TWP of - EIT",MUNICIPAL
PA,TAX1304,42-039-1216304-EIT-204703,"East Mead, TWP of - EIT",SCHOOL
PA,TAX3656,42-129-1215715-LST-653802,"New Stanton, BORO of - LST",MUNICIPAL
PA,TAX3656,42-129-1215715-LST-653802,"New Stanton, BORO of - LST",SCHOOL
PA,TAX5826,42-041-1216348-LST-210503,"South Newton, TWP of - LST",MUNICIPAL
PA,TAX5826,42-041-1216348-LST-210503,"South Newton, TWP of - LST",SCHOOL
PA,TAX6768,42-013-1214947-EIT-079004,"Williamsburg, BORO of - EIT",MUNICIPAL
PA,TAX6768,42-013-1214947-EIT-079004,"Williamsburg, BORO of - EIT",SCHOOL
PA,TAX6420,42-055-1216472-EIT-286003,"Warren, TWP of - EIT (286003)",MUNICIPAL
PA,TAX6420,42-055-1216472-EIT-286003,"Warren, TWP of - EIT (286003)",SCHOOL
PA,TAX6362,42-039-1215144-LST-204703,"Venango, BORO of - LST",MUNICIPAL
PA,TAX6362,42-039-1215144-LST-204703,"Venango, BORO of - LST",SCHOOL
PA,TAX3724,42-131-1217273-EIT-667503,"North Branch, TWP of - EIT",MUNICIPAL
PA,TAX3724,42-131-1217273-EIT-667503,"North Branch, TWP of - EIT",SCHOOL
PA,TAX85,42-077-1215372-EIT-395103,"Allentown, City of – EIT (395103)",MUNICIPAL
PA,TAX85,42-077-1215372-EIT-395103,"Allentown, City of – EIT (395103)",SCHOOL
PA,TAX87,42-077-1215372-LST-395103,"Allentown, City of – LST (395103)",MUNICIPAL
PA,TAX87,42-077-1215372-LST-395103,"Allentown, City of – LST (395103)",SCHOOL
PA,TAX2848,42-027-1216130-EIT-183602,"Liberty, TWP of - EIT (183602)",MUNICIPAL
PA,TAX2848,42-027-1216130-EIT-183602,"Liberty, TWP of - EIT (183602)",SCHOOL
PA,TAX5424,42-125-1217204-EIT-632403,"Robinson, TWP of - EIT (632403)",MUNICIPAL
PA,TAX5424,42-125-1217204-EIT-632403,"Robinson, TWP of - EIT (632403)",SCHOOL
PA,TAX1278,42-043-1216355-LST-224003,"East Hanover, TWP of - LST (224003)",MUNICIPAL
PA,TAX1278,42-043-1216355-LST-224003,"East Hanover, TWP of - LST (224003)",SCHOOL
PA,TAX412,42-005-1215840-EIT-030852,"Boggs, TWP of - EIT (030852)",MUNICIPAL
PA,TAX412,42-005-1215840-EIT-030852,"Boggs, TWP of - EIT (030852)",SCHOOL
PA,TAX5442,42-091-1215480-LST-460302,"Rockledge, BORO of - LST",MUNICIPAL
PA,TAX5442,42-091-1215480-LST-460302,"Rockledge, BORO of - LST",SCHOOL
PA,TAX685,42-111-1215585-EIT-567204,"Central City, BORO of - EIT",MUNICIPAL
PA,TAX685,42-111-1215585-EIT-567204,"Central City, BORO of - EIT",SCHOOL
PA,TAX3397,42-009-1215903-EIT-053003,"Monroe, TWP of - EIT (053003)",MUNICIPAL
PA,TAX3397,42-009-1215903-EIT-053003,"Monroe, TWP of - EIT (053003)",SCHOOL
PA,TAX5318,42-097-1216925-EIT-197503,"Ralpho, TWP of - EIT",MUNICIPAL
PA,TAX5318,42-097-1216925-EIT-197503,"Ralpho, TWP of - EIT",SCHOOL
PA,TAX1172,42-071-1216619-EIT-367003,"Drumore, TWP of - EIT",MUNICIPAL
PA,TAX1172,42-071-1216619-EIT-367003,"Drumore, TWP of - EIT",SCHOOL
PA,TAX5501,42-029-1216174-EIT-151902,"Sadsbury, TWP of - EIT (151902)",MUNICIPAL
PA,TAX5501,42-029-1216174-EIT-151902,"Sadsbury, TWP of - EIT (151902)",SCHOOL
PA,TAX2234,42-033-1215103-EIT-173003,"Irvona, BORO of - EIT",MUNICIPAL
PA,TAX2234,42-033-1215103-EIT-173003,"Irvona, BORO of - EIT",SCHOOL
PA,TAX3571,42-073-1215355-EIT-375003,"New Beaver, BORO of - EIT",MUNICIPAL
PA,TAX3571,42-073-1215355-EIT-375003,"New Beaver, BORO of - EIT",SCHOOL
PA,TAX1497,42-111-1217048-EIT-561003,"Fairhope, TWP of - EIT",MUNICIPAL
PA,TAX1497,42-111-1217048-EIT-561003,"Fairhope, TWP of - EIT",SCHOOL
PA,TAX1249,42-071-1216621-LST-361303,"East Cocalico, TWP of - LST",MUNICIPAL
PA,TAX1249,42-071-1216621-LST-361303,"East Cocalico, TWP of - LST",SCHOOL
PA,TAX5588,42-073-1216662-EIT-374003,"Scott, TWP of - EIT (374003)",MUNICIPAL
PA,TAX5588,42-073-1216662-EIT-374003,"Scott, TWP of - EIT (374003)",SCHOOL
PA,TAX6149,42-033-1215110-LST-172003,"Troutville, BORO of - LST",MUNICIPAL
PA,TAX6149,42-033-1215110-LST-172003,"Troutville, BORO of - LST",SCHOOL
PA,TAX5566,42-009-1214905-EIT-058003,"Saxton, BORO of - EIT",MUNICIPAL
PA,TAX5566,42-009-1214905-EIT-058003,"Saxton, BORO of - EIT",SCHOOL
PA,TAX1812,42-059-1215254-LST-306503,"Greensboro, BORO of - LST",MUNICIPAL
PA,TAX1812,42-059-1215254-LST-306503,"Greensboro, BORO of - LST",SCHOOL
PA,TAX3061,42-093-1216892-LST-471803,"Mahoning, TWP of - LST (471803)",MUNICIPAL
PA,TAX3061,42-093-1216892-LST-471803,"Mahoning, TWP of - LST (471803)",SCHOOL
PA,TAX5533,42-091-1216870-EIT-467103,"Salford, TWP of - EIT",MUNICIPAL
PA,TAX5533,42-091-1216870-EIT-467103,"Salford, TWP of - EIT",SCHOOL
PA,TAX5509,42-107-1215568-EIT-546803,"Saint Clair, BORO of - EIT",MUNICIPAL
PA,TAX5509,42-107-1215568-EIT-546803,"Saint Clair, BORO of - EIT",SCHOOL
PA,TAX2384,42-025-1216110-LST-135003,"Kidder, TWP of - LST (135003)",MUNICIPAL
PA,TAX2384,42-025-1216110-LST-135003,"Kidder, TWP of - LST (135003)",SCHOOL
PA,TAX1695,42-035-1216261-EIT-183602,"Gallagher, TWP of - EIT",MUNICIPAL
PA,TAX1695,42-035-1216261-EIT-183602,"Gallagher, TWP of - EIT",SCHOOL
PA,TAX173,42-029-1215065-EIT-156503,"Atglen, BORO of - EIT",MUNICIPAL
PA,TAX173,42-029-1215065-EIT-156503,"Atglen, BORO of - EIT",SCHOOL
PA,TAX6897,42-133-1215771-EIT-679002,"York, City of - EIT",MUNICIPAL
PA,TAX6897,42-133-1215771-EIT-679002,"York, City of - EIT",SCHOOL
PA,TAX326,42-011-1215915-EIT-067503,"Bern, TWP of - EIT",MUNICIPAL
PA,TAX326,42-011-1215915-EIT-067503,"Bern, TWP of - EIT",SCHOOL
PA,TAX1228,42-029-1216146-EIT-159002,"East Bradford, TWP of - EIT",MUNICIPAL
PA,TAX1228,42-029-1216146-EIT-159002,"East Bradford, TWP of - EIT",SCHOOL
PA,TAX5939,42-051-1216447-EIT-268003,"Stewart, TWP of - EIT",MUNICIPAL
PA,TAX5939,42-051-1216447-EIT-268003,"Stewart, TWP of - EIT",SCHOOL
PA,TAX1146,42-125-1215662-EIT-637002,"Donora, BORO of - EIT",MUNICIPAL
PA,TAX1146,42-125-1215662-EIT-637002,"Donora, BORO of - EIT",SCHOOL
PA,TAX5554,42-085-1215446-LST-433903,"Sandy Lake, BORO of - LST",MUNICIPAL
PA,TAX5554,42-085-1215446-LST-433903,"Sandy Lake, BORO of - LST",SCHOOL
PA,TAX2730,42-071-1215339-EIT-363603,"Lancaster, City of – EIT (363603)",MUNICIPAL
PA,TAX2730,42-071-1215339-EIT-363603,"Lancaster, City of – EIT (363603)",SCHOOL
PA,TAX2733,42-071-1215339-LST-363603,"Lancaster, City of – LST (363603)",MUNICIPAL
PA,TAX2733,42-071-1215339-LST-363603,"Lancaster, City of – LST (363603)",SCHOOL
PA,TAX5321,42-033-1215109-LST-175003,"Ramey, BORO of - LST",MUNICIPAL
PA,TAX5321,42-033-1215109-LST-175003,"Ramey, BORO of - LST",SCHOOL
PA,TAX5772,42-007-1215886-EIT-041603,"South Beaver, TWP of - EIT",MUNICIPAL
PA,TAX5772,42-007-1215886-EIT-041603,"South Beaver, TWP of - EIT",SCHOOL
PA,TAX4972,42-001-1215792-LST-011603,"Oxford, TWP of - LST",MUNICIPAL
PA,TAX4972,42-001-1215792-LST-011603,"Oxford, TWP of - LST",SCHOOL
PA,TAX5544,42-061-1215278-LST-317503,"Saltillo, BORO of - LST",MUNICIPAL
PA,TAX5544,42-061-1215278-LST-317503,"Saltillo, BORO of - LST",SCHOOL
PA,TAX3074,42-071-1215341-EIT-364403,"Manheim, BORO of - EIT",MUNICIPAL
PA,TAX3074,42-071-1215341-EIT-364403,"Manheim, BORO of - EIT",SCHOOL
PA,TAX797,42-019-1216048-LST-101252,"Clearfield, TWP of - LST (101252)",MUNICIPAL
PA,TAX797,42-019-1216048-LST-101252,"Clearfield, TWP of - LST (101252)",SCHOOL
PA,TAX1506,42-079-1216712-EIT-401403,"Fairview, TWP of - EIT (401403)",MUNICIPAL
PA,TAX1506,42-079-1216712-EIT-401403,"Fairview, TWP of - EIT (401403)",SCHOOL
PA,TAX3465,42-097-1216923-LST-495103,"Mount Carmel, TWP of - LST",MUNICIPAL
PA,TAX3465,42-097-1216923-LST-495103,"Mount Carmel, TWP of - LST",SCHOOL
PA,TAX751,42-021-1215013-EIT-111203,"Chest Springs, BORO of - EIT",MUNICIPAL
PA,TAX751,42-021-1215013-EIT-111203,"Chest Springs, BORO of - EIT",SCHOOL
PA,TAX4925,42-037-1216290-LST-191503,"Orange, TWP of - LST",MUNICIPAL
PA,TAX4925,42-037-1216290-LST-191503,"Orange, TWP of - LST",SCHOOL
PA,TAX6424,42-133-1217309-EIT-674603,"Warrington, TWP of - EIT (674603)",MUNICIPAL
PA,TAX6424,42-133-1217309-EIT-674603,"Warrington, TWP of - EIT (674603)",SCHOOL
PA,TAX2254,42-097-1216917-EIT-493503,"Jackson, TWP of - EIT (493503)",MUNICIPAL
PA,TAX2254,42-097-1216917-EIT-493503,"Jackson, TWP of - EIT (493503)",SCHOOL
PA,TAX3558,42-025-1215048-LST-136603,"Nesquehoning, BORO of - LST",MUNICIPAL
PA,TAX3558,42-025-1215048-LST-136603,"Nesquehoning, BORO of - LST",SCHOOL
PA,TAX5044,42-079-1215404-EIT-401403,"Penn Lake Park, BORO of - EIT",MUNICIPAL
PA,TAX5044,42-079-1215404-EIT-401403,"Penn Lake Park, BORO of - EIT",SCHOOL
PA,TAX1570,42-035-1215115-LST-183602,"Flemington, BORO of - LST",MUNICIPAL
PA,TAX1570,42-035-1215115-LST-183602,"Flemington, BORO of - LST",SCHOOL
PA,TAX4989,42-095-1216907-LST-484803,"Palmer, TWP of - LST (484803)",MUNICIPAL
PA,TAX4989,42-095-1216907-LST-484803,"Palmer, TWP of - LST (484803)",SCHOOL
PA,TAX3052,42-025-1216114-EIT-135503,"Mahoning, TWP of - EIT (135503)",MUNICIPAL
PA,TAX3052,42-025-1216114-EIT-135503,"Mahoning, TWP of - EIT (135503)",SCHOOL
PA,TAX5942,42-037-1215129-LST-191004,"Stillwater, BORO of - LST",MUNICIPAL
PA,TAX5942,42-037-1215129-LST-191004,"Stillwater, BORO of - LST",SCHOOL
PA,TAX5895,42-061-1216521-LST-317503,"Springfield, TWP of - LST (317503)",MUNICIPAL
PA,TAX5895,42-061-1216521-LST-317503,"Springfield, TWP of - LST (317503)",SCHOOL
PA,TAX340,42-005-1215839-EIT-030852,"Bethel, TWP of - EIT (030852)",MUNICIPAL
PA,TAX340,42-005-1215839-EIT-030852,"Bethel, TWP of - EIT (030852)",SCHOOL
PA,TAX1699,42-021-1216084-EIT-116003,"Gallitzin, TWP of - EIT",MUNICIPAL
PA,TAX1699,42-021-1216084-EIT-116003,"Gallitzin, TWP of - EIT",SCHOOL
PA,TAX5178,42-079-1216728-EIT-408852,"Plains, TWP of - EIT",MUNICIPAL
PA,TAX5178,42-079-1216728-EIT-408852,"Plains, TWP of - EIT",SCHOOL
PA,TAX6524,42-039-1216326-LST-201352,"Wayne, TWP of - LST (201352)",MUNICIPAL
PA,TAX6524,42-039-1216326-LST-201352,"Wayne, TWP of - LST (201352)",SCHOOL
PA,TAX5070,42-041-1216343-LST-210503,"Penn, TWP of - LST (210503)",MUNICIPAL
PA,TAX5070,42-041-1216343-LST-210503,"Penn, TWP of - LST (210503)",SCHOOL
PA,TAX5684,42-041-1215154-LST-216503,"Shiremanstown, BORO of - LST",MUNICIPAL
PA,TAX5684,42-041-1215154-LST-216503,"Shiremanstown, BORO of - LST",SCHOOL
PA,TAX6599,42-003-1214835-EIT-029553,"West Elizabeth, BORO of - EIT",MUNICIPAL
PA,TAX6599,42-003-1214835-EIT-029553,"West Elizabeth, BORO of - EIT",SCHOOL
PA,TAX937,42-079-1216706-LST-402603,"Conyngham, TWP of - LST (402603)",MUNICIPAL
PA,TAX937,42-079-1216706-LST-402603,"Conyngham, TWP of - LST (402603)",SCHOOL
PA,TAX4926,42-037-1215128-EIT-191503,"Orangeville, BORO of - EIT",MUNICIPAL
PA,TAX4926,42-037-1215128-EIT-191503,"Orangeville, BORO of - EIT",SCHOOL
PA,TAX2985,42-091-1216862-LST-466303,"Lower Pottsgrove, TWP of-LST",MUNICIPAL
PA,TAX2985,42-091-1216862-LST-466303,"Lower Pottsgrove, TWP of-LST",SCHOOL
PA,TAX3703,42-091-1215475-LST-465602,"Norristown, BORO of - LST",MUNICIPAL
PA,TAX3703,42-091-1215475-LST-465602,"Norristown, BORO of - LST",SCHOOL
PA,TAX5496,42-117-1217121-LST-597003,"Rutland, TWP of - LST",MUNICIPAL
PA,TAX5496,42-117-1217121-LST-597003,"Rutland, TWP of - LST",SCHOOL
PA,TAX5100,42-065-1216566-LST-338003,"Perry, TWP of - LST (338003)",MUNICIPAL
PA,TAX5100,42-065-1216566-LST-338003,"Perry, TWP of - LST (338003)",SCHOOL
PA,TAX3602,42-079-1215402-LST-406003,"New Columbus, BORO of - LST",MUNICIPAL
PA,TAX3602,42-079-1215402-LST-406003,"New Columbus, BORO of - LST",SCHOOL
PA,TAX1603,42-077-1215377-EIT-481002,"Fountain Hill, BORO of - EIT",MUNICIPAL
PA,TAX1603,42-077-1215377-EIT-481002,"Fountain Hill, BORO of - EIT",SCHOOL
PA,TAX6321,42-017-1216034-LST-092002,"Upper Southampton, TWP of-LST",MUNICIPAL
PA,TAX6321,42-017-1216034-LST-092002,"Upper Southampton, TWP of-LST",SCHOOL
PA,TAX5407,42-107-1215567-EIT-545003,"Ringtown, BORO of - EIT",MUNICIPAL
PA,TAX5407,42-107-1215567-EIT-545003,"Ringtown, BORO of - EIT",SCHOOL
PA,TAX2902,42-001-1214759-EIT-015203,"Littlestown, BORO of - EIT",MUNICIPAL
PA,TAX2902,42-001-1214759-EIT-015203,"Littlestown, BORO of - EIT",SCHOOL
PA,TAX3026,42-077-1216692-EIT-394603,"Lynn, TWP of - EIT",MUNICIPAL
PA,TAX3026,42-077-1216692-EIT-394603,"Lynn, TWP of - EIT",SCHOOL
PA,TAX3058,42-005-1215850-LST-168003,"Mahoning, TWP of - LST (168003)",MUNICIPAL
PA,TAX3058,42-005-1215850-LST-168003,"Mahoning, TWP of - LST (168003)",SCHOOL
PA,TAX6221,42-049-1216424-EIT-259103,"Union, TWP of - EIT (259103)",MUNICIPAL
PA,TAX6221,42-049-1216424-EIT-259103,"Union, TWP of - EIT (259103)",SCHOOL
PA,TAX622,42-041-1215147-LST-211103,"Carlisle, BORO of - LST",MUNICIPAL
PA,TAX622,42-041-1215147-LST-211103,"Carlisle, BORO of - LST",SCHOOL
PA,TAX861,42-075-1216672-EIT-385003,"Cold Spring, TWP of - EIT",MUNICIPAL
PA,TAX861,42-075-1216672-EIT-385003,"Cold Spring, TWP of - EIT",SCHOOL
PA,TAX2982,42-043-1216360-EIT-221402,"Lower Paxton, TWP of - EIT",MUNICIPAL
PA,TAX2982,42-043-1216360-EIT-221402,"Lower Paxton, TWP of - EIT",SCHOOL
PA,TAX2329,42-081-1215421-LST-414003,"Jersey Shore, BORO of - LST",MUNICIPAL
PA,TAX2329,42-081-1215421-LST-414003,"Jersey Shore, BORO of - LST",SCHOOL
PA,TAX6074,42-003-1214830-LST-026303,"Thornburg, BORO of - LST",MUNICIPAL
PA,TAX6074,42-003-1214830-LST-026303,"Thornburg, BORO of - LST",SCHOOL
PA,TAX2270,42-089-1216839-LST-455403,"Jackson, TWP of - LST (455403)",MUNICIPAL
PA,TAX2270,42-089-1216839-LST-455403,"Jackson, TWP of - LST (455403)",SCHOOL
PA,TAX2396,42-009-1215898-EIT-051503,"King, TWP of - EIT",MUNICIPAL
PA,TAX2396,42-009-1215898-EIT-051503,"King, TWP of - EIT",SCHOOL
PA,TAX3125,42-019-1214997-EIT-105003,"Mars, BORO of - EIT",MUNICIPAL
PA,TAX3125,42-019-1214997-EIT-105003,"Mars, BORO of - EIT",SCHOOL
PA,TAX3643,42-099-1215530-EIT-504003,"Newport, BORO of - EIT",MUNICIPAL
PA,TAX3643,42-099-1215530-EIT-504003,"Newport, BORO of - EIT",SCHOOL
PA,TAX6299,42-091-1216879-LST-468503,"Upper Moreland, TWP of - LST",MUNICIPAL
PA,TAX6299,42-091-1216879-LST-468503,"Upper Moreland, TWP of - LST",SCHOOL
PA,TAX2376,42-003-1215811-EIT-026303,"Kennedy, TWP of - EIT",MUNICIPAL
PA,TAX2376,42-003-1215811-EIT-026303,"Kennedy, TWP of - EIT",SCHOOL
PA,TAX583,42-031-1215081-EIT-166503,"Callensburg, BORO of - EIT",MUNICIPAL
PA,TAX583,42-031-1215081-EIT-166503,"Callensburg, BORO of - EIT",SCHOOL
PA,TAX6629,42-035-1216271-EIT-179003,"West Keating, TWP of - EIT",MUNICIPAL
PA,TAX6629,42-035-1216271-EIT-179003,"West Keating, TWP of - EIT",SCHOOL
PA,TAX6431,42-065-1216573-EIT-330803,"Warsaw, TWP of - EIT",MUNICIPAL
PA,TAX6431,42-065-1216573-EIT-330803,"Warsaw, TWP of - EIT",SCHOOL
PA,TAX3523,42-081-1216764-LST-415303,"Muncy Creek, TWP of - LST",MUNICIPAL
PA,TAX3523,42-081-1216764-LST-415303,"Muncy Creek, TWP of - LST",SCHOOL
PA,TAX5332,42-063-1216548-EIT-325203,"Rayne, TWP of - EIT",MUNICIPAL
PA,TAX5332,42-063-1216548-EIT-325203,"Rayne, TWP of - EIT",SCHOOL
PA,TAX3167,42-081-1216758-LST-081003,"McIntyre, TWP of - LST",MUNICIPAL
PA,TAX3167,42-081-1216758-LST-081003,"McIntyre, TWP of - LST",SCHOOL
PA,TAX272,42-009-1214895-EIT-051003,"Bedford, BORO of - EIT",MUNICIPAL
PA,TAX272,42-009-1214895-EIT-051003,"Bedford, BORO of - EIT",SCHOOL
PA,TAX3728,42-095-1215499-EIT-391303,"North Catasauqua, BORO of-EIT",MUNICIPAL
PA,TAX3728,42-095-1215499-EIT-391303,"North Catasauqua, BORO of-EIT",SCHOOL
PA,TAX5737,42-027-1215061-EIT-141003,"Snow Shoe, BORO of - EIT",MUNICIPAL
PA,TAX5737,42-027-1215061-EIT-141003,"Snow Shoe, BORO of - EIT",SCHOOL
PA,TAX1012,42-133-1215736-EIT-676203,"Cross Roads, BORO of - EIT",MUNICIPAL
PA,TAX1012,42-133-1215736-EIT-676203,"Cross Roads, BORO of - EIT",SCHOOL
PA,TAX6138,42-091-1215484-EIT-466103,"Trappe, BORO of - EIT",MUNICIPAL
PA,TAX6138,42-091-1215484-EIT-466103,"Trappe, BORO of - EIT",SCHOOL
PA,TAX659,42-037-1215125-EIT-197503,"Catawissa, BORO of - EIT",MUNICIPAL
PA,TAX659,42-037-1215125-EIT-197503,"Catawissa, BORO of - EIT",SCHOOL
PA,TAX3797,42-133-1215757-LST-671303,"North York, BORO of - LST",MUNICIPAL
PA,TAX3797,42-133-1215757-LST-671303,"North York, BORO of - LST",SCHOOL
PA,TAX124,42-075-1216670-EIT-380303,"Annville, TWP of - EIT",MUNICIPAL
PA,TAX124,42-075-1216670-EIT-380303,"Annville, TWP of - EIT",SCHOOL
PA,TAX2151,42-111-1215589-EIT-567404,"Indian Lake, BORO of - EIT",MUNICIPAL
PA,TAX2151,42-111-1215589-EIT-567404,"Indian Lake, BORO of - EIT",SCHOOL
PA,TAX3569,42-111-1215592-EIT-561003,"New Baltimore, BORO of - EIT",MUNICIPAL
PA,TAX3569,42-111-1215592-EIT-561003,"New Baltimore, BORO of - EIT",SCHOOL
PA,TAX2094,42-129-1215701-EIT-653802,"Hunker, BORO of - EIT",MUNICIPAL
PA,TAX2094,42-129-1215701-EIT-653802,"Hunker, BORO of - EIT",SCHOOL
PA,TAX3408,42-031-1216212-LST-168003,"Monroe, TWP of - LST (168003)",MUNICIPAL
PA,TAX3408,42-031-1216212-LST-168003,"Monroe, TWP of - LST (168003)",SCHOOL
PA,TAX5520,42-031-1215089-LST-160303,"Saint Petersburg, BORO of-LST",MUNICIPAL
PA,TAX5520,42-031-1215089-LST-160303,"Saint Petersburg, BORO of-LST",SCHOOL
PA,TAX6391,42-027-1216141-EIT-141103,"Walker, TWP of - EIT (141103)",MUNICIPAL
PA,TAX6391,42-027-1216141-EIT-141103,"Walker, TWP of - EIT (141103)",SCHOOL
PA,TAX494,42-065-1215298-EIT-330703,"Brockway, BORO of - EIT",MUNICIPAL
PA,TAX494,42-065-1215298-EIT-330703,"Brockway, BORO of - EIT",SCHOOL
PA,TAX1783,42-043-1215160-EIT-229003,"Gratz, BORO of - EIT",MUNICIPAL
PA,TAX1783,42-043-1215160-EIT-229003,"Gratz, BORO of - EIT",SCHOOL
PA,TAX5925,42-027-1215063-EIT-148002,"State College, BORO of - EIT",MUNICIPAL
PA,TAX5925,42-027-1215063-EIT-148002,"State College, BORO of - EIT",SCHOOL
PA,TAX2283,42-047-1216402-LST-248003,"Jay, TWP of - LST",MUNICIPAL
PA,TAX2283,42-047-1216402-LST-248003,"Jay, TWP of - LST",SCHOOL
PA,TAX339,42-003-1214770-LST-021252,"Bethel Park, BORO of - LST",MUNICIPAL
PA,TAX339,42-003-1214770-LST-021252,"Bethel Park, BORO of - LST",SCHOOL
PA,TAX1734,42-059-1216489-LST-308503,"Gilmore, TWP of - LST",MUNICIPAL
PA,TAX1734,42-059-1216489-LST-308503,"Gilmore, TWP of - LST",SCHOOL
PA,TAX354,42-095-1216897-EIT-481002,"Bethlehem, TWP of - EIT",MUNICIPAL
PA,TAX354,42-095-1216897-EIT-481002,"Bethlehem, TWP of - EIT",SCHOOL
PA,TAX1892,42-095-1216901-EIT-481002,"Hanover, TWP of - EIT (481002)",MUNICIPAL
PA,TAX1892,42-095-1216901-EIT-481002,"Hanover, TWP of - EIT (481002)",SCHOOL
PA,TAX1197,42-059-1216486-LST-306503,"Dunkard, TWP of - LST",MUNICIPAL
PA,TAX1197,42-059-1216486-LST-306503,"Dunkard, TWP of - LST",SCHOOL
PA,TAX3700,42-017-1216026-EIT-098003,"Nockamixon, TWP of - EIT",MUNICIPAL
PA,TAX3700,42-017-1216026-EIT-098003,"Nockamixon, TWP of - EIT",SCHOOL
PA,TAX933,42-079-1215382-EIT-403302,"Conyngham, BORO of - EIT",MUNICIPAL
PA,TAX933,42-079-1215382-EIT-403302,"Conyngham, BORO of - EIT",SCHOOL
PA,TAX6607,42-117-1215630-EIT-596003,"Westfield, BORO of - EIT",MUNICIPAL
PA,TAX6607,42-117-1215630-EIT-596003,"Westfield, BORO of - EIT",SCHOOL
PA,TAX6031,42-079-1215410-EIT-409302,"Swoyersville, BORO of - EIT",MUNICIPAL
PA,TAX6031,42-079-1215410-EIT-409302,"Swoyersville, BORO of - EIT",SCHOOL
PA,TAX2937,42-021-1215028-LST-116003,"Loretto, BORO of - LST",MUNICIPAL
PA,TAX2937,42-021-1215028-LST-116003,"Loretto, BORO of - LST",SCHOOL
PA,TAX144,42-063-1215282-LST-328003,"Armagh, BORO of - LST",MUNICIPAL
PA,TAX144,42-063-1215282-LST-328003,"Armagh, BORO of - LST",SCHOOL
PA,TAX1032,42-033-1215098-EIT-171803,"Curwensville, BORO of - EIT",MUNICIPAL
PA,TAX1032,42-033-1215098-EIT-171803,"Curwensville, BORO of - EIT",SCHOOL
PA,TAX5932,42-039-1216318-LST-204703,"Steuben, TWP of - LST",MUNICIPAL
PA,TAX5932,42-039-1216318-LST-204703,"Steuben, TWP of - LST",SCHOOL
PA,TAX5283,42-019-1215001-LST-107503,"Prospect, BORO of - LST",MUNICIPAL
PA,TAX5283,42-019-1215001-LST-107503,"Prospect, BORO of - LST",SCHOOL
PA,TAX6497,42-081-1216776-EIT-414003,"Watson, TWP of - EIT (414003)",MUNICIPAL
PA,TAX6497,42-081-1216776-EIT-414003,"Watson, TWP of - EIT (414003)",SCHOOL
PA,TAX163,42-079-1215380-EIT-403003,"Ashley, BORO of - EIT",MUNICIPAL
PA,TAX163,42-079-1215380-EIT-403003,"Ashley, BORO of - EIT",SCHOOL
PA,TAX5986,42-079-1215409-LST-403003,"Sugar Notch, BORO of - LST",MUNICIPAL
PA,TAX5986,42-079-1215409-LST-403003,"Sugar Notch, BORO of - LST",SCHOOL
PA,TAX1523,42-017-1216017-LST-098202,"Falls, TWP of - LST (098202)",MUNICIPAL
PA,TAX1523,42-017-1216017-LST-098202,"Falls, TWP of - LST (098202)",SCHOOL
PA,TAX1619,42-007-1214874-EIT-047404,"Frankfort Springs, BORO of-EIT",MUNICIPAL
PA,TAX1619,42-007-1214874-EIT-047404,"Frankfort Springs, BORO of-EIT",SCHOOL
PA,TAX5542,42-081-1215426-LST-414003,"Salladasburg, BORO of - LST",MUNICIPAL
PA,TAX5542,42-081-1215426-LST-414003,"Salladasburg, BORO of - LST",SCHOOL
PA,TAX4920,42-061-1216516-EIT-312503,"Oneida, TWP of - EIT",MUNICIPAL
PA,TAX4920,42-061-1216516-EIT-312503,"Oneida, TWP of - EIT",SCHOOL
PA,TAX6439,42-125-1215680-EIT-638803,"Washington, City of - EIT",MUNICIPAL
PA,TAX6439,42-125-1215680-EIT-638803,"Washington, City of - EIT",SCHOOL
PA,TAX5211,42-091-1216869-LST-461602,"Plymouth, TWP of - LST (461602)",MUNICIPAL
PA,TAX5211,42-091-1216869-LST-461602,"Plymouth, TWP of - LST (461602)",SCHOOL
PA,TAX294,42-129-1217233-EIT-654403,"Bell, TWP of - EIT (654403)",MUNICIPAL
PA,TAX294,42-129-1217233-EIT-654403,"Bell, TWP of - EIT (654403)",SCHOOL
PA,TAX5163,42-003-1214817-LST-024102,"Pitcairn, BORO of - LST",MUNICIPAL
PA,TAX5163,42-003-1214817-LST-024102,"Pitcairn, BORO of - LST",SCHOOL
PA,TAX745,42-033-1215095-EIT-177003,"Chester Hill, BORO of - EIT",MUNICIPAL
PA,TAX745,42-033-1215095-EIT-177003,"Chester Hill, BORO of - EIT",SCHOOL
PA,TAX2866,42-129-1217240-EIT-654903,"Ligonier, TWP of - EIT",MUNICIPAL
PA,TAX2866,42-129-1217240-EIT-654903,"Ligonier, TWP of - EIT",SCHOOL
PA,TAX6425,42-017-1216036-LST-092102,"Warrington, TWP of - LST (092102)",MUNICIPAL
PA,TAX6425,42-017-1216036-LST-092102,"Warrington, TWP of - LST (092102)",SCHOOL
PA,TAX6826,42-009-1215911-LST-056004,"Woodbury, TWP of - LST (056004)",MUNICIPAL
PA,TAX6826,42-009-1215911-LST-056004,"Woodbury, TWP of - LST (056004)",SCHOOL
PA,TAX957,42-077-1215375-LST-397803,"Coplay, BORO of - LST",MUNICIPAL
PA,TAX957,42-077-1215375-LST-397803,"Coplay, BORO of - LST",SCHOOL
PA,TAX1036,42-021-1215015-EIT-111403,"Daisytown, BORO of - EIT",MUNICIPAL
PA,TAX1036,42-021-1215015-EIT-111403,"Daisytown, BORO of - EIT",SCHOOL
PA,TAX2018,42-113-1217073-EIT-576303,"Hillsgrove, TWP of - EIT",MUNICIPAL
PA,TAX2018,42-113-1217073-EIT-576303,"Hillsgrove, TWP of - EIT",SCHOOL
PA,TAX2719,42-049-1215213-LST-254053,"Lake City, BORO of - LST",MUNICIPAL
PA,TAX2719,42-049-1215213-LST-254053,"Lake City, BORO of - LST",SCHOOL
PA,TAX238,42-095-1215490-EIT-484903,"Bath, BORO of - EIT",MUNICIPAL
PA,TAX238,42-095-1215490-EIT-484903,"Bath, BORO of - EIT",SCHOOL
PA,TAX5471,42-121-1215642-EIT-616203,"Rouseville, BORO of - EIT",MUNICIPAL
PA,TAX5471,42-121-1215642-EIT-616203,"Rouseville, BORO of - EIT",SCHOOL
PA,TAX5649,42-085-1215449-EIT-431304,"Sheakleyville, BORO of - EIT",MUNICIPAL
PA,TAX5649,42-085-1215449-EIT-431304,"Sheakleyville, BORO of - EIT",SCHOOL
PA,TAX5947,42-085-1215450-EIT-433903,"Stoneboro, BORO of - EIT",MUNICIPAL
PA,TAX5947,42-085-1215450-EIT-433903,"Stoneboro, BORO of - EIT",SCHOOL
PA,TAX1108,42-079-1216708-LST-401403,"Dennison, TWP of - LST",MUNICIPAL
PA,TAX1108,42-079-1216708-LST-401403,"Dennison, TWP of - LST",SCHOOL
PA,TAX6616,42-029-1216190-LST-159002,"West Goshen, TWP of - LST",MUNICIPAL
PA,TAX6616,42-029-1216190-LST-159002,"West Goshen, TWP of - LST",SCHOOL
PA,TAX5359,42-065-1215302-LST-172003,"Reynoldsville, BORO of - LST",MUNICIPAL
PA,TAX5359,42-065-1215302-LST-172003,"Reynoldsville, BORO of - LST",SCHOOL
PA,TAX1754,42-063-1215288-LST-327303,"Glen Campbell, BORO of - LST",MUNICIPAL
PA,TAX1754,42-063-1215288-LST-327303,"Glen Campbell, BORO of - LST",SCHOOL
PA,TAX2299,42-019-1216058-EIT-107803,"Jefferson, TWP of - EIT (107803)",MUNICIPAL
PA,TAX2299,42-019-1216058-EIT-107803,"Jefferson, TWP of - EIT (107803)",SCHOOL
PA,TAX1791,42-049-1216414-EIT-259703,"Greene, TWP of - EIT (259703)",MUNICIPAL
PA,TAX1791,42-049-1216414-EIT-259703,"Greene, TWP of - EIT (259703)",SCHOOL
PA,TAX5398,42-045-1216390-LST-237702,"Ridley, TWP of - LST",MUNICIPAL
PA,TAX5398,42-045-1216390-LST-237702,"Ridley, TWP of - LST",SCHOOL
PA,TAX1950,42-079-1216716-LST-403302,"Hazle, TWP of - LST",MUNICIPAL
PA,TAX1950,42-079-1216716-LST-403302,"Hazle, TWP of - LST",SCHOOL
PA,TAX3129,42-071-1216636-EIT-365203,"Martic, TWP of - EIT",MUNICIPAL
PA,TAX3129,42-071-1216636-EIT-365203,"Martic, TWP of - EIT",SCHOOL
PA,TAX2364,42-019-1214996-EIT-103603,"Karns City, BORO of - EIT",MUNICIPAL
PA,TAX2364,42-019-1214996-EIT-103603,"Karns City, BORO of - EIT",SCHOOL
PA,TAX6356,42-069-1215331-LST-583003,"Vandling, BORO of - LST",MUNICIPAL
PA,TAX6356,42-069-1215331-LST-583003,"Vandling, BORO of - LST",SCHOOL
PA,TAX5724,42-051-1215237-LST-260303,"Smithfield, BORO of - LST",MUNICIPAL
PA,TAX5724,42-051-1215237-LST-260303,"Smithfield, BORO of - LST",SCHOOL
PA,TAX2372,42-119-1217132-EIT-604003,"Kelly, TWP of - EIT",MUNICIPAL
PA,TAX2372,42-119-1217132-EIT-604003,"Kelly, TWP of - EIT",SCHOOL
PA,TAX3410,42-067-1216585-LST-343603,"Monroe, TWP of - LST (343603)",MUNICIPAL
PA,TAX3410,42-067-1216585-LST-343603,"Monroe, TWP of - LST (343603)",SCHOOL
PA,TAX208,42-003-1214765-EIT-021102,"Baldwin, BORO of - EIT",MUNICIPAL
PA,TAX208,42-003-1214765-EIT-021102,"Baldwin, BORO of - EIT",SCHOOL
PA,TAX3839,42-111-1217058-LST-569103,"Ogle, TWP of - LST",MUNICIPAL
PA,TAX3839,42-111-1217058-LST-569103,"Ogle, TWP of - LST",SCHOOL
PA,TAX1921,42-019-1214995-EIT-107503,"Harrisville, BORO of - EIT",MUNICIPAL
PA,TAX1921,42-019-1214995-EIT-107503,"Harrisville, BORO of - EIT",SCHOOL
PA,TAX3391,42-125-1215673-EIT-637002,"Monongahela, City of - EIT",MUNICIPAL
PA,TAX3391,42-125-1215673-EIT-637002,"Monongahela, City of - EIT",SCHOOL
PA,TAX700,42-045-1216378-LST-158503,Chadds Ford Township - LST,MUNICIPAL
PA,TAX700,42-045-1216378-LST-158503,Chadds Ford Township - LST,SCHOOL
PA,TAX6739,42-079-1215415-EIT-401403,"White Haven, BORO of - EIT",MUNICIPAL
PA,TAX6739,42-079-1215415-EIT-401403,"White Haven, BORO of - EIT",SCHOOL
PA,TAX1718,42-007-1214876-LST-047404,"Georgetown, BORO of - LST",MUNICIPAL
PA,TAX1718,42-007-1214876-LST-047404,"Georgetown, BORO of - LST",SCHOOL
PA,TAX1063,42-113-1217069-LST-576303,"Davidson, TWP of - LST",MUNICIPAL
PA,TAX1063,42-113-1217069-LST-576303,"Davidson, TWP of - LST",SCHOOL
PA,TAX6803,42-133-1215767-LST-675503,"Windsor, BORO of - LST",MUNICIPAL
PA,TAX6803,42-133-1215767-LST-675503,"Windsor, BORO of - LST",SCHOOL
PA,TAX6451,42-059-1215261-EIT-301403,"Washington, TWP of - EIT (301403)",MUNICIPAL
PA,TAX6451,42-059-1215261-EIT-301403,"Washington, TWP of - EIT (301403)",SCHOOL
PA,TAX5920,42-061-1216523-LST-312804,"Spruce Creek, TWP of - LST",MUNICIPAL
PA,TAX5920,42-061-1216523-LST-312804,"Spruce Creek, TWP of - LST",SCHOOL
PA,TAX1574,42-045-1215183-LST-238402,"Folcroft, BORO of - LST",MUNICIPAL
PA,TAX1574,42-045-1215183-LST-238402,"Folcroft, BORO of - LST",SCHOOL
PA,TAX6291,42-017-1216033-LST-092353,"Upper Makefield, TWP of - LST",MUNICIPAL
PA,TAX6291,42-017-1216033-LST-092353,"Upper Makefield, TWP of - LST",SCHOOL
PA,TAX1848,42-035-1216263-LST-183602,"Grugan, TWP of - LST",MUNICIPAL
PA,TAX1848,42-035-1216263-LST-183602,"Grugan, TWP of - LST",SCHOOL
PA,TAX947,42-077-1215374-EIT-395703,"Coopersburg, BORO of - EIT",MUNICIPAL
PA,TAX947,42-077-1215374-EIT-395703,"Coopersburg, BORO of - EIT",SCHOOL
PA,TAX2265,42-059-1216492-LST-308503,"Jackson, TWP of - LST (308503)",MUNICIPAL
PA,TAX2265,42-059-1216492-LST-308503,"Jackson, TWP of - LST (308503)",SCHOOL
PA,TAX6663,42-029-1216192-EIT-068103,"West Nantmeal, TWP of - EIT",MUNICIPAL
PA,TAX6663,42-029-1216192-EIT-068103,"West Nantmeal, TWP of - EIT",SCHOOL
PA,TAX6065,42-127-1217231-EIT-648303,"Texas, TWP of - EIT (648303)",MUNICIPAL
PA,TAX6065,42-127-1217231-EIT-648303,"Texas, TWP of - EIT (648303)",SCHOOL
PA,TAX5200,42-121-1217151-EIT-204703,"Plum, TWP of - EIT",MUNICIPAL
PA,TAX5200,42-121-1217151-EIT-204703,"Plum, TWP of - EIT",SCHOOL
PA,TAX3674,42-073-1215357-LST-378003,"New Wilmington, BORO of - LST",MUNICIPAL
PA,TAX3674,42-073-1215357-LST-378003,"New Wilmington, BORO of - LST",SCHOOL
PA,TAX3539,42-009-1215904-LST-051503,"Napier, TWP of - LST",MUNICIPAL
PA,TAX3539,42-009-1215904-LST-051503,"Napier, TWP of - LST",SCHOOL
PA,TAX629,42-099-1216937-EIT-508003,"Carroll, TWP of - EIT (508003)",MUNICIPAL
PA,TAX629,42-099-1216937-EIT-508003,"Carroll, TWP of - EIT (508003)",SCHOOL
PA,TAX2899,42-071-1216633-LST-367003,"Little Britain, TWP of - LST",MUNICIPAL
PA,TAX2899,42-071-1216633-LST-367003,"Little Britain, TWP of - LST",SCHOOL
PA,TAX5081,42-017-1214975-LST-098103,"Perkasie, BORO of - LST",MUNICIPAL
PA,TAX5081,42-017-1214975-LST-098103,"Perkasie, BORO of - LST",SCHOOL
PA,TAX1920,42-027-1216127-LST-148002,Harris Township - LST,MUNICIPAL
PA,TAX1920,42-027-1216127-LST-148002,Harris Township - LST,SCHOOL
PA,TAX3441,42-033-1216243-EIT-179003,"Morris, TWP of - EIT (179003)",MUNICIPAL
PA,TAX3441,42-033-1216243-EIT-179003,"Morris, TWP of - EIT (179003)",SCHOOL
PA,TAX1300,42-029-1216152-LST-154003,"East Marlborough, TWP of-LST (154003)",MUNICIPAL
PA,TAX1300,42-029-1216152-LST-154003,"East Marlborough, TWP of-LST (154003)",SCHOOL
PA,TAX1916,42-003-1215809-LST-024753,"Harrison, TWP of - LST (024753)",MUNICIPAL
PA,TAX1916,42-003-1215809-LST-024753,"Harrison, TWP of - LST (024753)",SCHOOL
PA,TAX2287,42-129-1215704-LST-653802,"Jeannette, City of - LST (653802)",MUNICIPAL
PA,TAX2287,42-129-1215704-LST-653802,"Jeannette, City of - LST (653802)",SCHOOL
PA,TAX3143,42-011-1215935-LST-064003,"Maxatawny, TWP of - LST",MUNICIPAL
PA,TAX3143,42-011-1215935-LST-064003,"Maxatawny, TWP of - LST",SCHOOL
PA,TAX04,42-105-1216967-EIT-532804,"Abbott, TWP of - EIT",MUNICIPAL
PA,TAX04,42-105-1216967-EIT-532804,"Abbott, TWP of - EIT",SCHOOL
PA,TAX3088,42-005-1215851-EIT-030852,"Manor, TWP of - EIT (030852)",MUNICIPAL
PA,TAX3088,42-005-1215851-EIT-030852,"Manor, TWP of - EIT (030852)",SCHOOL
PA,TAX3586,42-017-1216024-EIT-465702,"New Britain, TWP of - EIT (465702)",MUNICIPAL
PA,TAX3586,42-017-1216024-EIT-465702,"New Britain, TWP of - EIT (465702)",SCHOOL
PA,TAX6366,42-019-1216068-LST-105353,"Venango, TWP of - LST (105353)",MUNICIPAL
PA,TAX6366,42-019-1216068-LST-105353,"Venango, TWP of - LST (105353)",SCHOOL
PA,TAX721,42-125-1217187-EIT-631903,"Chartiers, TWP of - EIT",MUNICIPAL
PA,TAX721,42-125-1217187-EIT-631903,"Chartiers, TWP of - EIT",SCHOOL
PA,TAX1869,42-001-1215783-EIT-011103,"Hamilton, TWP of - EIT (011103)",MUNICIPAL
PA,TAX1869,42-001-1215783-EIT-011103,"Hamilton, TWP of - EIT (011103)",SCHOOL
PA,TAX5230,42-105-1216981-EIT-530304,"Portage, TWP of - EIT (530304)",MUNICIPAL
PA,TAX5230,42-105-1216981-EIT-530304,"Portage, TWP of - EIT (530304)",SCHOOL
PA,TAX5799,42-129-1215723-EIT-653203,"South Greensburg, BORO of-EIT (653203)",MUNICIPAL
PA,TAX5799,42-129-1215723-EIT-653203,"South Greensburg, BORO of-EIT (653203)",SCHOOL
PA,TAX5709,42-031-1215091-EIT-169003,"Sligo, BORO of - EIT",MUNICIPAL
PA,TAX5709,42-031-1215091-EIT-169003,"Sligo, BORO of - EIT",SCHOOL
PA,TAX802,42-037-1216277-LST-197503,"Cleveland, TWP of - LST",MUNICIPAL
PA,TAX802,42-037-1216277-LST-197503,"Cleveland, TWP of - LST",SCHOOL
PA,TAX161,42-031-1216200-EIT-166503,"Ashland, TWP of - EIT",MUNICIPAL
PA,TAX161,42-031-1216200-EIT-166503,"Ashland, TWP of - EIT",SCHOOL
PA,TAX1250,42-021-1215017-EIT-111403,"East Conemaugh, BORO of - EIT",MUNICIPAL
PA,TAX1250,42-021-1215017-EIT-111403,"East Conemaugh, BORO of - EIT",SCHOOL
PA,TAX3752,42-011-1215937-EIT-061103,"North Heidelberg, TWP of-EIT",MUNICIPAL
PA,TAX3752,42-011-1215937-EIT-061103,"North Heidelberg, TWP of-EIT",SCHOOL
PA,TAX3130,42-071-1216636-LST-365203,"Martic, TWP of - LST",MUNICIPAL
PA,TAX3130,42-071-1216636-LST-365203,"Martic, TWP of - LST",SCHOOL
PA,TAX2912,42-035-1215117-EIT-183602,"Loganton, BORO of - EIT",MUNICIPAL
PA,TAX2912,42-035-1215117-EIT-183602,"Loganton, BORO of - EIT",SCHOOL
PA,TAX2324,42-111-1217051-EIT-565503,"Jenner, TWP of - EIT",MUNICIPAL
PA,TAX2324,42-111-1217051-EIT-565503,"Jenner, TWP of - EIT",SCHOOL
PA,TAX5266,42-007-1215883-LST-042003,"Potter, TWP of - LST (042003)",MUNICIPAL
PA,TAX5266,42-007-1215883-LST-042003,"Potter, TWP of - LST (042003)",SCHOOL
PA,TAX2319,42-091-1215472-LST-463803,"Jenkintown, BORO of - LST",MUNICIPAL
PA,TAX2319,42-091-1215472-LST-463803,"Jenkintown, BORO of - LST",SCHOOL
PA,TAX4264,42-007-1214887-LST-049303,"Ohioville, BORO of - LST",MUNICIPAL
PA,TAX4264,42-007-1214887-LST-049303,"Ohioville, BORO of - LST",SCHOOL
PA,TAX3760,42-075-1216679-EIT-381303,"North Lebanon, TWP of - EIT",MUNICIPAL
PA,TAX3760,42-075-1216679-EIT-381303,"North Lebanon, TWP of - EIT",SCHOOL
PA,TAX3253,42-109-1215577-LST-555003,"Middleburg, BORO of - LST",MUNICIPAL
PA,TAX3253,42-109-1215577-LST-555003,"Middleburg, BORO of - LST",SCHOOL
PA,TAX3756,42-129-1217252-EIT-656502,"North Huntingdon, TWP of-EIT",MUNICIPAL
PA,TAX3756,42-129-1217252-EIT-656502,"North Huntingdon, TWP of-EIT",SCHOOL
PA,TAX824,42-065-1216558-LST-330803,"Clover, TWP of - LST",MUNICIPAL
PA,TAX824,42-065-1216558-LST-330803,"Clover, TWP of - LST",SCHOOL
PA,TAX2865,42-129-1215706-LST-654903,"Ligonier, BORO of - LST",MUNICIPAL
PA,TAX2865,42-129-1215706-LST-654903,"Ligonier, BORO of - LST",SCHOOL
PA,TAX1442,42-029-1215069-LST-068103,"Elverson, BORO of - LST",MUNICIPAL
PA,TAX1442,42-029-1215069-LST-068103,"Elverson, BORO of - LST",SCHOOL
PA,TAX6352,42-051-1215240-LST-261302,"Vanderbilt, BORO of - LST",MUNICIPAL
PA,TAX6352,42-051-1215240-LST-261302,"Vanderbilt, BORO of - LST",SCHOOL
PA,TAX1425,42-117-1217108-EIT-532804,"Elk, TWP of - EIT (532804)",MUNICIPAL
PA,TAX1425,42-117-1217108-EIT-532804,"Elk, TWP of - EIT (532804)",SCHOOL
PA,TAX3810,42-079-1215403-EIT-401403,"Nuangola, BORO of - EIT",MUNICIPAL
PA,TAX3810,42-079-1215403-EIT-401403,"Nuangola, BORO of - EIT",SCHOOL
PA,TAX6423,42-017-1216036-EIT-092102,"Warrington, TWP of - EIT (092102)",MUNICIPAL
PA,TAX6423,42-017-1216036-EIT-092102,"Warrington, TWP of - EIT (092102)",SCHOOL
PA,TAX5830,42-085-1216819-LST-435703,"South Pymatuning, TWP of-LST",MUNICIPAL
PA,TAX5830,42-085-1216819-LST-435703,"South Pymatuning, TWP of-LST",SCHOOL
PA,TAX1496,42-129-1217237-LST-654903,"Fairfield, TWP of - LST (654903)",MUNICIPAL
PA,TAX1496,42-129-1217237-LST-654903,"Fairfield, TWP of - LST (654903)",SCHOOL
PA,TAX6639,42-019-1215005-EIT-107503,"West Liberty, BORO of - EIT",MUNICIPAL
PA,TAX6639,42-019-1215005-EIT-107503,"West Liberty, BORO of - EIT",SCHOOL
PA,TAX839,42-097-1216913-EIT-496503,"Coal, TWP of - EIT",MUNICIPAL
PA,TAX839,42-097-1216913-EIT-496503,"Coal, TWP of - EIT",SCHOOL
PA,TAX2944,42-097-1216921-EIT-493503,"Lower Augusta, TWP of - EIT",MUNICIPAL
PA,TAX2944,42-097-1216921-EIT-493503,"Lower Augusta, TWP of - EIT",SCHOOL
PA,TAX984,42-069-1216595-LST-356503,"Covington, TWP of - LST (356503)",MUNICIPAL
PA,TAX984,42-069-1216595-LST-356503,"Covington, TWP of - LST (356503)",SCHOOL
PA,TAX418,42-129-1215694-EIT-654903,"Bolivar, BORO of - EIT",MUNICIPAL
PA,TAX418,42-129-1215694-EIT-654903,"Bolivar, BORO of - EIT",SCHOOL
PA,TAX3379,42-029-1215073-EIT-151902,"Modena, BORO of - EIT",MUNICIPAL
PA,TAX3379,42-029-1215073-EIT-151902,"Modena, BORO of - EIT",SCHOOL
PA,TAX6088,42-011-1215949-LST-063503,"Tilden, TWP of - LST",MUNICIPAL
PA,TAX6088,42-011-1215949-LST-063503,"Tilden, TWP of - LST",SCHOOL
PA,TAX290,42-003-1214767-EIT-026873,"Bellevue, BORO of - EIT",MUNICIPAL
PA,TAX290,42-003-1214767-EIT-026873,"Bellevue, BORO of - EIT",SCHOOL
PA,TAX1444,42-121-1217323-LST-160303,"Emlenton, BORO of - LST",MUNICIPAL
PA,TAX1444,42-121-1217323-LST-160303,"Emlenton, BORO of - LST",SCHOOL
PA,TAX931,42-007-1214867-EIT-042853,"Conway, BORO of - EIT",MUNICIPAL
PA,TAX931,42-007-1214867-EIT-042853,"Conway, BORO of - EIT",SCHOOL
PA,TAX6217,42-027-1216140-EIT-141003,"Union, TWP of - EIT (141003)",MUNICIPAL
PA,TAX6217,42-027-1216140-EIT-141003,"Union, TWP of - EIT (141003)",SCHOOL
PA,TAX6657,42-125-1215683-EIT-630504,"West Middletown, BORO of-EIT",MUNICIPAL
PA,TAX6657,42-125-1215683-EIT-630504,"West Middletown, BORO of-EIT",SCHOOL
PA,TAX3006,42-077-1216691-EIT-394603,"Lowhill, TWP of - EIT",MUNICIPAL
PA,TAX3006,42-077-1216691-EIT-394603,"Lowhill, TWP of - EIT",SCHOOL
PA,TAX897,42-063-1216540-LST-321103,"Conemaugh, TWP of - LST (321103)",MUNICIPAL
PA,TAX897,42-063-1216540-LST-321103,"Conemaugh, TWP of - LST (321103)",SCHOOL
PA,TAX1712,42-021-1215023-LST-116503,"Geistown, BORO of - LST (116503)",MUNICIPAL
PA,TAX1712,42-021-1215023-LST-116503,"Geistown, BORO of - LST (116503)",SCHOOL
PA,TAX654,42-003-1214779-EIT-025002,"Castle Shannon, BORO of - EIT (025002)",MUNICIPAL
PA,TAX654,42-003-1214779-EIT-025002,"Castle Shannon, BORO of - EIT (025002)",SCHOOL
PA,TAX3295,42-037-1216286-LST-191503,"Mifflin, TWP of - LST (191503)",MUNICIPAL
PA,TAX3295,42-037-1216286-LST-191503,"Mifflin, TWP of - LST (191503)",SCHOOL
PA,TAX6306,42-043-1216370-EIT-226103,"Upper Paxton, TWP of - EIT",MUNICIPAL
PA,TAX6306,42-043-1216370-EIT-226103,"Upper Paxton, TWP of - EIT",SCHOOL
PA,TAX5691,42-133-1215761-EIT-676503,"Shrewsbury, BORO of - EIT",MUNICIPAL
PA,TAX5691,42-133-1215761-EIT-676503,"Shrewsbury, BORO of - EIT",SCHOOL
PA,TAX3243,42-055-1216466-EIT-282004,Metal Township - EIT,MUNICIPAL
PA,TAX3243,42-055-1216466-EIT-282004,Metal Township - EIT,SCHOOL
PA,TAX1286,42-035-1216260-EIT-183602,"East Keating, TWP of - EIT",MUNICIPAL
PA,TAX1286,42-035-1216260-EIT-183602,"East Keating, TWP of - EIT",SCHOOL
PA,TAX6777,42-043-1216375-LST-548803,"Williams, TWP of - LST (548803)",MUNICIPAL
PA,TAX6777,42-043-1216375-LST-548803,"Williams, TWP of - LST (548803)",SCHOOL
PA,TAX2097,42-079-1216718-LST-406003,"Hunlock, TWP of - LST",MUNICIPAL
PA,TAX2097,42-079-1216718-LST-406003,"Hunlock, TWP of - LST",SCHOOL
PA,TAX6219,42-033-1216247-EIT-172003,"Union, TWP of - EIT (172003)",MUNICIPAL
PA,TAX6219,42-033-1216247-EIT-172003,"Union, TWP of - EIT (172003)",SCHOOL
PA,TAX1140,42-019-1216053-EIT-103603,"Donegal, TWP of - EIT (103603)",MUNICIPAL
PA,TAX1140,42-019-1216053-EIT-103603,"Donegal, TWP of - EIT (103603)",SCHOOL
PA,TAX1408,42-071-1215337-LST-362403,"Elizabethtown, BORO of - LST",MUNICIPAL
PA,TAX1408,42-071-1215337-LST-362403,"Elizabethtown, BORO of - LST",SCHOOL
PA,TAX1071,42-021-1216080-EIT-116003,"Dean, TWP of - EIT",MUNICIPAL
PA,TAX1071,42-021-1216080-EIT-116003,"Dean, TWP of - EIT",SCHOOL
PA,TAX5870,42-123-1217177-EIT-251453,"Spring Creek, TWP of - EIT (251453)",MUNICIPAL
PA,TAX5870,42-123-1217177-EIT-251453,"Spring Creek, TWP of - EIT (251453)",SCHOOL
PA,TAX6764,42-003-1214842-EIT-029803,"Wilkinsburg, BORO of - EIT",MUNICIPAL
PA,TAX6764,42-003-1214842-EIT-029803,"Wilkinsburg, BORO of - EIT",SCHOOL
PA,TAX1781,42-015-1215980-LST-086653,"Granville, TWP of - LST (086653)",MUNICIPAL
PA,TAX1781,42-015-1215980-LST-086653,"Granville, TWP of - LST (086653)",SCHOOL
PA,TAX1780,42-087-1216829-EIT-444602,"Granville, TWP of - EIT (444602)",MUNICIPAL
PA,TAX1780,42-087-1216829-EIT-444602,"Granville, TWP of - EIT (444602)",SCHOOL
PA,TAX3447,42-059-1215256-LST-308503,"Morris, TWP of - LST (308503)",MUNICIPAL
PA,TAX3447,42-059-1215256-LST-308503,"Morris, TWP of - LST (308503)",SCHOOL
PA,TAX5346,42-133-1215759-EIT-675503,"Red Lion, BORO of - EIT",MUNICIPAL
PA,TAX5346,42-133-1215759-EIT-675503,"Red Lion, BORO of - EIT",SCHOOL
PA,TAX1598,42-083-1216784-EIT-420803,"Foster, TWP of - EIT (420803)",MUNICIPAL
PA,TAX1598,42-083-1216784-EIT-420803,"Foster, TWP of - EIT (420803)",SCHOOL
PA,TAX179,42-015-1215974-LST-080503,"Athens, TWP of - LST (080503)",MUNICIPAL
PA,TAX179,42-015-1215974-LST-080503,"Athens, TWP of - LST (080503)",SCHOOL
PA,TAX6013,42-067-1216587-EIT-343603,"Susquehanna, TWP of - EIT (343603)",MUNICIPAL
PA,TAX6013,42-067-1216587-EIT-343603,"Susquehanna, TWP of - EIT (343603)",SCHOOL
PA,TAX1582,42-003-1214796-LST-029902,"Forest Hills, BORO of - LST",MUNICIPAL
PA,TAX1582,42-003-1214796-LST-029902,"Forest Hills, BORO of - LST",SCHOOL
PA,TAX469,42-037-2086573-LST-191103,"Briar Creek, BORO of - LST",MUNICIPAL
PA,TAX469,42-037-2086573-LST-191103,"Briar Creek, BORO of - LST",SCHOOL
PA,TAX4902,42-129-1215718-LST-654403,"Oklahoma, BORO of - LST",MUNICIPAL
PA,TAX4902,42-129-1215718-LST-654403,"Oklahoma, BORO of - LST",SCHOOL
PA,TAX6437,42-029-1216183-LST-156603,"Warwick, TWP of - LST (156603)",MUNICIPAL
PA,TAX6437,42-029-1216183-LST-156603,"Warwick, TWP of - LST (156603)",SCHOOL
PA,TAX774,42-031-1215082-LST-161203,"Clarion, BORO of - LST",MUNICIPAL
PA,TAX774,42-031-1215082-LST-161203,"Clarion, BORO of - LST",SCHOOL
PA,TAX5786,42-051-1215238-EIT-261302,"South Connellsville, BORO of-EIT",MUNICIPAL
PA,TAX5786,42-051-1215238-EIT-261302,"South Connellsville, BORO of-EIT",SCHOOL
PA,TAX1611,42-047-1216399-LST-248003,"Fox, TWP of - LST (248003)",MUNICIPAL
PA,TAX1611,42-047-1216399-LST-248003,"Fox, TWP of - LST (248003)",SCHOOL
PA,TAX5456,42-065-1216571-LST-330803,"Rose, TWP of - LST",MUNICIPAL
PA,TAX5456,42-065-1216571-LST-330803,"Rose, TWP of - LST",SCHOOL
PA,TAX2897,42-073-1216655-LST-375003,"Little Beaver, TWP of - LST",MUNICIPAL
PA,TAX2897,42-073-1216655-LST-375003,"Little Beaver, TWP of - LST",SCHOOL
PA,TAX5187,42-123-1217172-LST-628302,"Pleasant, TWP of - LST",MUNICIPAL
PA,TAX5187,42-123-1217172-LST-628302,"Pleasant, TWP of - LST",SCHOOL
PA,TAX6133,42-003-1217318-EIT-657103,"Trafford, BORO of - EIT (657103)",MUNICIPAL
PA,TAX6133,42-003-1217318-EIT-657103,"Trafford, BORO of - EIT (657103)",SCHOOL
PA,TAX5516,42-011-1214926-LST-062003,"Saint Lawrence, BORO of - LST",MUNICIPAL
PA,TAX5516,42-011-1214926-LST-062003,"Saint Lawrence, BORO of - LST",SCHOOL
PA,TAX5480,42-005-1214857-LST-030852,"Rural Valley, BORO of - LST",MUNICIPAL
PA,TAX5480,42-005-1214857-LST-030852,"Rural Valley, BORO of - LST",SCHOOL
PA,TAX1531,42-117-1217110-LST-596003,"Farmington, TWP of - LST (596003)",MUNICIPAL
PA,TAX1531,42-117-1217110-LST-596003,"Farmington, TWP of - LST (596003)",SCHOOL
PA,TAX3638,42-001-1214761-LST-011603,"New Oxford, BORO of - LST",MUNICIPAL
PA,TAX3638,42-001-1214761-LST-011603,"New Oxford, BORO of - LST",SCHOOL
PA,TAX12,42-019-1216040-EIT-105003,"Adams, TWP of - EIT (105003)",MUNICIPAL
PA,TAX12,42-019-1216040-EIT-105003,"Adams, TWP of - EIT (105003)",SCHOOL
PA,TAX6709,42-003-1214838-EIT-026902,"West View, BORO of - EIT",MUNICIPAL
PA,TAX6709,42-003-1214838-EIT-026902,"West View, BORO of - EIT",SCHOOL
PA,TAX1775,42-033-1215101-EIT-171803,"Grampian, BORO of - EIT",MUNICIPAL
PA,TAX1775,42-033-1215101-EIT-171803,"Grampian, BORO of - EIT",SCHOOL
PA,TAX623,42-059-1215251-EIT-301303,"Carmichaels, BORO of - EIT",MUNICIPAL
PA,TAX623,42-059-1215251-EIT-301303,"Carmichaels, BORO of - EIT",SCHOOL
PA,TAX1727,42-023-1216102-EIT-122703,"Gibson, TWP of - EIT (122703)",MUNICIPAL
PA,TAX1727,42-023-1216102-EIT-122703,"Gibson, TWP of - EIT (122703)",SCHOOL
PA,TAX834,42-107-1215545-LST-136603,"Coaldale, BORO of - LST (136603)",MUNICIPAL
PA,TAX834,42-107-1215545-LST-136603,"Coaldale, BORO of - LST (136603)",SCHOOL
PA,TAX6628,42-003-1214836-LST-028833,"West Homestead, BORO of - LST",MUNICIPAL
PA,TAX6628,42-003-1214836-LST-028833,"West Homestead, BORO of - LST",SCHOOL
PA,TAX5804,42-043-1216367-LST-224003,"South Hanover, TWP of - LST",MUNICIPAL
PA,TAX5804,42-043-1216367-LST-224003,"South Hanover, TWP of - LST",SCHOOL
PA,TAX6000,42-039-1216320-EIT-201033,"Summit, TWP of - EIT (201033)",MUNICIPAL
PA,TAX6000,42-039-1216320-EIT-201033,"Summit, TWP of - EIT (201033)",SCHOOL
PA,TAX1229,42-029-1216146-LST-159002,"East Bradford, TWP of - LST",MUNICIPAL
PA,TAX1229,42-029-1216146-LST-159002,"East Bradford, TWP of - LST",SCHOOL
PA,TAX3832,42-019-1216063-EIT-101252,"Oakland, TWP of - EIT (101252)",MUNICIPAL
PA,TAX3832,42-019-1216063-EIT-101252,"Oakland, TWP of - EIT (101252)",SCHOOL
PA,TAX3344,42-099-1216944-LST-504003,"Miller, TWP of - LST (504003)",MUNICIPAL
PA,TAX3344,42-099-1216944-LST-504003,"Miller, TWP of - LST (504003)",SCHOOL
PA,TAX6091,42-017-1216032-EIT-098003,"Tinicum, TWP of - EIT (098003)",MUNICIPAL
PA,TAX6091,42-017-1216032-EIT-098003,"Tinicum, TWP of - EIT (098003)",SCHOOL
PA,TAX6678,42-109-1217041-LST-555003,"West Perry, TWP of - LST",MUNICIPAL
PA,TAX6678,42-109-1217041-LST-555003,"West Perry, TWP of - LST",SCHOOL
PA,TAX665,42-013-1215959-EIT-079004,"Catharine, TWP of - EIT",MUNICIPAL
PA,TAX665,42-013-1215959-EIT-079004,"Catharine, TWP of - EIT",SCHOOL
PA,TAX5607,42-083-1216792-EIT-427503,"Sergeant, TWP of - EIT",MUNICIPAL
PA,TAX5607,42-083-1216792-EIT-427503,"Sergeant, TWP of - EIT",SCHOOL
PA,TAX582,42-125-1215654-LST-631503,"California, BORO of - LST",MUNICIPAL
PA,TAX582,42-125-1215654-LST-631503,"California, BORO of - LST",SCHOOL
PA,TAX5590,42-037-1216293-LST-191503,"Scott, TWP of - LST (191503)",MUNICIPAL
PA,TAX5590,42-037-1216293-LST-191503,"Scott, TWP of - LST (191503)",SCHOOL
PA,TAX1256,42-071-1216622-EIT-362203,"East Donegal, TWP of - EIT",MUNICIPAL
PA,TAX1256,42-071-1216622-EIT-362203,"East Donegal, TWP of - EIT",SCHOOL
PA,TAX3438,42-081-1216762-LST-412003,"Moreland, TWP of - LST",MUNICIPAL
PA,TAX3438,42-081-1216762-LST-412003,"Moreland, TWP of - LST",SCHOOL
PA,TAX677,42-019-1216045-LST-101252,"Center, TWP of - LST (101252)",MUNICIPAL
PA,TAX677,42-019-1216045-LST-101252,"Center, TWP of - LST (101252)",SCHOOL
PA,TAX501,42-045-1215174-LST-236903,"Brookhaven, BORO of - LST",MUNICIPAL
PA,TAX501,42-045-1215174-LST-236903,"Brookhaven, BORO of - LST",SCHOOL
PA,TAX4919,42-069-1215327-LST-355503,"Olyphant, BORO of - LST",MUNICIPAL
PA,TAX4919,42-069-1215327-LST-355503,"Olyphant, BORO of - LST",SCHOOL
PA,TAX280,42-035-1216254-EIT-183602,"Beech Creek, TWP of - EIT",MUNICIPAL
PA,TAX280,42-035-1216254-EIT-183602,"Beech Creek, TWP of - EIT",SCHOOL
PA,TAX1568,42-011-1214914-LST-062503,"Fleetwood, BORO of - LST",MUNICIPAL
PA,TAX1568,42-011-1214914-LST-062503,"Fleetwood, BORO of - LST",SCHOOL
PA,TAX393,42-003-1214771-LST-023912,"Blawnox, BORO of - LST",MUNICIPAL
PA,TAX393,42-003-1214771-LST-023912,"Blawnox, BORO of - LST",SCHOOL
PA,TAX379,42-063-1216533-LST-321103,"Black Lick, TWP of - LST (321103)",MUNICIPAL
PA,TAX379,42-063-1216533-LST-321103,"Black Lick, TWP of - LST (321103)",SCHOOL
PA,TAX2954,42-091-1216858-EIT-466103,"Lower Frederick, TWP of - EIT",MUNICIPAL
PA,TAX2954,42-091-1216858-EIT-466103,"Lower Frederick, TWP of - EIT",SCHOOL
PA,TAX3684,42-081-1216765-LST-414003,"Nippenose, TWP of - LST",MUNICIPAL
PA,TAX3684,42-081-1216765-LST-414003,"Nippenose, TWP of - LST",SCHOOL
PA,TAX6488,42-093-1215488-EIT-471803,"Washingtonville, BORO of-EIT",MUNICIPAL
PA,TAX6488,42-093-1215488-EIT-471803,"Washingtonville, BORO of-EIT",SCHOOL
PA,TAX738,42-113-1217067-LST-576303,"Cherry, TWP of - LST (576303)",MUNICIPAL
PA,TAX738,42-113-1217067-LST-576303,"Cherry, TWP of - LST (576303)",SCHOOL
PA,TAX1802,42-049-1216415-EIT-259703,"Greenfield, TWP of - EIT (259703)",MUNICIPAL
PA,TAX1802,42-049-1216415-EIT-259703,"Greenfield, TWP of - EIT (259703)",SCHOOL
PA,TAX6312,42-045-1216396-LST-237903,"Upper Providence, TWP of-LST (237903)",MUNICIPAL
PA,TAX6312,42-045-1216396-LST-237903,"Upper Providence, TWP of-LST (237903)",SCHOOL
PA,TAX300,42-003-1214768-EIT-020753,"Ben Avon, BORO of - EIT",MUNICIPAL
PA,TAX300,42-003-1214768-EIT-020753,"Ben Avon, BORO of - EIT",SCHOOL
PA,TAX5719,42-083-1215435-EIT-427503,"Smethport, BORO of - EIT",MUNICIPAL
PA,TAX5719,42-083-1215435-EIT-427503,"Smethport, BORO of - EIT",SCHOOL
PA,TAX2947,42-129-2086676-LST-650703,"Lower Burrell, City of - LST",MUNICIPAL
PA,TAX2947,42-129-2086676-LST-650703,"Lower Burrell, City of - LST",SCHOOL
PA,TAX5250,42-035-1216269-LST-183602,"Porter, TWP of - LST (183602)",MUNICIPAL
PA,TAX5250,42-035-1216269-LST-183602,"Porter, TWP of - LST (183602)",SCHOOL
PA,TAX6089,42-065-1215305-EIT-338003,"Timblin, BORO of - EIT",MUNICIPAL
PA,TAX6089,42-065-1215305-EIT-338003,"Timblin, BORO of - EIT",SCHOOL
PA,TAX1081,42-085-1216795-LST-431304,"Deer Creek, TWP of - LST",MUNICIPAL
PA,TAX1081,42-085-1216795-LST-431304,"Deer Creek, TWP of - LST",SCHOOL
PA,TAX5789,42-029-1216176-LST-156603,"South Coventry, TWP of - LST",MUNICIPAL
PA,TAX5789,42-029-1216176-LST-156603,"South Coventry, TWP of - LST",SCHOOL
PA,TAX3747,42-021-2086609-LST-114503,"Northern Cambria, BORO of-LST",MUNICIPAL
PA,TAX3747,42-021-2086609-LST-114503,"Northern Cambria, BORO of-LST",SCHOOL
PA,TAX1059,42-007-1215871-LST-045653,"Daugherty, TWP of - LST",MUNICIPAL
PA,TAX1059,42-007-1215871-LST-045653,"Daugherty, TWP of - LST",SCHOOL
PA,TAX618,42-069-1216593-LST-354603,"Carbondale, TWP of - LST",MUNICIPAL
PA,TAX618,42-069-1216593-LST-354603,"Carbondale, TWP of - LST",SCHOOL
PA,TAX1322,42-029-1216155-EIT-157203,"East Pikeland, TWP of - EIT",MUNICIPAL
PA,TAX1322,42-029-1216155-EIT-157203,"East Pikeland, TWP of - EIT",SCHOOL
PA,TAX5616,42-129-1215721-LST-654903,"Seward, BORO of - LST",MUNICIPAL
PA,TAX5616,42-129-1215721-LST-654903,"Seward, BORO of - LST",SCHOOL
PA,TAX5376,42-017-1216029-LST-098403,"Richland, TWP of - LST (098403)",MUNICIPAL
PA,TAX5376,42-017-1216029-LST-098403,"Richland, TWP of - LST (098403)",SCHOOL
PA,TAX5419,42-011-1214925-EIT-061103,"Robesonia, BORO of - EIT",MUNICIPAL
PA,TAX5419,42-011-1214925-EIT-061103,"Robesonia, BORO of - EIT",SCHOOL
PA,TAX6562,42-029-1216187-LST-151902,"West Brandywine, TWP of - LST",MUNICIPAL
PA,TAX6562,42-029-1216187-LST-151902,"West Brandywine, TWP of - LST",SCHOOL
PA,TAX3134,42-099-1215527-LST-506003,"Marysville, BORO of - LST",MUNICIPAL
PA,TAX3134,42-099-1215527-LST-506003,"Marysville, BORO of - LST",SCHOOL
PA,TAX250,42-007-1214864-EIT-041203,"Beaver, BORO of - EIT",MUNICIPAL
PA,TAX250,42-007-1214864-EIT-041203,"Beaver, BORO of - EIT",SCHOOL
PA,TAX2241,42-017-1214967-LST-092002,"Ivyland, BORO of - LST",MUNICIPAL
PA,TAX2241,42-017-1214967-LST-092002,"Ivyland, BORO of - LST",SCHOOL
PA,TAX3744,42-049-1216421-EIT-258303,North East Township - EIT,MUNICIPAL
PA,TAX3744,42-049-1216421-EIT-258303,North East Township - EIT,SCHOOL
PA,TAX1416,42-049-1216410-LST-258503,"Elk Creek, TWP of - LST",MUNICIPAL
PA,TAX1416,42-049-1216410-LST-258503,"Elk Creek, TWP of - LST",SCHOOL
PA,TAX1223,42-095-1215492-LST-480803,"East Bangor, BORO of - LST",MUNICIPAL
PA,TAX1223,42-095-1215492-LST-480803,"East Bangor, BORO of - LST",SCHOOL
PA,TAX5472,42-121-1215642-LST-616203,"Rouseville, BORO of - LST",MUNICIPAL
PA,TAX5472,42-121-1215642-LST-616203,"Rouseville, BORO of - LST",SCHOOL
PA,TAX1353,42-125-1215664-EIT-638803,"East Washington, BORO of-EIT",MUNICIPAL
PA,TAX1353,42-125-1215664-EIT-638803,"East Washington, BORO of-EIT",SCHOOL
PA,TAX5938,42-133-1215763-LST-676203,"Stewartstown, BORO of - LST",MUNICIPAL
PA,TAX5938,42-133-1215763-LST-676203,"Stewartstown, BORO of - LST",SCHOOL
PA,TAX6339,42-029-1216181-LST-152003,"Uwchlan, TWP of - LST",MUNICIPAL
PA,TAX6339,42-029-1216181-LST-152003,"Uwchlan, TWP of - LST",SCHOOL
PA,TAX3768,42-041-1216341-EIT-211103,"North Middleton, TWP of - EIT",MUNICIPAL
PA,TAX3768,42-041-1216341-EIT-211103,"North Middleton, TWP of - EIT",SCHOOL
PA,TAX6038,42-105-1216987-LST-530304,"Sylvania, TWP of - LST",MUNICIPAL
PA,TAX6038,42-105-1216987-LST-530304,"Sylvania, TWP of - LST",SCHOOL
PA,TAX2105,42-027-1216129-EIT-141003,"Huston, TWP of - EIT (141003)",MUNICIPAL
PA,TAX2105,42-027-1216129-EIT-141003,"Huston, TWP of - EIT (141003)",SCHOOL
PA,TAX3780,42-015-1215985-EIT-086503,"North Towanda, TWP of - EIT",MUNICIPAL
PA,TAX3780,42-015-1215985-EIT-086503,"North Towanda, TWP of - EIT",SCHOOL
PA,TAX716,42-125-1215657-LST-631803,"Charleroi, BORO of - LST",MUNICIPAL
PA,TAX716,42-125-1215657-LST-631803,"Charleroi, BORO of - LST",SCHOOL
PA,TAX1659,42-013-1215960-EIT-073503,"Frankstown, TWP of - EIT",MUNICIPAL
PA,TAX1659,42-013-1215960-EIT-073503,"Frankstown, TWP of - EIT",SCHOOL
PA,TAX3123,42-045-1216385-EIT-235502,"Marple, TWP of - EIT",MUNICIPAL
PA,TAX3123,42-045-1216385-EIT-235502,"Marple, TWP of - EIT",SCHOOL
PA,TAX2832,42-083-1215432-EIT-420803,"Lewis Run, BORO of - EIT",MUNICIPAL
PA,TAX2832,42-083-1215432-EIT-420803,"Lewis Run, BORO of - EIT",SCHOOL
PA,TAX344,42-005-1215839-LST-030852,"Bethel, TWP of - LST (030852)",MUNICIPAL
PA,TAX344,42-005-1215839-LST-030852,"Bethel, TWP of - LST (030852)",SCHOOL
PA,TAX3158,42-125-1217317-EIT-632403,"McDonald, BORO of - EIT (632403)",MUNICIPAL
PA,TAX3158,42-125-1217317-EIT-632403,"McDonald, BORO of - EIT (632403)",SCHOOL
PA,TAX719,42-029-1216145-EIT-153503,"Charlestown, TWP of - EIT",MUNICIPAL
PA,TAX719,42-029-1216145-EIT-153503,"Charlestown, TWP of - EIT",SCHOOL
PA,TAX6016,42-043-1216368-LST-228303,"Susquehanna, TWP of - LST (228303)",MUNICIPAL
PA,TAX6016,42-043-1216368-LST-228303,"Susquehanna, TWP of - LST (228303)",SCHOOL
PA,TAX3534,42-079-1215400-EIT-402603,"Nanticoke, City of - EIT",MUNICIPAL
PA,TAX3534,42-079-1215400-EIT-402603,"Nanticoke, City of - EIT",SCHOOL
PA,TAX3479,42-001-1215790-LST-015203,"Mount Joy, TWP of - LST (015203)",MUNICIPAL
PA,TAX3479,42-001-1215790-LST-015203,"Mount Joy, TWP of - LST (015203)",SCHOOL
PA,TAX271,42-011-1214909-LST-060753,"Bechtelsville, BORO of - LST",MUNICIPAL
PA,TAX271,42-011-1214909-LST-060753,"Bechtelsville, BORO of - LST",SCHOOL
PA,TAX5773,42-007-1215886-LST-041603,"South Beaver, TWP of - LST",MUNICIPAL
PA,TAX5773,42-007-1215886-LST-041603,"South Beaver, TWP of - LST",SCHOOL
PA,TAX3521,42-081-1215424-LST-415303,"Muncy, BORO of - LST",MUNICIPAL
PA,TAX3521,42-081-1215424-LST-415303,"Muncy, BORO of - LST",SCHOOL
PA,TAX6161,42-011-1215950-LST-068003,"Tulpehocken, TWP of - LST",MUNICIPAL
PA,TAX6161,42-011-1215950-LST-068003,"Tulpehocken, TWP of - LST",SCHOOL
PA,TAX6243,42-073-1216666-LST-377003,"Union, TWP of - LST (377003)",MUNICIPAL
PA,TAX6243,42-073-1216666-LST-377003,"Union, TWP of - LST (377003)",SCHOOL
PA,TAX299,42-013-1214940-LST-071003,"Bellwood, BORO of - LST",MUNICIPAL
PA,TAX299,42-013-1214940-LST-071003,"Bellwood, BORO of - LST",SCHOOL
PA,TAX6130,42-039-1215143-EIT-204703,"Townville, BORO of - EIT",MUNICIPAL
PA,TAX6130,42-039-1215143-EIT-204703,"Townville, BORO of - EIT",SCHOOL
PA,TAX6504,42-099-1216955-LST-506003,"Watts, TWP of - LST",MUNICIPAL
PA,TAX6504,42-099-1216955-LST-506003,"Watts, TWP of - LST",SCHOOL
PA,TAX3771,42-131-1217274-LST-667503,"Northmoreland, TWP of - LST",MUNICIPAL
PA,TAX3771,42-131-1217274-LST-667503,"Northmoreland, TWP of - LST",SCHOOL
PA,TAX3480,42-071-1216637-LST-362203,"Mount Joy, TWP of - LST (362203)",MUNICIPAL
PA,TAX3480,42-071-1216637-LST-362203,"Mount Joy, TWP of - LST (362203)",SCHOOL
PA,TAX1839,42-027-1216124-EIT-147003,"Gregg, TWP of - EIT (147003)",MUNICIPAL
PA,TAX1839,42-027-1216124-EIT-147003,"Gregg, TWP of - EIT (147003)",SCHOOL
PA,TAX1614,42-107-1215548-LST-545003,"Frackville, BORO of - LST",MUNICIPAL
PA,TAX1614,42-107-1215548-LST-545003,"Frackville, BORO of - LST",SCHOOL
PA,TAX6589,42-075-1216686-EIT-381303,"West Cornwall, TWP of - EIT",MUNICIPAL
PA,TAX6589,42-075-1216686-EIT-381303,"West Cornwall, TWP of - EIT",SCHOOL
PA,TAX521,42-057-1729680-LST-297504,"Brush Creek, TWP of - LST",MUNICIPAL
PA,TAX521,42-057-1729680-LST-297504,"Brush Creek, TWP of - LST",SCHOOL
PA,TAX3099,42-045-1215186-EIT-231303,"Marcus Hook, BORO of - EIT",MUNICIPAL
PA,TAX3099,42-045-1215186-EIT-231303,"Marcus Hook, BORO of - EIT",SCHOOL
PA,TAX6447,42-031-1216221-EIT-167504,"Washington, TWP of - EIT (167504)",MUNICIPAL
PA,TAX6447,42-031-1216221-EIT-167504,"Washington, TWP of - EIT (167504)",SCHOOL
PA,TAX242,42-125-1215651-EIT-631003,"Beallsville, BORO of - EIT",MUNICIPAL
PA,TAX242,42-125-1215651-EIT-631003,"Beallsville, BORO of - EIT",SCHOOL
PA,TAX274,42-009-1215887-EIT-051003,"Bedford, TWP of - EIT",MUNICIPAL
PA,TAX274,42-009-1215887-EIT-051003,"Bedford, TWP of - EIT",SCHOOL
PA,TAX6345,42-005-1215862-EIT-030852,"Valley, TWP of - EIT (030852)",MUNICIPAL
PA,TAX6345,42-005-1215862-EIT-030852,"Valley, TWP of - EIT (030852)",SCHOOL
PA,TAX1337,42-025-1215044-LST-139004,"East Side, BORO of - LST",MUNICIPAL
PA,TAX1337,42-025-1215044-LST-139004,"East Side, BORO of - LST",SCHOOL
PA,TAX2090,42-017-1214966-EIT-097502,"Hulmeville, BORO of - EIT",MUNICIPAL
PA,TAX2090,42-017-1214966-EIT-097502,"Hulmeville, BORO of - EIT",SCHOOL
PA,TAX5129,42-043-1215169-LST-229003,"Pillow, BORO of - LST",MUNICIPAL
PA,TAX5129,42-043-1215169-LST-229003,"Pillow, BORO of - LST",SCHOOL
PA,TAX595,42-039-1216299-EIT-204703,"Cambridge, TWP of - EIT",MUNICIPAL
PA,TAX595,42-039-1216299-EIT-204703,"Cambridge, TWP of - EIT",SCHOOL
PA,TAX995,42-049-1215206-LST-258503,"Cranesville, BORO of - LST",MUNICIPAL
PA,TAX995,42-049-1215206-LST-258503,"Cranesville, BORO of - LST",SCHOOL
PA,TAX5108,42-055-1216468-LST-286003,"Peters, TWP of - LST (286003)",MUNICIPAL
PA,TAX5108,42-055-1216468-LST-286003,"Peters, TWP of - LST (286003)",SCHOOL
PA,TAX2900,42-097-1216920-EIT-493503,"Little Mahanoy, TWP of - EIT",MUNICIPAL
PA,TAX2900,42-097-1216920-EIT-493503,"Little Mahanoy, TWP of - EIT",SCHOOL
PA,TAX1004,42-021-1215014-EIT-116003,"Cresson, BORO of - EIT",MUNICIPAL
PA,TAX1004,42-021-1215014-EIT-116003,"Cresson, BORO of - EIT",SCHOOL
PA,TAX6851,42-085-1216824-LST-433903,"Worth, TWP of - LST (433903)",MUNICIPAL
PA,TAX6851,42-085-1216824-LST-433903,"Worth, TWP of - LST (433903)",SCHOOL
PA,TAX6555,42-125-1217210-EIT-631003,"West Bethlehem, TWP of - EIT",MUNICIPAL
PA,TAX6555,42-125-1217210-EIT-631003,"West Bethlehem, TWP of - EIT",SCHOOL
PA,TAX1881,42-083-1216786-EIT-427503,"Hamlin, TWP of - EIT",MUNICIPAL
PA,TAX1881,42-083-1216786-EIT-427503,"Hamlin, TWP of - EIT",SCHOOL
PA,TAX980,42-033-1216231-EIT-171003,"Covington, TWP of - EIT (171003)",MUNICIPAL
PA,TAX980,42-033-1216231-EIT-171003,"Covington, TWP of - EIT (171003)",SCHOOL
PA,TAX2102,42-001-1215786-LST-011103,"Huntington, TWP of - LST (011103)",MUNICIPAL
PA,TAX2102,42-001-1215786-LST-011103,"Huntington, TWP of - LST (011103)",SCHOOL
PA,TAX2994,42-043-1216361-EIT-226003,"Lower Swatara, TWP of - EIT",MUNICIPAL
PA,TAX2994,42-043-1216361-EIT-226003,"Lower Swatara, TWP of - EIT",SCHOOL
PA,TAX5531,42-127-1217228-LST-648903,"Salem, TWP of - LST (648903)",MUNICIPAL
PA,TAX5531,42-127-1217228-LST-648903,"Salem, TWP of - LST (648903)",SCHOOL
PA,TAX5729,42-061-1216520-LST-312503,"Smithfield, TWP of - LST (312503)",MUNICIPAL
PA,TAX5729,42-061-1216520-LST-312503,"Smithfield, TWP of - LST (312503)",SCHOOL
PA,TAX3174,42-003-1214808-EIT-028853,"McKees Rocks, BORO of - EIT",MUNICIPAL
PA,TAX3174,42-003-1214808-EIT-028853,"McKees Rocks, BORO of - EIT",SCHOOL
PA,TAX5905,42-051-1216446-LST-260303,"Springhill, TWP of - LST (260303)",MUNICIPAL
PA,TAX5905,42-051-1216446-LST-260303,"Springhill, TWP of - LST (260303)",SCHOOL
PA,TAX3399,42-031-1216212-EIT-161203,"Monroe, TWP of - EIT (161203)",MUNICIPAL
PA,TAX3399,42-031-1216212-EIT-161203,"Monroe, TWP of - EIT (161203)",SCHOOL
PA,TAX1397,42-065-1216559-LST-330803,"Eldred, TWP of - LST (330803)",MUNICIPAL
PA,TAX1397,42-065-1216559-LST-330803,"Eldred, TWP of - LST (330803)",SCHOOL
PA,TAX2051,42-009-1214898-LST-056004,"Hopewell, BORO of - LST",MUNICIPAL
PA,TAX2051,42-009-1214898-LST-056004,"Hopewell, BORO of - LST",SCHOOL
PA,TAX926,42-019-1216051-LST-101252,"Connoquenessing, TWP of - LST",MUNICIPAL
PA,TAX926,42-019-1216051-LST-101252,"Connoquenessing, TWP of - LST",SCHOOL
PA,TAX1031,42-027-1216122-LST-183602,"Curtin, TWP of - LST",MUNICIPAL
PA,TAX1031,42-027-1216122-LST-183602,"Curtin, TWP of - LST",SCHOOL
PA,TAX1267,42-039-1216303-LST-201033,"East Fallowfield, TWP of-LST (201033)",MUNICIPAL
PA,TAX1267,42-039-1216303-LST-201033,"East Fallowfield, TWP of-LST (201033)",SCHOOL
PA,TAX3345,42-035-1215118-EIT-183602,"Mill Hall, BORO of - EIT",MUNICIPAL
PA,TAX3345,42-035-1215118-EIT-183602,"Mill Hall, BORO of - EIT",SCHOOL
PA,TAX1504,42-133-1217287-EIT-219002,"Fairview, TWP of - EIT (219002)",MUNICIPAL
PA,TAX1504,42-133-1217287-EIT-219002,"Fairview, TWP of - EIT (219002)",SCHOOL
PA,TAX5661,42-015-1215991-EIT-080503,"Sheshequin, TWP of - EIT",MUNICIPAL
PA,TAX5661,42-015-1215991-EIT-080503,"Sheshequin, TWP of - EIT",SCHOOL
PA,TAX2713,42-067-1216583-LST-343603,"Lack, TWP of - LST",MUNICIPAL
PA,TAX2713,42-067-1216583-LST-343603,"Lack, TWP of - LST",SCHOOL
PA,TAX1736,42-005-1215845-LST-034503,"Gilpin, TWP of - LST",MUNICIPAL
PA,TAX1736,42-005-1215845-LST-034503,"Gilpin, TWP of - LST",SCHOOL
PA,TAX5567,42-009-1214905-LST-058003,"Saxton, BORO of - LST",MUNICIPAL
PA,TAX5567,42-009-1214905-LST-058003,"Saxton, BORO of - LST",SCHOOL
PA,TAX5334,42-021-1216092-EIT-173003,"Reade, TWP of - EIT",MUNICIPAL
PA,TAX5334,42-021-1216092-EIT-173003,"Reade, TWP of - EIT",SCHOOL
PA,TAX2001,42-115-1217087-LST-583003,"Herrick, TWP of - LST (583003)",MUNICIPAL
PA,TAX2001,42-115-1217087-LST-583003,"Herrick, TWP of - LST (583003)",SCHOOL
PA,TAX2877,42-031-1216209-LST-161703,"Limestone, TWP of - LST (161703)",MUNICIPAL
PA,TAX2877,42-031-1216209-LST-161703,"Limestone, TWP of - LST (161703)",SCHOOL
PA,TAX808,42-069-1216594-LST-356503,"Clifton, TWP of - LST",MUNICIPAL
PA,TAX808,42-069-1216594-LST-356503,"Clifton, TWP of - LST",SCHOOL
PA,TAX2887,42-009-1215900-LST-051503,"Lincoln, TWP of - LST (051503)",MUNICIPAL
PA,TAX2887,42-009-1215900-LST-051503,"Lincoln, TWP of - LST (051503)",SCHOOL
PA,TAX3230,42-087-1216830-LST-444602,"Menno, TWP of - LST",MUNICIPAL
PA,TAX3230,42-087-1216830-LST-444602,"Menno, TWP of - LST",SCHOOL
PA,TAX6367,42-039-1216324-LST-204703,"Venango, TWP of - LST (204703)",MUNICIPAL
PA,TAX6367,42-039-1216324-LST-204703,"Venango, TWP of - LST (204703)",SCHOOL
PA,TAX4976,42-111-1215594-EIT-569103,"Paint, BORO of - EIT",MUNICIPAL
PA,TAX4976,42-111-1215594-EIT-569103,"Paint, BORO of - EIT",SCHOOL
PA,TAX841,42-029-1215067-EIT-151902,"Coatesville, City of - EIT",MUNICIPAL
PA,TAX841,42-029-1215067-EIT-151902,"Coatesville, City of - EIT",SCHOOL
PA,TAX6832,42-061-1216530-EIT-058003,"Wood, TWP of - EIT",MUNICIPAL
PA,TAX6832,42-061-1216530-EIT-058003,"Wood, TWP of - EIT",SCHOOL
PA,TAX5030,42-133-1217303-EIT-676203,"Peach Bottom, TWP of - EIT",MUNICIPAL
PA,TAX5030,42-133-1217303-EIT-676203,"Peach Bottom, TWP of - EIT",SCHOOL
PA,TAX5576,42-107-1215569-LST-547303,"Schuylkill Haven, BORO of-LST",MUNICIPAL
PA,TAX5576,42-107-1215569-LST-547303,"Schuylkill Haven, BORO of-LST",SCHOOL
PA,TAX6748,42-003-1214841-LST-656502,"White Oak, BORO of - LST (656502)",MUNICIPAL
PA,TAX6748,42-003-1214841-LST-656502,"White Oak, BORO of - LST (656502)",SCHOOL
PA,TAX6798,42-131-1217279-EIT-667503,"Windham, TWP of - EIT (667503)",MUNICIPAL
PA,TAX6798,42-131-1217279-EIT-667503,"Windham, TWP of - EIT (667503)",SCHOOL
PA,TAX1639,42-059-1216487-EIT-301403,"Franklin, TWP of - EIT (301403)",MUNICIPAL
PA,TAX1639,42-059-1216487-EIT-301403,"Franklin, TWP of - EIT (301403)",SCHOOL
PA,TAX3126,42-019-1214997-LST-105003,"Mars, BORO of - LST",MUNICIPAL
PA,TAX3126,42-019-1214997-LST-105003,"Mars, BORO of - LST",SCHOOL
PA,TAX5333,42-063-1216548-LST-325203,"Rayne, TWP of - LST",MUNICIPAL
PA,TAX5333,42-063-1216548-LST-325203,"Rayne, TWP of - LST",SCHOOL
PA,TAX6905,42-129-1215729-EIT-653102,"Youngstown, BORO of - EIT",MUNICIPAL
PA,TAX6905,42-129-1215729-EIT-653102,"Youngstown, BORO of - EIT",SCHOOL
PA,TAX1900,42-049-1216416-LST-254353,"Harborcreek, TWP of - LST",MUNICIPAL
PA,TAX1900,42-049-1216416-LST-254353,"Harborcreek, TWP of - LST",SCHOOL
PA,TAX1936,42-091-1216855-LST-465702,"Hatfield, TWP of - LST",MUNICIPAL
PA,TAX1936,42-091-1216855-LST-465702,"Hatfield, TWP of - LST",SCHOOL
PA,TAX3018,42-051-1216438-EIT-260803,"Luzerne, TWP of - EIT",MUNICIPAL
PA,TAX3018,42-051-1216438-EIT-260803,"Luzerne, TWP of - EIT",SCHOOL
PA,TAX5369,42-017-1214977-LST-098403,"Richlandtown, BORO of - LST",MUNICIPAL
PA,TAX5369,42-017-1214977-LST-098403,"Richlandtown, BORO of - LST",SCHOOL
PA,TAX310,42-027-1216118-LST-141103,"Benner, TWP of - LST (141103)",MUNICIPAL
PA,TAX310,42-027-1216118-LST-141103,"Benner, TWP of - LST (141103)",SCHOOL
PA,TAX6536,42-025-1215053-LST-135503,"Weissport, BORO of - LST",MUNICIPAL
PA,TAX6536,42-025-1215053-LST-135503,"Weissport, BORO of - LST",SCHOOL
PA,TAX425,42-111-1215583-LST-565503,"Boswell, BORO of - LST",MUNICIPAL
PA,TAX425,42-111-1215583-LST-565503,"Boswell, BORO of - LST",SCHOOL
PA,TAX2823,42-015-1179076-LST-083004,"Leraysville, BORO of - LST",MUNICIPAL
PA,TAX2823,42-015-1179076-LST-083004,"Leraysville, BORO of - LST",SCHOOL
PA,TAX3383,42-011-1214922-LST-063003,"Mohnton, BORO of - LST",MUNICIPAL
PA,TAX3383,42-011-1214922-LST-063003,"Mohnton, BORO of - LST",SCHOOL
PA,TAX1871,42-055-1216463-EIT-281302,"Hamilton, TWP of - EIT (281302)",MUNICIPAL
PA,TAX1871,42-055-1216463-EIT-281302,"Hamilton, TWP of - EIT (281302)",SCHOOL
PA,TAX2969,42-041-1216338-LST-210503,"Lower Mifflin, TWP of - LST",MUNICIPAL
PA,TAX2969,42-041-1216338-LST-210503,"Lower Mifflin, TWP of - LST",SCHOOL
PA,TAX5316,42-009-1214903-EIT-051003,"Rainsburg, BORO of - EIT",MUNICIPAL
PA,TAX5316,42-009-1214903-EIT-051003,"Rainsburg, BORO of - EIT",SCHOOL
PA,TAX49,42-003-1215797-LST-027753,"Aleppo, TWP of - LST (027753)",MUNICIPAL
PA,TAX49,42-003-1215797-LST-027753,"Aleppo, TWP of - LST (027753)",SCHOOL
PA,TAX1616,42-107-1217002-LST-546003,"Frailey, TWP of - LST",MUNICIPAL
PA,TAX1616,42-107-1217002-LST-546003,"Frailey, TWP of - LST",SCHOOL
PA,TAX317,42-125-1215652-LST-630903,"Bentleyville, BORO of - LST",MUNICIPAL
PA,TAX317,42-125-1215652-LST-630903,"Bentleyville, BORO of - LST",SCHOOL
PA,TAX5422,42-011-1215944-LST-068103,"Robeson, TWP of - LST",MUNICIPAL
PA,TAX5422,42-011-1215944-LST-068103,"Robeson, TWP of - LST",SCHOOL
PA,TAX6140,42-029-1216178-EIT-157802,"Tredyffrin, TWP of - EIT",MUNICIPAL
PA,TAX6140,42-029-1216178-EIT-157802,"Tredyffrin, TWP of - EIT",SCHOOL
PA,TAX6478,42-077-1216699-LST-394503,"Washington, TWP of - LST (394503)",MUNICIPAL
PA,TAX6478,42-077-1216699-LST-394503,"Washington, TWP of - LST (394503)",SCHOOL
PA,TAX6650,42-029-1216191-LST-158503,"West Marlborough, TWP of-LST",MUNICIPAL
PA,TAX6650,42-029-1216191-LST-158503,"West Marlborough, TWP of-LST",SCHOOL
PA,TAX114,42-007-1214862-EIT-040703,"Ambridge, BORO of - EIT",MUNICIPAL
PA,TAX114,42-007-1214862-EIT-040703,"Ambridge, BORO of - EIT",SCHOOL
PA,TAX3454,42-069-1215325-EIT-356503,"Moscow, BORO of - EIT",MUNICIPAL
PA,TAX3454,42-069-1215325-EIT-356503,"Moscow, BORO of - EIT",SCHOOL
PA,TAX3281,42-007-1214883-EIT-045303,"Midland, BORO of - EIT",MUNICIPAL
PA,TAX3281,42-007-1214883-EIT-045303,"Midland, BORO of - EIT",SCHOOL
PA,TAX4960,42-105-1216978-LST-537504,"Oswayo, TWP of - LST",MUNICIPAL
PA,TAX4960,42-105-1216978-LST-537504,"Oswayo, TWP of - LST",SCHOOL
PA,TAX6118,42-011-1214932-EIT-060853,"Topton, BORO of - EIT",MUNICIPAL
PA,TAX6118,42-011-1214932-EIT-060853,"Topton, BORO of - EIT",SCHOOL
PA,TAX2943,42-011-1215931-LST-060503,"Lower Alsace, TWP of - LST",MUNICIPAL
PA,TAX2943,42-011-1215931-LST-060503,"Lower Alsace, TWP of - LST",SCHOOL
PA,TAX5340,42-031-1216217-EIT-168003,"Redbank, TWP of - EIT (168003)",MUNICIPAL
PA,TAX5340,42-031-1216217-EIT-168003,"Redbank, TWP of - EIT (168003)",SCHOOL
PA,TAX6191,42-013-1214946-LST-078003,"Tyrone, BORO of - LST",MUNICIPAL
PA,TAX6191,42-013-1214946-LST-078003,"Tyrone, BORO of - LST",SCHOOL
PA,TAX3082,42-009-1215902-EIT-053003,"Mann, TWP of - EIT",MUNICIPAL
PA,TAX3082,42-009-1215902-EIT-053003,"Mann, TWP of - EIT",SCHOOL
PA,TAX6619,42-043-1216373-EIT-221402,"West Hanover, TWP of - EIT",MUNICIPAL
PA,TAX6619,42-043-1216373-EIT-221402,"West Hanover, TWP of - EIT",SCHOOL
PA,TAX3762,42-075-1216680-EIT-385303,"North Londonderry, TWP of-EIT",MUNICIPAL
PA,TAX3762,42-075-1216680-EIT-385303,"North Londonderry, TWP of-EIT",SCHOOL
PA,TAX1855,42-027-1216125-EIT-147003,"Haines, TWP of - EIT",MUNICIPAL
PA,TAX1855,42-027-1216125-EIT-147003,"Haines, TWP of - EIT",SCHOOL
PA,TAX1530,42-031-1216205-LST-167504,"Farmington, TWP of - LST (167504)",MUNICIPAL
PA,TAX1530,42-031-1216205-LST-167504,"Farmington, TWP of - LST (167504)",SCHOOL
PA,TAX6026,42-075-1216684-LST-385003,"Swatara, TWP of - LST (385003)",MUNICIPAL
PA,TAX6026,42-075-1216684-LST-385003,"Swatara, TWP of - LST (385003)",SCHOOL
PA,TAX709,42-095-1215491-EIT-484903,"Chapman, BORO of - EIT",MUNICIPAL
PA,TAX709,42-095-1215491-EIT-484903,"Chapman, BORO of - EIT",SCHOOL
PA,TAX3633,42-115-1217093-EIT-581003,"New Milford, TWP of - EIT",MUNICIPAL
PA,TAX3633,42-115-1217093-EIT-581003,"New Milford, TWP of - EIT",SCHOOL
PA,TAX4954,42-033-1215108-LST-177003,"Osceola Mills, BORO of - LST",MUNICIPAL
PA,TAX4954,42-033-1215108-LST-177003,"Osceola Mills, BORO of - LST",SCHOOL
PA,TAX5066,42-019-1216065-LST-107803,"Penn, TWP of - LST (107803)",MUNICIPAL
PA,TAX5066,42-019-1216065-LST-107803,"Penn, TWP of - LST (107803)",SCHOOL
PA,TAX5251,42-061-1216518-LST-312804,"Porter, TWP of - LST (312804)",MUNICIPAL
PA,TAX5251,42-061-1216518-LST-312804,"Porter, TWP of - LST (312804)",SCHOOL
PA,TAX5063,42-129-1217253-EIT-657103,"Penn, TWP of - EIT (657103)",MUNICIPAL
PA,TAX5063,42-129-1217253-EIT-657103,"Penn, TWP of - EIT (657103)",SCHOOL
PA,TAX6485,42-129-1217261-LST-654403,"Washington, TWP of - LST (654403)",MUNICIPAL
PA,TAX6485,42-129-1217261-LST-654403,"Washington, TWP of - LST (654403)",SCHOOL
PA,TAX1147,42-125-1215662-LST-637002,"Donora, BORO of - LST",MUNICIPAL
PA,TAX1147,42-125-1215662-LST-637002,"Donora, BORO of - LST",SCHOOL
PA,TAX2317,42-079-1216721-LST-406602,"Jenkins, TWP of - LST",MUNICIPAL
PA,TAX2317,42-079-1216721-LST-406602,"Jenkins, TWP of - LST",SCHOOL
PA,TAX3343,42-061-1216514-LST-312503,"Miller, TWP of - LST (312503)",MUNICIPAL
PA,TAX3343,42-061-1216514-LST-312503,"Miller, TWP of - LST (312503)",SCHOOL
PA,TAX2889,42-111-1217053-LST-567703,"Lincoln, TWP of - LST (567703)",MUNICIPAL
PA,TAX2889,42-111-1217053-LST-567703,"Lincoln, TWP of - LST (567703)",SCHOOL
PA,TAX2825,42-015-1215982-LST-081003,"Leroy, TWP of - LST",MUNICIPAL
PA,TAX2825,42-015-1215982-LST-081003,"Leroy, TWP of - LST",SCHOOL
PA,TAX1054,42-007-1214868-EIT-041603,"Darlington, BORO of - EIT",MUNICIPAL
PA,TAX1054,42-007-1214868-EIT-041603,"Darlington, BORO of - EIT",SCHOOL
PA,TAX3557,42-025-1215048-EIT-136603,"Nesquehoning, BORO of - EIT",MUNICIPAL
PA,TAX3557,42-025-1215048-EIT-136603,"Nesquehoning, BORO of - EIT",SCHOOL
PA,TAX6132,42-129-1217318-EIT-657103,"Trafford, BORO of - EIT (657103)",MUNICIPAL
PA,TAX6132,42-129-1217318-EIT-657103,"Trafford, BORO of - EIT (657103)",SCHOOL
PA,TAX5184,42-003-1214819-LST-021102,"Pleasant Hills, BORO of - LST (021102)",MUNICIPAL
PA,TAX5184,42-003-1214819-LST-021102,"Pleasant Hills, BORO of - LST (021102)",SCHOOL
PA,TAX73,42-111-1217043-EIT-561003,"Allegheny, TWP of - EIT (561003)",MUNICIPAL
PA,TAX73,42-111-1217043-EIT-561003,"Allegheny, TWP of - EIT (561003)",SCHOOL
PA,TAX5145,42-005-1215855-EIT-030852,"Pine, TWP of - EIT (030852)",MUNICIPAL
PA,TAX5145,42-005-1215855-EIT-030852,"Pine, TWP of - EIT (030852)",SCHOOL
PA,TAX3237,42-019-1216061-LST-107503,"Mercer, TWP of - LST",MUNICIPAL
PA,TAX3237,42-019-1216061-LST-107503,"Mercer, TWP of - LST",SCHOOL
PA,TAX1959,42-105-1216975-LST-535504,"Hector, TWP of - LST (535504)",MUNICIPAL
PA,TAX1959,42-105-1216975-LST-535504,"Hector, TWP of - LST (535504)",SCHOOL
PA,TAX5550,42-121-1217154-EIT-612203,"Sandycreek, TWP of - EIT",MUNICIPAL
PA,TAX5550,42-121-1217154-EIT-612203,"Sandycreek, TWP of - EIT",SCHOOL
PA,TAX5619,42-003-1214824-EIT-027753,"Sewickley Heights, BORO of-EIT",MUNICIPAL
PA,TAX5619,42-003-1214824-EIT-027753,"Sewickley Heights, BORO of-EIT",SCHOOL
PA,TAX828,42-117-1217103-LST-596003,"Clymer, TWP of - LST",MUNICIPAL
PA,TAX828,42-117-1217103-LST-596003,"Clymer, TWP of - LST",SCHOOL
PA,TAX3265,42-041-1216339-EIT-211603,"Middlesex, TWP of - EIT (211603)",MUNICIPAL
PA,TAX3265,42-041-1216339-EIT-211603,"Middlesex, TWP of - EIT (211603)",SCHOOL
PA,TAX881,42-015-1215978-EIT-086653,"Columbia, TWP of - EIT",MUNICIPAL
PA,TAX881,42-015-1215978-EIT-086653,"Columbia, TWP of - EIT",SCHOOL
PA,TAX484,42-033-1215093-EIT-175003,"Brisbin, BORO of - EIT",MUNICIPAL
PA,TAX484,42-033-1215093-EIT-175003,"Brisbin, BORO of - EIT",SCHOOL
PA,TAX771,42-123-1215646-EIT-628302,"Clarendon, BORO of - EIT",MUNICIPAL
PA,TAX771,42-123-1215646-EIT-628302,"Clarendon, BORO of - EIT",SCHOOL
PA,TAX2911,42-037-1216283-LST-197503,"Locust, TWP of - LST",MUNICIPAL
PA,TAX2911,42-037-1216283-LST-197503,"Locust, TWP of - LST",SCHOOL
PA,TAX759,42-019-1214988-EIT-103603,"Chicora, BORO of - EIT",MUNICIPAL
PA,TAX759,42-019-1214988-EIT-103603,"Chicora, BORO of - EIT",SCHOOL
PA,TAX1968,42-011-1215927-LST-061103,"Heidelberg, TWP of - LST (061103)",MUNICIPAL
PA,TAX1968,42-011-1215927-LST-061103,"Heidelberg, TWP of - LST (061103)",SCHOOL
PA,TAX1148,42-003-1214786-EIT-025002,"Dormont, BORO of - EIT",MUNICIPAL
PA,TAX1148,42-003-1214786-EIT-025002,"Dormont, BORO of - EIT",SCHOOL
PA,TAX1728,42-115-1217083-EIT-584603,"Gibson, TWP of - EIT (584603)",MUNICIPAL
PA,TAX1728,42-115-1217083-EIT-584603,"Gibson, TWP of - EIT (584603)",SCHOOL
PA,TAX5437,42-011-1215945-EIT-060853,"Rockland, TWP of - EIT (060853)",MUNICIPAL
PA,TAX5437,42-011-1215945-EIT-060853,"Rockland, TWP of - EIT (060853)",SCHOOL
PA,TAX172,42-015-1215973-LST-086503,"Asylum, TWP of - LST",MUNICIPAL
PA,TAX172,42-015-1215973-LST-086503,"Asylum, TWP of - LST",SCHOOL
PA,TAX2956,42-091-1216859-EIT-469303,"Lower Gwynedd, TWP of - EIT",MUNICIPAL
PA,TAX2956,42-091-1216859-EIT-469303,"Lower Gwynedd, TWP of - EIT",SCHOOL
PA,TAX2840,42-097-1216919-LST-498003,"Lewis, TWP of - LST (498003)",MUNICIPAL
PA,TAX2840,42-097-1216919-LST-498003,"Lewis, TWP of - LST (498003)",SCHOOL
PA,TAX1395,42-107-1217000-EIT-547803,"Eldred, TWP of - EIT (547803)",MUNICIPAL
PA,TAX1395,42-107-1217000-EIT-547803,"Eldred, TWP of - EIT (547803)",SCHOOL
PA,TAX1746,42-123-1217166-LST-628302,"Glade, TWP of - LST",MUNICIPAL
PA,TAX1746,42-123-1217166-LST-628302,"Glade, TWP of - LST",SCHOOL
PA,TAX6102,42-053-1216458-LST-272003,"Tionesta, TWP of - LST",MUNICIPAL
PA,TAX6102,42-053-1216458-LST-272003,"Tionesta, TWP of - LST",SCHOOL
PA,TAX195,42-029-1215066-EIT-150503,"Avondale, BORO of - EIT",MUNICIPAL
PA,TAX195,42-029-1215066-EIT-150503,"Avondale, BORO of - EIT",SCHOOL
PA,TAX803,42-115-1217080-EIT-584603,"Clifford, TWP of - EIT",MUNICIPAL
PA,TAX803,42-115-1217080-EIT-584603,"Clifford, TWP of - EIT",SCHOOL
PA,TAX2394,42-079-1216722-EIT-401603,"Kingston, TWP of - EIT",MUNICIPAL
PA,TAX2394,42-079-1216722-EIT-401603,"Kingston, TWP of - EIT",SCHOOL
PA,TAX2250,42-075-1216675-EIT-382303,"Jackson, TWP of - EIT (382303)",MUNICIPAL
PA,TAX2250,42-075-1216675-EIT-382303,"Jackson, TWP of - EIT (382303)",SCHOOL
PA,TAX6702,42-019-1215006-LST-105353,"West Sunbury, BORO of - LST",MUNICIPAL
PA,TAX6702,42-019-1215006-LST-105353,"West Sunbury, BORO of - LST",SCHOOL
PA,TAX337,42-073-1215351-LST-375003,"Bessemer, BORO of - LST",MUNICIPAL
PA,TAX337,42-073-1215351-LST-375003,"Bessemer, BORO of - LST",SCHOOL
PA,TAX5372,42-021-1216093-EIT-116503,"Richland, TWP of - EIT (116503)",MUNICIPAL
PA,TAX5372,42-021-1216093-EIT-116503,"Richland, TWP of - EIT (116503)",SCHOOL
PA,TAX3427,42-037-1216287-EIT-191203,"Montour, TWP of - EIT",MUNICIPAL
PA,TAX3427,42-037-1216287-EIT-191203,"Montour, TWP of - EIT",SCHOOL
PA,TAX2362,42-083-1215431-EIT-422303,"Kane, BORO of - EIT",MUNICIPAL
PA,TAX2362,42-083-1215431-EIT-422303,"Kane, BORO of - EIT",SCHOOL
PA,TAX6517,42-049-1216428-EIT-251453,"Wayne, TWP of - EIT (251453)",MUNICIPAL
PA,TAX6517,42-049-1216428-EIT-251453,"Wayne, TWP of - EIT (251453)",SCHOOL
PA,TAX1693,42-105-1215538-EIT-532804,"Galeton, BORO of - EIT",MUNICIPAL
PA,TAX1693,42-105-1215538-EIT-532804,"Galeton, BORO of - EIT",SCHOOL
PA,TAX3420,42-063-1216545-EIT-327303,"Montgomery, TWP of - EIT (327303)",MUNICIPAL
PA,TAX3420,42-063-1216545-EIT-327303,"Montgomery, TWP of - EIT (327303)",SCHOOL
PA,TAX130,42-013-1215957-EIT-071003,"Antis, TWP of - EIT",MUNICIPAL
PA,TAX130,42-013-1215957-EIT-071003,"Antis, TWP of - EIT",SCHOOL
PA,TAX5113,42-027-1215059-LST-177003,"Philipsburg, BORO of - LST",MUNICIPAL
PA,TAX5113,42-027-1215059-LST-177003,"Philipsburg, BORO of - LST",SCHOOL
PA,TAX806,42-045-1215177-LST-239452,"Clifton Heights, BORO of-LST",MUNICIPAL
PA,TAX806,42-045-1215177-LST-239452,"Clifton Heights, BORO of-LST",SCHOOL
PA,TAX1534,42-085-1215437-LST-432503,"Farrell, City of - LST",MUNICIPAL
PA,TAX1534,42-085-1215437-LST-432503,"Farrell, City of - LST",SCHOOL
PA,TAX2010,42-031-1216206-EIT-161203,"Highland, TWP of - EIT (161203)",MUNICIPAL
PA,TAX2010,42-031-1216206-EIT-161203,"Highland, TWP of - EIT (161203)",SCHOOL
PA,TAX5642,42-045-1215196-LST-238402,"Sharon Hill, BORO of - LST",MUNICIPAL
PA,TAX5642,42-045-1215196-LST-238402,"Sharon Hill, BORO of - LST",SCHOOL
PA,TAX429,42-011-1214912-LST-060753,"Boyertown, BORO of - LST",MUNICIPAL
PA,TAX429,42-011-1214912-LST-060753,"Boyertown, BORO of - LST",SCHOOL
PA,TAX5296,42-065-1215301-LST-338003,"Punxsutawney, BORO of - LST",MUNICIPAL
PA,TAX5296,42-065-1215301-LST-338003,"Punxsutawney, BORO of - LST",SCHOOL
PA,TAX850,42-133-1217282-LST-676503,"Codorus, TWP of - LST",MUNICIPAL
PA,TAX850,42-133-1217282-LST-676503,"Codorus, TWP of - LST",SCHOOL
PA,TAX6375,42-121-1217157-EIT-612203,"Victory, TWP of - EIT",MUNICIPAL
PA,TAX6375,42-121-1217157-EIT-612203,"Victory, TWP of - EIT",SCHOOL
PA,TAX1131,42-133-1215739-EIT-674603,"Dillsburg, BORO of - EIT",MUNICIPAL
PA,TAX1131,42-133-1215739-EIT-674603,"Dillsburg, BORO of - EIT",SCHOOL
PA,TAX6329,42-029-1216180-LST-152003,"Upper Uwchlan, TWP of - LST",MUNICIPAL
PA,TAX6329,42-029-1216180-LST-152003,"Upper Uwchlan, TWP of - LST",SCHOOL
PA,TAX5682,42-007-1214890-LST-047404,"Shippingport, BORO of - LST",MUNICIPAL
PA,TAX5682,42-007-1214890-LST-047404,"Shippingport, BORO of - LST",SCHOOL
PA,TAX363,42-065-1215297-LST-338003,"Big Run, BORO of - LST",MUNICIPAL
PA,TAX363,42-065-1215297-LST-338003,"Big Run, BORO of - LST",SCHOOL
PA,TAX5255,42-107-1217012-LST-548803,"Porter, TWP of - LST (548803)",MUNICIPAL
PA,TAX5255,42-107-1217012-LST-548803,"Porter, TWP of - LST (548803)",SCHOOL
PA,TAX2268,42-079-2086672-LST-403903,"Jackson, TWP of - LST (403903)",MUNICIPAL
PA,TAX2268,42-079-2086672-LST-403903,"Jackson, TWP of - LST (403903)",SCHOOL
PA,TAX5948,42-085-1215450-LST-433903,"Stoneboro, BORO of - LST",MUNICIPAL
PA,TAX5948,42-085-1215450-LST-433903,"Stoneboro, BORO of - LST",SCHOOL
PA,TAX1104,42-129-1215695-LST-653203,"Delmont, BORO of - LST (653203)",MUNICIPAL
PA,TAX1104,42-129-1215695-LST-653203,"Delmont, BORO of - LST (653203)",SCHOOL
PA,TAX1865,42-011-1214915-EIT-063503,"Hamburg, BORO of - EIT",MUNICIPAL
PA,TAX1865,42-011-1214915-EIT-063503,"Hamburg, BORO of - EIT",SCHOOL
PA,TAX186,42-115-1217077-LST-582503,"Auburn, TWP of - LST",MUNICIPAL
PA,TAX186,42-115-1217077-LST-582503,"Auburn, TWP of - LST",SCHOOL
PA,TAX6843,42-041-1215156-LST-219002,"Wormleysburg, BORO of - LST",MUNICIPAL
PA,TAX6843,42-041-1215156-LST-219002,"Wormleysburg, BORO of - LST",SCHOOL
PA,TAX2990,42-095-1216905-EIT-486003,"Lower Saucon, TWP of - EIT",MUNICIPAL
PA,TAX2990,42-095-1216905-EIT-486003,"Lower Saucon, TWP of - EIT",SCHOOL
PA,TAX5957,42-001-1215794-EIT-011603,"Straban, TWP of - EIT (011603)",MUNICIPAL
PA,TAX5957,42-001-1215794-EIT-011603,"Straban, TWP of - EIT (011603)",SCHOOL
PA,TAX2797,42-003-1214804-LST-027753,"Leetsdale, BORO of - LST",MUNICIPAL
PA,TAX2797,42-003-1214804-LST-027753,"Leetsdale, BORO of - LST",SCHOOL
PA,TAX6282,42-071-1216646-EIT-361703,"Upper Leacock, TWP of - EIT",MUNICIPAL
PA,TAX6282,42-071-1216646-EIT-361703,"Upper Leacock, TWP of - EIT",SCHOOL
PA,TAX868,42-071-1216616-EIT-367003,"Colerain, TWP of - EIT (367003)",MUNICIPAL
PA,TAX868,42-071-1216616-EIT-367003,"Colerain, TWP of - EIT (367003)",SCHOOL
PA,TAX5910,42-099-1216951-EIT-508003,"Spring, TWP of - EIT (508003)",MUNICIPAL
PA,TAX5910,42-099-1216951-EIT-508003,"Spring, TWP of - EIT (508003)",SCHOOL
PA,TAX3567,42-129-1215712-EIT-651603,"New Alexandria, BORO of - EIT",MUNICIPAL
PA,TAX3567,42-129-1215712-EIT-651603,"New Alexandria, BORO of - EIT",SCHOOL
PA,TAX1121,42-129-1217235-LST-651603,"Derry, TWP of - LST (651603)",MUNICIPAL
PA,TAX1121,42-129-1217235-LST-651603,"Derry, TWP of - LST (651603)",SCHOOL
PA,TAX1755,42-095-1215495-EIT-488603,"Glendon, BORO of - EIT",MUNICIPAL
PA,TAX1755,42-095-1215495-EIT-488603,"Glendon, BORO of - EIT",SCHOOL
PA,TAX6806,42-011-1215954-LST-063503,"Windsor, TWP of - LST (063503)",MUNICIPAL
PA,TAX6806,42-011-1215954-LST-063503,"Windsor, TWP of - LST (063503)",SCHOOL
PA,TAX576,42-011-1215918-EIT-068103,"Caernarvon, TWP of - EIT (068103)",MUNICIPAL
PA,TAX576,42-011-1215918-EIT-068103,"Caernarvon, TWP of - EIT (068103)",SCHOOL
PA,TAX2066,42-047-1216401-EIT-246003,"Horton, TWP of - EIT (246003)",MUNICIPAL
PA,TAX2066,42-047-1216401-EIT-246003,"Horton, TWP of - EIT (246003)",SCHOOL
PA,TAX6577,42-021-1216099-EIT-111203,"West Carroll, TWP of - EIT",MUNICIPAL
PA,TAX6577,42-021-1216099-EIT-111203,"West Carroll, TWP of - EIT",SCHOOL
PA,TAX6583,42-071-1216648-EIT-061103,"West Cocalico, TWP of - EIT (061103)",MUNICIPAL
PA,TAX6583,42-071-1216648-EIT-061103,"West Cocalico, TWP of - EIT (061103)",SCHOOL
PA,TAX2358,42-009-1215896-LST-051503,"Juniata, TWP of - LST (051503)",MUNICIPAL
PA,TAX2358,42-009-1215896-LST-051503,"Juniata, TWP of - LST (051503)",SCHOOL
PA,TAX4997,42-089-1216841-EIT-455403,"Paradise, TWP of - EIT (455403)",MUNICIPAL
PA,TAX4997,42-089-1216841-EIT-455403,"Paradise, TWP of - EIT (455403)",SCHOOL
PA,TAX3289,42-119-1215633-LST-605003,"Mifflinburg, BORO of - LST",MUNICIPAL
PA,TAX3289,42-119-1215633-LST-605003,"Mifflinburg, BORO of - LST",SCHOOL
PA,TAX5943,42-125-1215678-EIT-631803,"Stockdale, BORO of - EIT",MUNICIPAL
PA,TAX5943,42-125-1215678-EIT-631803,"Stockdale, BORO of - EIT",SCHOOL
PA,TAX5751,42-017-1216030-LST-097604,"Solebury, TWP of - LST",MUNICIPAL
PA,TAX5751,42-017-1216030-LST-097604,"Solebury, TWP of - LST",SCHOOL
PA,TAX6573,42-029-1216188-EIT-151902,"West Caln, TWP of - EIT",MUNICIPAL
PA,TAX6573,42-029-1216188-EIT-151902,"West Caln, TWP of - EIT",SCHOOL
PA,TAX967,42-065-1215300-LST-161703,"Corsica, BORO of - LST",MUNICIPAL
PA,TAX967,42-065-1215300-LST-161703,"Corsica, BORO of - LST",SCHOOL
PA,TAX6747,42-003-1214841-LST-026002,"White Oak, BORO of - LST (026002)",MUNICIPAL
PA,TAX6747,42-003-1214841-LST-026002,"White Oak, BORO of - LST (026002)",SCHOOL
PA,TAX2375,42-011-1214916-LST-063003,"Kenhorst, BORO of - LST",MUNICIPAL
PA,TAX2375,42-011-1214916-LST-063003,"Kenhorst, BORO of - LST",SCHOOL
PA,TAX2266,42-061-1216511-LST-312503,"Jackson, TWP of - LST (312503)",MUNICIPAL
PA,TAX2266,42-061-1216511-LST-312503,"Jackson, TWP of - LST (312503)",SCHOOL
PA,TAX2736,42-019-1216059-LST-107903,"Lancaster, TWP of - LST (107903)",MUNICIPAL
PA,TAX2736,42-019-1216059-LST-107903,"Lancaster, TWP of - LST (107903)",SCHOOL
PA,TAX763,42-071-1215333-EIT-156503,"Christiana, BORO of - EIT",MUNICIPAL
PA,TAX763,42-071-1215333-EIT-156503,"Christiana, BORO of - EIT",SCHOOL
PA,TAX871,42-027-1216121-EIT-148002,"College, TWP of - EIT",MUNICIPAL
PA,TAX871,42-027-1216121-EIT-148002,"College, TWP of - EIT",SCHOOL
PA,TAX3486,42-011-1214923-EIT-060503,"Mount Penn, BORO of - EIT",MUNICIPAL
PA,TAX3486,42-011-1214923-EIT-060503,"Mount Penn, BORO of - EIT",SCHOOL
PA,TAX6371,42-003-1214832-EIT-028203,"Verona, BORO of - EIT",MUNICIPAL
PA,TAX6371,42-003-1214832-EIT-028203,"Verona, BORO of - EIT",SCHOOL
PA,TAX1876,42-001-1215783-LST-011603,"Hamilton, TWP of - LST (011603)",MUNICIPAL
PA,TAX1876,42-001-1215783-LST-011603,"Hamilton, TWP of - LST (011603)",SCHOOL
PA,TAX3002,42-133-1217295-EIT-672203,"Lower Windsor, TWP of - EIT",MUNICIPAL
PA,TAX3002,42-133-1217295-EIT-672203,"Lower Windsor, TWP of - EIT",SCHOOL
PA,TAX626,42-003-1214778-LST-021603,"Carnegie, BORO of - LST",MUNICIPAL
PA,TAX626,42-003-1214778-LST-021603,"Carnegie, BORO of - LST",SCHOOL
PA,TAX6298,42-091-1216879-EIT-468503,"Upper Moreland, TWP of - EIT",MUNICIPAL
PA,TAX6298,42-091-1216879-EIT-468503,"Upper Moreland, TWP of - EIT",SCHOOL
PA,TAX5154,42-033-1216246-LST-171003,"Pine, TWP of - LST (171003)",MUNICIPAL
PA,TAX5154,42-033-1216246-LST-171003,"Pine, TWP of - LST (171003)",SCHOOL
PA,TAX3673,42-073-1215357-EIT-378003,"New Wilmington, BORO of - EIT",MUNICIPAL
PA,TAX3673,42-073-1215357-EIT-378003,"New Wilmington, BORO of - EIT",SCHOOL
PA,TAX4899,42-039-1216309-LST-617203,"Oil Creek, TWP of - LST",MUNICIPAL
PA,TAX4899,42-039-1216309-LST-617203,"Oil Creek, TWP of - LST",SCHOOL
PA,TAX1682,42-059-1216488-LST-308503,"Freeport, TWP of - LST",MUNICIPAL
PA,TAX1682,42-059-1216488-LST-308503,"Freeport, TWP of - LST",SCHOOL
PA,TAX5971,42-121-1215643-EIT-618603,"Sugarcreek, BORO of - EIT",MUNICIPAL
PA,TAX5971,42-121-1215643-EIT-618603,"Sugarcreek, BORO of - EIT",SCHOOL
PA,TAX935,42-079-1216706-EIT-402603,"Conyngham, TWP of - EIT (402603)",MUNICIPAL
PA,TAX935,42-079-1216706-EIT-402603,"Conyngham, TWP of - EIT (402603)",SCHOOL
PA,TAX676,42-007-1215868-LST-042003,"Center, TWP of - LST (042003)",MUNICIPAL
PA,TAX676,42-007-1215868-LST-042003,"Center, TWP of - LST (042003)",SCHOOL
PA,TAX6920,42-097-1216935-LST-493503,"Zerbe, TWP of - LST",MUNICIPAL
PA,TAX6920,42-097-1216935-LST-493503,"Zerbe, TWP of - LST",SCHOOL
PA,TAX4940,42-055-1215247-EIT-218003,"Orrstown, BORO of - EIT",MUNICIPAL
PA,TAX4940,42-055-1215247-EIT-218003,"Orrstown, BORO of - EIT",SCHOOL
PA,TAX6154,42-015-1215999-LST-086653,"Troy, TWP of - LST (086653)",MUNICIPAL
PA,TAX6154,42-015-1215999-LST-086653,"Troy, TWP of - LST (086653)",SCHOOL
PA,TAX3538,42-009-1215904-EIT-051503,"Napier, TWP of - EIT",MUNICIPAL
PA,TAX3538,42-009-1215904-EIT-051503,"Napier, TWP of - EIT",SCHOOL
PA,TAX5438,42-121-1217173-EIT-611303,"Rockland, TWP of - EIT (611303)",MUNICIPAL
PA,TAX5438,42-121-1217173-EIT-611303,"Rockland, TWP of - EIT (611303)",SCHOOL
PA,TAX909,42-111-1215586-EIT-568404,"Confluence, BORO of - EIT",MUNICIPAL
PA,TAX909,42-111-1215586-EIT-568404,"Confluence, BORO of - EIT",SCHOOL
PA,TAX1373,42-003-1214792-EIT-027753,"Edgeworth, BORO of - EIT",MUNICIPAL
PA,TAX1373,42-003-1214792-EIT-027753,"Edgeworth, BORO of - EIT",SCHOOL
PA,TAX588,42-111-2086600-LST-565203,"Callimont, BORO of - LST",MUNICIPAL
PA,TAX588,42-111-2086600-LST-565203,"Callimont, BORO of - LST",SCHOOL
PA,TAX2755,42-113-1215606-LST-576303,"Laporte, BORO of - LST",MUNICIPAL
PA,TAX2755,42-113-1215606-LST-576303,"Laporte, BORO of - LST",SCHOOL
PA,TAX6417,42-123-1210083-EIT-628302,Warren - EIT,MUNICIPAL
PA,TAX6417,42-123-1210083-EIT-628302,Warren - EIT,SCHOOL
PA,TAX1226,42-125-1217190-EIT-631003,"East Bethlehem, TWP of - EIT",MUNICIPAL
PA,TAX1226,42-125-1217190-EIT-631003,"East Bethlehem, TWP of - EIT",SCHOOL
PA,TAX1192,42-013-1214941-EIT-073503,"Duncansville, BORO of - EIT",MUNICIPAL
PA,TAX1192,42-013-1214941-EIT-073503,"Duncansville, BORO of - EIT",SCHOOL
PA,TAX3483,42-003-1215817-LST-026402,"Mount Lebanon, TWP of - LST",MUNICIPAL
PA,TAX3483,42-003-1215817-LST-026402,"Mount Lebanon, TWP of - LST",SCHOOL
PA,TAX5302,42-017-1214976-LST-098403,"Quakertown, BORO of - LST",MUNICIPAL
PA,TAX5302,42-017-1214976-LST-098403,"Quakertown, BORO of - LST",SCHOOL
PA,TAX6653,42-039-1216327-EIT-201352,"West Mead, TWP of - EIT",MUNICIPAL
PA,TAX6653,42-039-1216327-EIT-201352,"West Mead, TWP of - EIT",SCHOOL
PA,TAX86,42-077-1215372-LST-390302,"Allentown, City of - LST",MUNICIPAL
PA,TAX86,42-077-1215372-LST-390302,"Allentown, City of - LST",SCHOOL
PA,TAX1003,42-107-1215546-LST-540803,"Cressona, BORO of - LST",MUNICIPAL
PA,TAX1003,42-107-1215546-LST-540803,"Cressona, BORO of - LST",SCHOOL
PA,TAX3398,42-015-1215984-EIT-086503,"Monroe, TWP of - EIT (086503)",MUNICIPAL
PA,TAX3398,42-015-1215984-EIT-086503,"Monroe, TWP of - EIT (086503)",SCHOOL
PA,TAX2078,42-027-1216128-EIT-141003,"Howard, TWP of - EIT",MUNICIPAL
PA,TAX2078,42-027-1216128-EIT-141003,"Howard, TWP of - EIT",SCHOOL
PA,TAX5839,42-003-1215833-EIT-026002,"South Versailles, TWP of - EIT",MUNICIPAL
PA,TAX5839,42-003-1215833-EIT-026002,"South Versailles, TWP of - EIT",SCHOOL
PA,TAX5946,42-095-1215503-LST-484803,"Stockertown, BORO of - LST",MUNICIPAL
PA,TAX5946,42-095-1215503-LST-484803,"Stockertown, BORO of - LST",SCHOOL
PA,TAX5889,42-133-1217307-EIT-671603,"Springfield, TWP of - EIT (671603)",MUNICIPAL
PA,TAX5889,42-133-1217307-EIT-671603,"Springfield, TWP of - EIT (671603)",SCHOOL
PA,TAX5994,42-039-1216319-LST-201033,"Summerhill, TWP of - LST (201033)",MUNICIPAL
PA,TAX5994,42-039-1216319-LST-201033,"Summerhill, TWP of - LST (201033)",SCHOOL
PA,TAX3714,42-005-1214855-EIT-030603,"North Apollo, BORO of - EIT",MUNICIPAL
PA,TAX3714,42-005-1214855-EIT-030603,"North Apollo, BORO of - EIT",SCHOOL
PA,TAX2847,42-009-1215899-EIT-058003,"Liberty, TWP of - EIT (058003)",MUNICIPAL
PA,TAX2847,42-009-1215899-EIT-058003,"Liberty, TWP of - EIT (058003)",SCHOOL
PA,TAX1469,42-019-1214992-EIT-107903,"Evans City, BORO of - EIT",MUNICIPAL
PA,TAX1469,42-019-1214992-EIT-107903,"Evans City, BORO of - EIT",SCHOOL
PA,TAX2037,42-007-1214879-LST-041503,"Homewood, BORO of - LST",MUNICIPAL
PA,TAX2037,42-007-1214879-LST-041503,"Homewood, BORO of - LST",SCHOOL
PA,TAX6459,42-107-1217022-EIT-546003,"Washington, TWP of - EIT (546003)",MUNICIPAL
PA,TAX6459,42-107-1217022-EIT-546003,"Washington, TWP of - EIT (546003)",SCHOOL
PA,TAX5679,42-031-1215090-EIT-166503,"Shippenville, BORO of - EIT",MUNICIPAL
PA,TAX5679,42-031-1215090-EIT-166503,"Shippenville, BORO of - EIT",SCHOOL
PA,TAX5805,42-011-1215947-EIT-061103,"South Heidelberg, TWP of-EIT",MUNICIPAL
PA,TAX5805,42-011-1215947-EIT-061103,"South Heidelberg, TWP of-EIT",SCHOOL
PA,TAX3290,42-067-1215310-EIT-343603,"Mifflintown, BORO of - EIT",MUNICIPAL
PA,TAX3290,42-067-1215310-EIT-343603,"Mifflintown, BORO of - EIT",SCHOOL
PA,TAX6563,42-125-1215682-EIT-260803,"West Brownsville, BORO of-EIT (260803)",MUNICIPAL
PA,TAX6563,42-125-1215682-EIT-260803,"West Brownsville, BORO of-EIT (260803)",SCHOOL
PA,TAX696,42-083-1216781-EIT-537504,"Ceres, TWP of - EIT (537504)",MUNICIPAL
PA,TAX696,42-083-1216781-EIT-537504,"Ceres, TWP of - EIT (537504)",SCHOOL
PA,TAX1748,42-007-1214877-LST-049303,"Glasgow, BORO of - LST",MUNICIPAL
PA,TAX1748,42-007-1214877-LST-049303,"Glasgow, BORO of - LST",SCHOOL
PA,TAX566,42-079-1216705-EIT-403302,"Butler, TWP of - EIT (403302)",MUNICIPAL
PA,TAX566,42-079-1216705-EIT-403302,"Butler, TWP of - EIT (403302)",SCHOOL
PA,TAX6456,42-081-1216775-EIT-415004,"Washington, TWP of - EIT (415004)",MUNICIPAL
PA,TAX6456,42-081-1216775-EIT-415004,"Washington, TWP of - EIT (415004)",SCHOOL
PA,TAX5258,42-027-1215060-EIT-141003,"Port Matilda, BORO of - EIT",MUNICIPAL
PA,TAX5258,42-027-1215060-EIT-141003,"Port Matilda, BORO of - EIT",SCHOOL
PA,TAX1475,42-079-1215388-EIT-409203,"Exeter, BORO of - EIT",MUNICIPAL
PA,TAX1475,42-079-1215388-EIT-409203,"Exeter, BORO of - EIT",SCHOOL
PA,TAX6393,42-067-1216590-EIT-343603,"Walker, TWP of - EIT (343603)",MUNICIPAL
PA,TAX6393,42-067-1216590-EIT-343603,"Walker, TWP of - EIT (343603)",SCHOOL
PA,TAX5634,42-109-1215579-LST-557103,"Shamokin Dam, BORO of - LST",MUNICIPAL
PA,TAX5634,42-109-1215579-LST-557103,"Shamokin Dam, BORO of - LST",SCHOOL
PA,TAX1691,42-117-1217111-EIT-532804,"Gaines, TWP of - EIT",MUNICIPAL
PA,TAX1691,42-117-1217111-EIT-532804,"Gaines, TWP of - EIT",SCHOOL
PA,TAX6722,42-083-1216793-LST-422303,"Wetmore, TWP of - LST",MUNICIPAL
PA,TAX6722,42-083-1216793-LST-422303,"Wetmore, TWP of - LST",SCHOOL
PA,TAX6515,42-039-1216326-EIT-201352,"Wayne, TWP of - EIT (201352)",MUNICIPAL
PA,TAX6515,42-039-1216326-EIT-201352,"Wayne, TWP of - EIT (201352)",SCHOOL
PA,TAX2114,42-009-1214899-EIT-051003,"Hyndman, BORO of - EIT",MUNICIPAL
PA,TAX2114,42-009-1214899-EIT-051003,"Hyndman, BORO of - EIT",SCHOOL
PA,TAX2710,42-085-1216806-EIT-437503,"Lackawannock, TWP of - EIT",MUNICIPAL
PA,TAX2710,42-085-1216806-EIT-437503,"Lackawannock, TWP of - EIT",SCHOOL
PA,TAX5510,42-107-1215568-LST-546803,"Saint Clair, BORO of - LST",MUNICIPAL
PA,TAX5510,42-107-1215568-LST-546803,"Saint Clair, BORO of - LST",SCHOOL
PA,TAX1092,42-085-1216796-EIT-435303,"Delaware, TWP of - EIT (435303)",MUNICIPAL
PA,TAX1092,42-085-1216796-EIT-435303,"Delaware, TWP of - EIT (435303)",SCHOOL
PA,TAX3214,42-107-1215555-EIT-546103,"Mechanicsville, BORO of - EIT",MUNICIPAL
PA,TAX3214,42-107-1215555-EIT-546103,"Mechanicsville, BORO of - EIT",SCHOOL
PA,TAX3472,42-071-1215344-EIT-362203,"Mount Joy, BORO of - EIT",MUNICIPAL
PA,TAX3472,42-071-1215344-EIT-362203,"Mount Joy, BORO of - EIT",SCHOOL
PA,TAX5819,42-041-1216347-EIT-218303,"South Middleton, TWP of - EIT",MUNICIPAL
PA,TAX5819,42-041-1216347-EIT-218303,"South Middleton, TWP of - EIT",SCHOOL
PA,TAX5648,42-085-1215448-LST-435703,"Sharpsville, BORO of - LST",MUNICIPAL
PA,TAX5648,42-085-1215448-LST-435703,"Sharpsville, BORO of - LST",SCHOOL
PA,TAX6039,42-107-1215571-EIT-547603,"Tamaqua, BORO of - EIT",MUNICIPAL
PA,TAX6039,42-107-1215571-EIT-547603,"Tamaqua, BORO of - EIT",SCHOOL
PA,TAX5711,42-019-1215003-EIT-107503,"Slippery Rock, BORO of - EIT",MUNICIPAL
PA,TAX5711,42-019-1215003-EIT-107503,"Slippery Rock, BORO of - EIT",SCHOOL
PA,TAX4965,42-131-1217276-EIT-667503,"Overfield, TWP of - EIT",MUNICIPAL
PA,TAX4965,42-131-1217276-EIT-667503,"Overfield, TWP of - EIT",SCHOOL
PA,TAX2920,42-133-1215752-EIT-671603,"Loganville, BORO of - EIT",MUNICIPAL
PA,TAX2920,42-133-1215752-EIT-671603,"Loganville, BORO of - EIT",SCHOOL
PA,TAX1375,42-045-1216382-EIT-237903,"Edgmont, TWP of - EIT",MUNICIPAL
PA,TAX1375,42-045-1216382-EIT-237903,"Edgmont, TWP of - EIT",SCHOOL
PA,TAX615,42-069-1215315-EIT-351303,"Carbondale, City of - EIT",MUNICIPAL
PA,TAX615,42-069-1215315-EIT-351303,"Carbondale, City of - EIT",SCHOOL
PA,TAX5469,42-105-1216982-EIT-426303,"Roulette, TWP of - EIT",MUNICIPAL
PA,TAX5469,42-105-1216982-EIT-426303,"Roulette, TWP of - EIT",SCHOOL
PA,TAX1154,42-091-1216852-LST-060753,"Douglass, TWP of - LST (060753)",MUNICIPAL
PA,TAX1154,42-091-1216852-LST-060753,"Douglass, TWP of - LST (060753)",SCHOOL
PA,TAX1732,42-107-1215549-LST-544503,"Gilberton, BORO of - LST",MUNICIPAL
PA,TAX1732,42-107-1215549-LST-544503,"Gilberton, BORO of - LST",SCHOOL
PA,TAX165,42-021-1215008-EIT-116003,"Ashville, BORO of - EIT",MUNICIPAL
PA,TAX165,42-021-1215008-EIT-116003,"Ashville, BORO of - EIT",SCHOOL
PA,TAX5497,42-107-1217015-EIT-544503,"Ryan, TWP of - EIT",MUNICIPAL
PA,TAX5497,42-107-1217015-EIT-544503,"Ryan, TWP of - EIT",SCHOOL
PA,TAX5698,42-133-1217305-LST-676503,"Shrewsbury, TWP of - LST (676503)",MUNICIPAL
PA,TAX5698,42-133-1217305-LST-676503,"Shrewsbury, TWP of - LST (676503)",SCHOOL
PA,TAX1065,42-051-1215225-LST-261302,"Dawson, BORO of - LST",MUNICIPAL
PA,TAX1065,42-051-1215225-LST-261302,"Dawson, BORO of - LST",SCHOOL
PA,TAX3240,42-131-1217270-EIT-582503,"Meshoppen, TWP of - EIT",MUNICIPAL
PA,TAX3240,42-131-1217270-EIT-582503,"Meshoppen, TWP of - EIT",SCHOOL
PA,TAX1306,42-029-1216153-EIT-156603,"East Nantmeal, TWP of - EIT",MUNICIPAL
PA,TAX1306,42-029-1216153-EIT-156603,"East Nantmeal, TWP of - EIT",SCHOOL
PA,TAX695,42-083-1216781-EIT-426003,"Ceres, TWP of - EIT (426003)",MUNICIPAL
PA,TAX695,42-083-1216781-EIT-426003,"Ceres, TWP of - EIT (426003)",SCHOOL
PA,TAX3238,42-131-1215733-EIT-582503,"Meshoppen, BORO of - EIT",MUNICIPAL
PA,TAX3238,42-131-1215733-EIT-582503,"Meshoppen, BORO of - EIT",SCHOOL
PA,TAX5014,42-025-1215050-LST-135503,"Parryville, BORO of - LST",MUNICIPAL
PA,TAX5014,42-025-1215050-LST-135503,"Parryville, BORO of - LST",SCHOOL
PA,TAX5205,42-081-1216770-LST-415103,"Plunketts Creek, TWP of - LST",MUNICIPAL
PA,TAX5205,42-081-1216770-LST-415103,"Plunketts Creek, TWP of - LST",SCHOOL
PA,TAX6501,42-049-1215220-EIT-259703,"Wattsburg, BORO of - EIT",MUNICIPAL
PA,TAX6501,42-049-1215220-EIT-259703,"Wattsburg, BORO of - EIT",SCHOOL
PA,TAX3541,42-091-1215474-LST-464502,"Narberth, BORO of - LST",MUNICIPAL
PA,TAX3541,42-091-1215474-LST-464502,"Narberth, BORO of - LST",SCHOOL
PA,TAX5252,42-065-1216569-LST-338003,"Porter, TWP of - LST (338003)",MUNICIPAL
PA,TAX5252,42-065-1216569-LST-338003,"Porter, TWP of - LST (338003)",SCHOOL
PA,TAX5769,42-111-1217063-LST-565203,"Southampton, TWP of - LST (565203)",MUNICIPAL
PA,TAX5769,42-111-1217063-LST-565203,"Southampton, TWP of - LST (565203)",SCHOOL
PA,TAX524,42-091-1215465-EIT-460504,"Bryn Athyn, BORO of - EIT",MUNICIPAL
PA,TAX524,42-091-1215465-EIT-460504,"Bryn Athyn, BORO of - EIT",SCHOOL
PA,TAX6791,42-095-1215507-LST-488603,"Wilson, BORO of - LST",MUNICIPAL
PA,TAX6791,42-095-1215507-LST-488603,"Wilson, BORO of - LST",SCHOOL
PA,TAX1199,42-125-1215663-LST-631803,"Dunlevy, BORO of - LST",MUNICIPAL
PA,TAX1199,42-125-1215663-LST-631803,"Dunlevy, BORO of - LST",SCHOOL
PA,TAX6241,42-057-1217243-LST-297504,"Union, TWP of - LST (297504)",MUNICIPAL
PA,TAX6241,42-057-1217243-LST-297504,"Union, TWP of - LST (297504)",SCHOOL
PA,TAX6752,42-007-1214894-LST-041503,"White, TWP of - LST (041503)",MUNICIPAL
PA,TAX6752,42-007-1214894-LST-041503,"White, TWP of - LST (041503)",SCHOOL
PA,TAX5427,42-007-2086684-EIT-046903,"Rochester, BORO of - EIT",MUNICIPAL
PA,TAX5427,42-007-2086684-EIT-046903,"Rochester, BORO of - EIT",SCHOOL
PA,TAX2863,42-031-1216208-LST-166503,"Licking, TWP of - LST",MUNICIPAL
PA,TAX2863,42-031-1216208-LST-166503,"Licking, TWP of - LST",SCHOOL
PA,TAX3132,42-013-1214943-LST-077503,"Martinsburg, BORO of - LST",MUNICIPAL
PA,TAX3132,42-013-1214943-LST-077503,"Martinsburg, BORO of - LST",SCHOOL
PA,TAX5874,42-003-1214827-LST-020603,"Springdale, BORO of - LST",MUNICIPAL
PA,TAX5874,42-003-1214827-LST-020603,"Springdale, BORO of - LST",SCHOOL
PA,TAX323,42-069-1216592-LST-665003,"Benton, TWP of - LST (665003)",MUNICIPAL
PA,TAX323,42-069-1216592-LST-665003,"Benton, TWP of - LST (665003)",SCHOOL
PA,TAX1612,42-113-1217072-LST-576303,"Fox, TWP of - LST (576303)",MUNICIPAL
PA,TAX1612,42-113-1217072-LST-576303,"Fox, TWP of - LST (576303)",SCHOOL
PA,TAX375,42-063-1216533-EIT-030603,"Black Lick, TWP of - EIT (030603)",MUNICIPAL
PA,TAX375,42-063-1216533-EIT-030603,"Black Lick, TWP of - EIT (030603)",SCHOOL
PA,TAX5574,42-009-1214906-LST-051503,"Schellsburg, BORO of - LST",MUNICIPAL
PA,TAX5574,42-009-1214906-LST-051503,"Schellsburg, BORO of - LST",SCHOOL
PA,TAX1552,42-033-1216233-EIT-171803,"Ferguson, TWP of - EIT (171803)",MUNICIPAL
PA,TAX1552,42-033-1216233-EIT-171803,"Ferguson, TWP of - EIT (171803)",SCHOOL
PA,TAX1617,42-091-1216854-EIT-467103,"Franconia, TWP of - EIT",MUNICIPAL
PA,TAX1617,42-091-1216854-EIT-467103,"Franconia, TWP of - EIT",SCHOOL
PA,TAX6454,42-073-1217314-EIT-378003,"Washington, TWP of - EIT (378003)",MUNICIPAL
PA,TAX6454,42-073-1217314-EIT-378003,"Washington, TWP of - EIT (378003)",SCHOOL
PA,TAX2327,42-069-1215321-LST-354603,"Jermyn, BORO of - LST",MUNICIPAL
PA,TAX2327,42-069-1215321-LST-354603,"Jermyn, BORO of - LST",SCHOOL
PA,TAX6174,42-097-1216929-EIT-495003,"Turbot, TWP of - EIT",MUNICIPAL
PA,TAX6174,42-097-1216929-EIT-495003,"Turbot, TWP of - EIT",SCHOOL
PA,TAX3734,42-133-1217300-EIT-676703,"North Codorus, TWP of - EIT",MUNICIPAL
PA,TAX3734,42-133-1217300-EIT-676703,"North Codorus, TWP of - EIT",SCHOOL
PA,TAX5687,42-061-1216519-EIT-316003,"Shirley, TWP of - EIT",MUNICIPAL
PA,TAX5687,42-061-1216519-EIT-316003,"Shirley, TWP of - EIT",SCHOOL
PA,TAX6433,42-017-1216037-EIT-092102,"Warwick, TWP of - EIT (092102)",MUNICIPAL
PA,TAX6433,42-017-1216037-EIT-092102,"Warwick, TWP of - EIT (092102)",SCHOOL
PA,TAX982,42-117-1217104-EIT-597003,"Covington, TWP of - EIT (597003)",MUNICIPAL
PA,TAX982,42-117-1217104-EIT-597003,"Covington, TWP of - EIT (597003)",SCHOOL
PA,TAX5736,42-009-1215905-LST-051003,"Snake Spring, TWP of - LST",MUNICIPAL
PA,TAX5736,42-009-1215905-LST-051003,"Snake Spring, TWP of - LST",SCHOOL
PA,TAX5545,42-051-1216443-EIT-261302,"Saltlick, TWP of - EIT",MUNICIPAL
PA,TAX5545,42-051-1216443-EIT-261302,"Saltlick, TWP of - EIT",SCHOOL
PA,TAX554,42-027-1216120-LST-141003,"Burnside, TWP of - LST (141003)",MUNICIPAL
PA,TAX554,42-027-1216120-LST-141003,"Burnside, TWP of - LST (141003)",SCHOOL
PA,TAX5665,42-011-1214927-EIT-063003,"Shillington, BORO of - EIT",MUNICIPAL
PA,TAX5665,42-011-1214927-EIT-063003,"Shillington, BORO of - EIT",SCHOOL
PA,TAX6049,42-057-1216480-EIT-292304,"Taylor, TWP of - EIT (292304)",MUNICIPAL
PA,TAX6049,42-057-1216480-EIT-292304,"Taylor, TWP of - EIT (292304)",SCHOOL
PA,TAX6695,42-009-1215910-EIT-051503,"West Saint Clair, TWP of-EIT",MUNICIPAL
PA,TAX6695,42-009-1215910-EIT-051503,"West Saint Clair, TWP of-EIT",SCHOOL
PA,TAX3036,42-031-1216210-EIT-169003,"Madison, TWP of - EIT (169003)",MUNICIPAL
PA,TAX3036,42-031-1216210-EIT-169003,"Madison, TWP of - EIT (169003)",SCHOOL
PA,TAX1387,42-021-1216083-EIT-111203,"Elder, TWP of - EIT",MUNICIPAL
PA,TAX1387,42-021-1216083-EIT-111203,"Elder, TWP of - EIT",SCHOOL
PA,TAX5107,42-125-1217203-EIT-636503,"Peters, TWP of - EIT (636503)",MUNICIPAL
PA,TAX5107,42-125-1217203-EIT-636503,"Peters, TWP of - EIT (636503)",SCHOOL
PA,TAX3591,42-041-1215151-EIT-218003,"Newburg, BORO of - EIT (218003)",MUNICIPAL
PA,TAX3591,42-041-1215151-EIT-218003,"Newburg, BORO of - EIT (218003)",SCHOOL
PA,TAX2303,42-069-1216600-EIT-356503,"Jefferson, TWP of - EIT (356503)",MUNICIPAL
PA,TAX2303,42-069-1216600-EIT-356503,"Jefferson, TWP of - EIT (356503)",SCHOOL
PA,TAX6453,42-065-1216575-EIT-330703,"Washington, TWP of - EIT (330703)",MUNICIPAL
PA,TAX6453,42-065-1216575-EIT-330703,"Washington, TWP of - EIT (330703)",SCHOOL
PA,TAX1535,42-133-1215742-EIT-676203,"Fawn Grove, BORO of - EIT",MUNICIPAL
PA,TAX1535,42-133-1215742-EIT-676203,"Fawn Grove, BORO of - EIT",SCHOOL
PA,TAX5011,42-005-1215853-EIT-654403,"Parks, TWP of - EIT",MUNICIPAL
PA,TAX5011,42-005-1215853-EIT-654403,"Parks, TWP of - EIT",SCHOOL
PA,TAX3142,42-011-1215935-EIT-064003,"Maxatawny, TWP of - EIT",MUNICIPAL
PA,TAX3142,42-011-1215935-EIT-064003,"Maxatawny, TWP of - EIT",SCHOOL
PA,TAX1600,42-079-1216713-LST-403302,"Foster, TWP of - LST (403302)",MUNICIPAL
PA,TAX1600,42-079-1216713-LST-403302,"Foster, TWP of - LST (403302)",SCHOOL
PA,TAX907,42-123-1217174-EIT-628302,"Conewango, TWP of - EIT",MUNICIPAL
PA,TAX907,42-123-1217174-EIT-628302,"Conewango, TWP of - EIT",SCHOOL
PA,TAX893,42-021-1216078-EIT-111403,"Conemaugh, TWP of - EIT (111403)",MUNICIPAL
PA,TAX893,42-021-1216078-EIT-111403,"Conemaugh, TWP of - EIT (111403)",SCHOOL
PA,TAX5570,42-021-1215033-EIT-569103,"Scalp Level, BORO of - EIT",MUNICIPAL
PA,TAX5570,42-021-1215033-EIT-569103,"Scalp Level, BORO of - EIT",SCHOOL
PA,TAX1838,42-067-1216582-LST-503004,"Greenwood, TWP of - LST (503004)",MUNICIPAL
PA,TAX1838,42-067-1216582-LST-503004,"Greenwood, TWP of - LST (503004)",SCHOOL
PA,TAX3413,42-003-1217430-EIT-024102,"Monroeville, BORO of - EIT",MUNICIPAL
PA,TAX3413,42-003-1217430-EIT-024102,"Monroeville, BORO of - EIT",SCHOOL
PA,TAX3421,42-091-1216866-EIT-465702,"Montgomery, TWP of - EIT (465702)",MUNICIPAL
PA,TAX3421,42-091-1216866-EIT-465702,"Montgomery, TWP of - EIT (465702)",SCHOOL
PA,TAX2760,42-079-1215397-EIT-409302,"Larksville, BORO of - EIT",MUNICIPAL
PA,TAX2760,42-079-1215397-EIT-409302,"Larksville, BORO of - EIT",SCHOOL
PA,TAX5279,42-089-1216844-LST-452003,"Price, TWP of - LST",MUNICIPAL
PA,TAX5279,42-089-1216844-LST-452003,"Price, TWP of - LST",SCHOOL
PA,TAX6606,42-103-1216966-LST-522003,"Westfall, TWP of - LST",MUNICIPAL
PA,TAX6606,42-103-1216966-LST-522003,"Westfall, TWP of - LST",SCHOOL
PA,TAX6226,42-079-1216735-EIT-406003,"Union, TWP of - EIT (406003)",MUNICIPAL
PA,TAX6226,42-079-1216735-EIT-406003,"Union, TWP of - EIT (406003)",SCHOOL
PA,TAX1788,42-055-1215244-LST-283003,"Greencastle, BORO of - LST",MUNICIPAL
PA,TAX1788,42-055-1215244-LST-283003,"Greencastle, BORO of - LST",SCHOOL
PA,TAX3339,42-071-1215343-EIT-365203,"Millersville, BORO of - EIT",MUNICIPAL
PA,TAX3339,42-071-1215343-EIT-365203,"Millersville, BORO of - EIT",SCHOOL
PA,TAX3635,42-011-1217448-EIT-068103,"New Morgan, BORO of - EIT",MUNICIPAL
PA,TAX3635,42-011-1217448-EIT-068103,"New Morgan, BORO of - EIT",SCHOOL
PA,TAX1236,42-119-1217129-EIT-604003,"East Buffalo, TWP of - EIT",MUNICIPAL
PA,TAX1236,42-119-1217129-EIT-604003,"East Buffalo, TWP of - EIT",SCHOOL
PA,TAX1115,42-087-1216828-EIT-444602,"Derry, TWP of - EIT (444602)",MUNICIPAL
PA,TAX1115,42-087-1216828-EIT-444602,"Derry, TWP of - EIT (444602)",SCHOOL
PA,TAX2046,42-111-1215588-EIT-565503,"Hooversville, BORO of - EIT",MUNICIPAL
PA,TAX2046,42-111-1215588-EIT-565503,"Hooversville, BORO of - EIT",SCHOOL
PA,TAX2391,42-053-1216457-LST-272003,"Kingsley, TWP of - LST",MUNICIPAL
PA,TAX2391,42-053-1216457-LST-272003,"Kingsley, TWP of - LST",SCHOOL
PA,TAX6271,42-091-1216874-LST-468303,"Upper Dublin, TWP of - LST",MUNICIPAL
PA,TAX6271,42-091-1216874-LST-468303,"Upper Dublin, TWP of - LST",SCHOOL
PA,TAX3093,42-005-1214854-LST-030852,"Manorville, BORO of - LST",MUNICIPAL
PA,TAX3093,42-005-1214854-LST-030852,"Manorville, BORO of - LST",SCHOOL
PA,TAX5991,42-021-1216095-EIT-112203,"Summerhill, TWP of - EIT (112203)",MUNICIPAL
PA,TAX5991,42-021-1216095-EIT-112203,"Summerhill, TWP of - EIT (112203)",SCHOOL
PA,TAX3658,42-087-1215459-LST-316003,"Newton Hamilton, BORO of-LST",MUNICIPAL
PA,TAX3658,42-087-1215459-LST-316003,"Newton Hamilton, BORO of-LST",SCHOOL
PA,TAX3766,42-107-1217008-EIT-540803,"North Manheim, TWP of - EIT",MUNICIPAL
PA,TAX3766,42-107-1217008-EIT-540803,"North Manheim, TWP of - EIT",SCHOOL
PA,TAX5578,42-107-1217016-EIT-547603,"Schuylkill, TWP of - EIT (547603)",MUNICIPAL
PA,TAX5578,42-107-1217016-EIT-547603,"Schuylkill, TWP of - EIT (547603)",SCHOOL
PA,TAX3135,42-051-1215232-EIT-260303,"Masontown, BORO of - EIT",MUNICIPAL
PA,TAX3135,42-051-1215232-EIT-260303,"Masontown, BORO of - EIT",SCHOOL
PA,TAX23,42-071-1215332-EIT-362603,"Akron, BORO of - EIT",MUNICIPAL
PA,TAX23,42-071-1215332-EIT-362603,"Akron, BORO of - EIT",SCHOOL
PA,TAX3090,42-005-1215851-LST-030852,"Manor, TWP of - LST (030852)",MUNICIPAL
PA,TAX3090,42-005-1215851-LST-030852,"Manor, TWP of - LST (030852)",SCHOOL
PA,TAX5861,42-125-1215677-EIT-631803,"Speers, BORO of - EIT",MUNICIPAL
PA,TAX5861,42-125-1215677-EIT-631803,"Speers, BORO of - EIT",SCHOOL
PA,TAX1705,42-065-1216560-EIT-338003,"Gaskill, TWP of - EIT",MUNICIPAL
PA,TAX1705,42-065-1216560-EIT-338003,"Gaskill, TWP of - EIT",SCHOOL
PA,TAX6586,42-071-1216648-LST-361303,"West Cocalico, TWP of - LST (361303)",MUNICIPAL
PA,TAX6586,42-071-1216648-LST-361303,"West Cocalico, TWP of - LST (361303)",SCHOOL
PA,TAX6572,42-015-1216004-LST-086653,"West Burlington, TWP of - LST",MUNICIPAL
PA,TAX6572,42-015-1216004-LST-086653,"West Burlington, TWP of - LST",SCHOOL
PA,TAX5636,42-097-1216928-LST-496503,"Shamokin, TWP of - LST",MUNICIPAL
PA,TAX5636,42-097-1216928-LST-496503,"Shamokin, TWP of - LST",SCHOOL
PA,TAX286,42-027-1215054-EIT-141103,"Bellefonte, BORO of - EIT",MUNICIPAL
PA,TAX286,42-027-1215054-EIT-141103,"Bellefonte, BORO of - EIT",SCHOOL
PA,TAX874,42-091-1215466-LST-466103,"Collegeville, BORO of - LST",MUNICIPAL
PA,TAX874,42-091-1215466-LST-466103,"Collegeville, BORO of - LST",SCHOOL
PA,TAX1912,42-043-1215162-LST-222752,"Harrisburg, City of - LST",MUNICIPAL
PA,TAX1912,42-043-1215162-LST-222752,"Harrisburg, City of - LST",SCHOOL
PA,TAX5425,42-003-1215827-LST-026303,"Robinson, TWP of - LST (026303)",MUNICIPAL
PA,TAX5425,42-003-1215827-LST-026303,"Robinson, TWP of - LST (026303)",SCHOOL
PA,TAX5484,42-097-1216927-EIT-471803,"Rush, TWP of - EIT (471803)",MUNICIPAL
PA,TAX5484,42-097-1216927-EIT-471803,"Rush, TWP of - EIT (471803)",SCHOOL
PA,TAX5644,42-105-1216983-LST-537504,"Sharon, TWP of - LST",MUNICIPAL
PA,TAX5644,42-105-1216983-LST-537504,"Sharon, TWP of - LST",SCHOOL
PA,TAX891,42-045-1216380-LST-234103,"Concord, TWP of - LST (234103)",MUNICIPAL
PA,TAX891,42-045-1216380-LST-234103,"Concord, TWP of - LST (234103)",SCHOOL
PA,TAX4261,42-003-1215822-EIT-020753,"Ohio, TWP of - EIT",MUNICIPAL
PA,TAX4261,42-003-1215822-EIT-020753,"Ohio, TWP of - EIT",SCHOOL
PA,TAX1271,42-005-1215844-LST-030852,"East Franklin, TWP of - LST",MUNICIPAL
PA,TAX1271,42-005-1215844-LST-030852,"East Franklin, TWP of - LST",SCHOOL
PA,TAX6903,42-133-1217313-EIT-671603,"York, TWP of - EIT",MUNICIPAL
PA,TAX6903,42-133-1217313-EIT-671603,"York, TWP of - EIT",SCHOOL
PA,TAX1629,42-001-1215780-EIT-013753,"Franklin, TWP of - EIT (013753)",MUNICIPAL
PA,TAX1629,42-001-1215780-EIT-013753,"Franklin, TWP of - EIT (013753)",SCHOOL
PA,TAX782,42-069-1215317-LST-350303,"Clarks Summit, BORO of - LST",MUNICIPAL
PA,TAX782,42-069-1215317-LST-350303,"Clarks Summit, BORO of - LST",SCHOOL
PA,TAX6411,42-073-1215361-LST-375003,"Wampum, BORO of - LST (375003)",MUNICIPAL
PA,TAX6411,42-073-1215361-LST-375003,"Wampum, BORO of - LST (375003)",SCHOOL
PA,TAX2781,42-117-1217114-EIT-596003,"Lawrence, TWP of - EIT (596003)",MUNICIPAL
PA,TAX2781,42-117-1217114-EIT-596003,"Lawrence, TWP of - EIT (596003)",SCHOOL
PA,TAX1298,42-029-1216152-EIT-154003,"East Marlborough, TWP of-EIT (154003)",MUNICIPAL
PA,TAX1298,42-029-1216152-EIT-154003,"East Marlborough, TWP of-EIT (154003)",SCHOOL
PA,TAX5098,42-051-1729684-LST-262903,"Perry, TWP of - LST (262903)",MUNICIPAL
PA,TAX5098,42-051-1729684-LST-262903,"Perry, TWP of - LST (262903)",SCHOOL
PA,TAX5624,42-129-1217257-LST-658903,"Sewickley, TWP of - LST",MUNICIPAL
PA,TAX5624,42-129-1217257-LST-658903,"Sewickley, TWP of - LST",SCHOOL
PA,TAX585,42-019-1214986-EIT-107903,"Callery, BORO of - EIT",MUNICIPAL
PA,TAX585,42-019-1214986-EIT-107903,"Callery, BORO of - EIT",SCHOOL
PA,TAX5032,42-095-1215500-EIT-485603,"Pen Argyl, BORO of - EIT",MUNICIPAL
PA,TAX5032,42-095-1215500-EIT-485603,"Pen Argyl, BORO of - EIT",SCHOOL
PA,TAX3225,42-051-1216439-EIT-268003,"Menallen, TWP of - EIT (268003)",MUNICIPAL
PA,TAX3225,42-051-1216439-EIT-268003,"Menallen, TWP of - EIT (268003)",SCHOOL
PA,TAX5444,42-111-1215595-LST-566303,"Rockwood, BORO of - LST",MUNICIPAL
PA,TAX5444,42-111-1215595-LST-566303,"Rockwood, BORO of - LST",SCHOOL
PA,TAX3488,42-129-1215710-EIT-655903,"Mount Pleasant, BORO of - EIT",MUNICIPAL
PA,TAX3488,42-129-1215710-EIT-655903,"Mount Pleasant, BORO of - EIT",SCHOOL
PA,TAX5060,42-081-1216767-EIT-412003,"Penn, TWP of - EIT (412003)",MUNICIPAL
PA,TAX5060,42-081-1216767-EIT-412003,"Penn, TWP of - EIT (412003)",SCHOOL
PA,TAX6107,42-099-1216952-EIT-508003,"Toboyne, TWP of - EIT (508003)",MUNICIPAL
PA,TAX6107,42-099-1216952-EIT-508003,"Toboyne, TWP of - EIT (508003)",SCHOOL
PA,TAX3091,42-071-1216635-LST-365203,"Manor, TWP of - LST (365203)",MUNICIPAL
PA,TAX3091,42-071-1216635-LST-365203,"Manor, TWP of - LST (365203)",SCHOOL
PA,TAX1512,42-085-1216798-LST-433903,"Fairview, TWP of - LST (433903)",MUNICIPAL
PA,TAX1512,42-085-1216798-LST-433903,"Fairview, TWP of - LST (433903)",SCHOOL
PA,TAX5151,42-081-1216769-EIT-598503,"Pine, TWP of - EIT (598503)",MUNICIPAL
PA,TAX5151,42-081-1216769-EIT-598503,"Pine, TWP of - EIT (598503)",SCHOOL
PA,TAX3526,42-003-1214811-EIT-028833,"Munhall, BORO of - EIT",MUNICIPAL
PA,TAX3526,42-003-1214811-EIT-028833,"Munhall, BORO of - EIT",SCHOOL
PA,TAX235,42-071-1216612-LST-367003,"Bart, TWP of - LST",MUNICIPAL
PA,TAX235,42-071-1216612-LST-367003,"Bart, TWP of - LST",SCHOOL
PA,TAX1341,42-021-1216082-LST-111403,"East Taylor, TWP of - LST",MUNICIPAL
PA,TAX1341,42-021-1216082-LST-111403,"East Taylor, TWP of - LST",SCHOOL
PA,TAX5595,42-121-1217155-EIT-160303,"Scrubgrass, TWP of - EIT",MUNICIPAL
PA,TAX5595,42-121-1217155-EIT-160303,"Scrubgrass, TWP of - EIT",SCHOOL
PA,TAX2019,42-113-1217073-LST-576303,"Hillsgrove, TWP of - LST",MUNICIPAL
PA,TAX2019,42-113-1217073-LST-576303,"Hillsgrove, TWP of - LST",SCHOOL
PA,TAX1820,42-063-1216544-EIT-327303,"Green, TWP of - EIT (327303)",MUNICIPAL
PA,TAX1820,42-063-1216544-EIT-327303,"Green, TWP of - EIT (327303)",SCHOOL
PA,TAX3552,42-079-1215401-LST-191103,"Nescopeck, BORO of - LST",MUNICIPAL
PA,TAX3552,42-079-1215401-LST-191103,"Nescopeck, BORO of - LST",SCHOOL
PA,TAX3702,42-091-1215475-EIT-465602,"Norristown, BORO of - EIT",MUNICIPAL
PA,TAX3702,42-091-1215475-EIT-465602,"Norristown, BORO of - EIT",SCHOOL
PA,TAX225,42-065-1216555-LST-330803,"Barnett, TWP of - LST (330803)",MUNICIPAL
PA,TAX225,42-065-1216555-LST-330803,"Barnett, TWP of - LST (330803)",SCHOOL
PA,TAX257,42-109-1215574-LST-555003,"Beavertown, BORO of - LST",MUNICIPAL
PA,TAX257,42-109-1215574-LST-555003,"Beavertown, BORO of - LST",SCHOOL
PA,TAX3754,42-133-1217301-EIT-675503,"North Hopewell, TWP of - EIT",MUNICIPAL
PA,TAX3754,42-133-1217301-EIT-675503,"North Hopewell, TWP of - EIT",SCHOOL
PA,TAX1273,42-029-1216151-LST-159002,"East Goshen, TWP of - LST",MUNICIPAL
PA,TAX1273,42-029-1216151-LST-159002,"East Goshen, TWP of - LST",SCHOOL
PA,TAX1386,42-005-1214848-LST-030852,"Elderton, BORO of - LST",MUNICIPAL
PA,TAX1386,42-005-1214848-LST-030852,"Elderton, BORO of - LST",SCHOOL
PA,TAX6527,42-059-1216499-LST-301403,"Wayne, TWP of - LST (301403)",MUNICIPAL
PA,TAX6527,42-059-1216499-LST-301403,"Wayne, TWP of - LST (301403)",SCHOOL
PA,TAX6265,42-129-1217260-LST-650703,"Upper Burrell, TWP of - LST",MUNICIPAL
PA,TAX6265,42-129-1217260-LST-650703,"Upper Burrell, TWP of - LST",SCHOOL
PA,TAX1274,42-091-1215468-EIT-468603,"East Greenville, BORO of-EIT",MUNICIPAL
PA,TAX1274,42-091-1215468-EIT-468603,"East Greenville, BORO of-EIT",SCHOOL
PA,TAX6002,42-105-1216985-EIT-531304,"Summit, TWP of - EIT (531304)",MUNICIPAL
PA,TAX6002,42-105-1216985-EIT-531304,"Summit, TWP of - EIT (531304)",SCHOOL
PA,TAX5917,42-115-1217097-EIT-582503,"Springville, TWP of - EIT",MUNICIPAL
PA,TAX5917,42-115-1217097-EIT-582503,"Springville, TWP of - EIT",SCHOOL
PA,TAX663,42-037-1216276-LST-191203,"Catawissa, TWP of - LST (191203)",MUNICIPAL
PA,TAX663,42-037-1216276-LST-191203,"Catawissa, TWP of - LST (191203)",SCHOOL
PA,TAX6308,42-091-1216880-EIT-466303,"Upper Pottsgrove, TWP of-EIT",MUNICIPAL
PA,TAX6308,42-091-1216880-EIT-466303,"Upper Pottsgrove, TWP of-EIT",SCHOOL
PA,TAX6216,42-117-1217125-EIT-081003,"Union, TWP of - EIT (081003)",MUNICIPAL
PA,TAX6216,42-117-1217125-EIT-081003,"Union, TWP of - EIT (081003)",SCHOOL
PA,TAX2346,42-033-1216239-EIT-175003,"Jordan, TWP of - EIT (175003)",MUNICIPAL
PA,TAX2346,42-033-1216239-EIT-175003,"Jordan, TWP of - EIT (175003)",SCHOOL
PA,TAX5357,42-003-1215825-LST-028302,"Reserve, TWP of - LST",MUNICIPAL
PA,TAX5357,42-003-1215825-LST-028302,"Reserve, TWP of - LST",SCHOOL
PA,TAX6377,42-021-1215037-EIT-110603,"Vintondale, BORO of - EIT",MUNICIPAL
PA,TAX6377,42-021-1215037-EIT-110603,"Vintondale, BORO of - EIT",SCHOOL
PA,TAX228,42-089-1216834-EIT-455403,"Barrett, TWP of - EIT",MUNICIPAL
PA,TAX228,42-089-1216834-EIT-455403,"Barrett, TWP of - EIT",SCHOOL
PA,TAX6836,42-081-1216778-EIT-417202,"Woodward, TWP of - EIT (417202)",MUNICIPAL
PA,TAX6836,42-081-1216778-EIT-417202,"Woodward, TWP of - EIT (417202)",SCHOOL
PA,TAX2983,42-043-1216360-LST-221402,"Lower Paxton, TWP of - LST",MUNICIPAL
PA,TAX2983,42-043-1216360-LST-221402,"Lower Paxton, TWP of - LST",SCHOOL
PA,TAX2870,42-091-1216857-EIT-467303,"Limerick, TWP of - EIT",MUNICIPAL
PA,TAX2870,42-091-1216857-EIT-467303,"Limerick, TWP of - EIT",SCHOOL
PA,TAX2409,42-031-1215086-LST-166503,"Knox, BORO of - LST",MUNICIPAL
PA,TAX2409,42-031-1215086-LST-166503,"Knox, BORO of - LST",SCHOOL
PA,TAX122,42-083-1216779-EIT-426303,"Annin, TWP of - EIT",MUNICIPAL
PA,TAX122,42-083-1216779-EIT-426303,"Annin, TWP of - EIT",SCHOOL
PA,TAX5262,42-003-1214820-EIT-028653,"Port Vue, BORO of - EIT",MUNICIPAL
PA,TAX5262,42-003-1214820-EIT-028653,"Port Vue, BORO of - EIT",SCHOOL
PA,TAX5722,42-063-1215296-LST-030852,"Smicksburg, BORO of - LST",MUNICIPAL
PA,TAX5722,42-063-1215296-LST-030852,"Smicksburg, BORO of - LST",SCHOOL
PA,TAX2876,42-123-1217168-EIT-628302,"Limestone, TWP of - EIT (628302)",MUNICIPAL
PA,TAX2876,42-123-1217168-EIT-628302,"Limestone, TWP of - EIT (628302)",SCHOOL
PA,TAX1311,42-107-1216998-LST-546803,"East Norwegian, TWP of - LST",MUNICIPAL
PA,TAX1311,42-107-1216998-LST-546803,"East Norwegian, TWP of - LST",SCHOOL
PA,TAX6892,42-045-1215200-LST-239652,"Yeadon, BORO of - LST",MUNICIPAL
PA,TAX6892,42-045-1215200-LST-239652,"Yeadon, BORO of - LST",SCHOOL
PA,TAX2834,42-087-1215457-EIT-444602,"Lewistown, BORO of - EIT",MUNICIPAL
PA,TAX2834,42-087-1215457-EIT-444602,"Lewistown, BORO of - EIT",SCHOOL
PA,TAX1025,42-009-1215891-LST-051003,"Cumberland Valley, TWP of-LST",MUNICIPAL
PA,TAX1025,42-009-1215891-LST-051003,"Cumberland Valley, TWP of-LST",SCHOOL
PA,TAX5927,42-043-1215171-EIT-228003,"Steelton, BORO of - EIT",MUNICIPAL
PA,TAX5927,42-043-1215171-EIT-228003,"Steelton, BORO of - EIT",SCHOOL
PA,TAX920,42-051-1215224-LST-261302,"Connellsville, City of - LST",MUNICIPAL
PA,TAX920,42-051-1215224-LST-261302,"Connellsville, City of - LST",SCHOOL
PA,TAX2052,42-007-1215875-EIT-044103,"Hopewell, TWP of - EIT (044103)",MUNICIPAL
PA,TAX2052,42-007-1215875-EIT-044103,"Hopewell, TWP of - EIT (044103)",SCHOOL
PA,TAX6094,42-045-1216393-LST-235103,"Tinicum, TWP of - LST (235103)",MUNICIPAL
PA,TAX6094,42-045-1216393-LST-235103,"Tinicum, TWP of - LST (235103)",SCHOOL
PA,TAX5757,42-125-1217206-LST-630903,"Somerset, TWP of - LST (630903)",MUNICIPAL
PA,TAX5757,42-125-1217206-LST-630903,"Somerset, TWP of - LST (630903)",SCHOOL
PA,TAX6060,42-061-1216524-LST-317503,"Tell, TWP of - LST",MUNICIPAL
PA,TAX6060,42-061-1216524-LST-317503,"Tell, TWP of - LST",SCHOOL
PA,TAX1925,42-119-1217131-EIT-605003,"Hartley, TWP of - EIT",MUNICIPAL
PA,TAX1925,42-119-1217131-EIT-605003,"Hartley, TWP of - EIT",SCHOOL
PA,TAX5055,42-029-1216171-EIT-150503,"Penn, TWP of - EIT (150503)",MUNICIPAL
PA,TAX5055,42-029-1216171-EIT-150503,"Penn, TWP of - EIT (150503)",SCHOOL
PA,TAX2716,42-079-1215396-EIT-408852,"Laflin, BORO of - EIT",MUNICIPAL
PA,TAX2716,42-079-1215396-EIT-408852,"Laflin, BORO of - EIT",SCHOOL
PA,TAX6520,42-073-1216668-EIT-372003,"Wayne, TWP of - EIT (372003)",MUNICIPAL
PA,TAX6520,42-073-1216668-EIT-372003,"Wayne, TWP of - EIT (372003)",SCHOOL
PA,TAX6254,42-129-1217259-EIT-653102,"Unity, TWP of - EIT",MUNICIPAL
PA,TAX6254,42-129-1217259-EIT-653102,"Unity, TWP of - EIT",SCHOOL
PA,TAX1501,42-019-1214993-EIT-103603,"Fairview, BORO of - EIT",MUNICIPAL
PA,TAX1501,42-019-1214993-EIT-103603,"Fairview, BORO of - EIT",SCHOOL
PA,TAX854,42-081-1216745-LST-597003,"Cogan House, TWP of - LST",MUNICIPAL
PA,TAX854,42-081-1216745-LST-597003,"Cogan House, TWP of - LST",SCHOOL
PA,TAX273,42-009-1214895-LST-051003,"Bedford, BORO of - LST",MUNICIPAL
PA,TAX273,42-009-1214895-LST-051003,"Bedford, BORO of - LST",SCHOOL
PA,TAX6495,42-097-1215521-EIT-498003,"Watsontown, BORO of - EIT",MUNICIPAL
PA,TAX6495,42-097-1215521-EIT-498003,"Watsontown, BORO of - EIT",SCHOOL
PA,TAX5179,42-079-1216728-LST-408852,"Plains, TWP of - LST",MUNICIPAL
PA,TAX5179,42-079-1216728-LST-408852,"Plains, TWP of - LST",SCHOOL
PA,TAX5621,42-003-1214825-EIT-027753,"Sewickley Hills, BORO of-EIT",MUNICIPAL
PA,TAX5621,42-003-1214825-EIT-027753,"Sewickley Hills, BORO of-EIT",SCHOOL
PA,TAX1382,42-021-1215019-LST-112203,"Ehrenfeld, BORO of - LST",MUNICIPAL
PA,TAX1382,42-021-1215019-LST-112203,"Ehrenfeld, BORO of - LST",SCHOOL
PA,TAX6912,42-063-1216554-LST-030603,"Young, TWP of - LST (030603)",MUNICIPAL
PA,TAX6912,42-063-1216554-LST-030603,"Young, TWP of - LST (030603)",SCHOOL
PA,TAX1380,42-079-1215387-LST-409302,"Edwardsville, BORO of - LST",MUNICIPAL
PA,TAX1380,42-079-1215387-LST-409302,"Edwardsville, BORO of - LST",SCHOOL
PA,TAX3221,42-131-1217269-EIT-667503,"Mehoopany, TWP of - EIT",MUNICIPAL
PA,TAX3221,42-131-1217269-EIT-667503,"Mehoopany, TWP of - EIT",SCHOOL
PA,TAX5093,42-085-1216812-EIT-431304,"Perry, TWP of - EIT (431304)",MUNICIPAL
PA,TAX5093,42-085-1216812-EIT-431304,"Perry, TWP of - EIT (431304)",SCHOOL
PA,TAX2826,42-055-1216464-EIT-281302,"Letterkenny, TWP of - EIT",MUNICIPAL
PA,TAX2826,42-055-1216464-EIT-281302,"Letterkenny, TWP of - EIT",SCHOOL
PA,TAX6707,42-061-1216529-EIT-312804,"West, TWP of - EIT",MUNICIPAL
PA,TAX6707,42-061-1216529-EIT-312804,"West, TWP of - EIT",SCHOOL
PA,TAX1627,42-133-1215744-EIT-674603,"Franklintown, BORO of - EIT",MUNICIPAL
PA,TAX1627,42-133-1215744-EIT-674603,"Franklintown, BORO of - EIT",SCHOOL
PA,TAX1423,42-029-1216159-EIT-156703,"Elk, TWP of - EIT (156703)",MUNICIPAL
PA,TAX1423,42-029-1216159-EIT-156703,"Elk, TWP of - EIT (156703)",SCHOOL
PA,TAX2387,42-003-1215812-LST-020753,"Kilbuck, TWP of - LST",MUNICIPAL
PA,TAX2387,42-003-1215812-LST-020753,"Kilbuck, TWP of - LST",SCHOOL
PA,TAX2107,42-013-1215963-LST-077503,"Huston, TWP of - LST (077503)",MUNICIPAL
PA,TAX2107,42-013-1215963-LST-077503,"Huston, TWP of - LST (077503)",SCHOOL
PA,TAX1049,42-093-1215487-LST-471803,"Danville, BORO of - LST",MUNICIPAL
PA,TAX1049,42-093-1215487-LST-471803,"Danville, BORO of - LST",SCHOOL
PA,TAX3395,42-015-1214953-EIT-086503,"Monroe, BORO of - EIT",MUNICIPAL
PA,TAX3395,42-015-1214953-EIT-086503,"Monroe, BORO of - EIT",SCHOOL
PA,TAX785,42-125-1215658-EIT-633903,"Claysville, BORO of - EIT",MUNICIPAL
PA,TAX785,42-125-1215658-EIT-633903,"Claysville, BORO of - EIT",SCHOOL
PA,TAX6073,42-003-1214830-EIT-026303,"Thornburg, BORO of - EIT",MUNICIPAL
PA,TAX6073,42-003-1214830-EIT-026303,"Thornburg, BORO of - EIT",SCHOOL
PA,TAX534,42-019-1216043-LST-033053,"Buffalo, TWP of - LST (033053)",MUNICIPAL
PA,TAX534,42-019-1216043-LST-033053,"Buffalo, TWP of - LST (033053)",SCHOOL
PA,TAX5002,42-005-1214856-EIT-160303,"Parker, City of - EIT",MUNICIPAL
PA,TAX5002,42-005-1214856-EIT-160303,"Parker, City of - EIT",SCHOOL
PA,TAX2281,42-085-1215443-LST-433604,"Jamestown, BORO of - LST",MUNICIPAL
PA,TAX2281,42-085-1215443-LST-433604,"Jamestown, BORO of - LST",SCHOOL
PA,TAX6400,42-033-1215111-LST-177003,"Wallaceton, BORO of - LST",MUNICIPAL
PA,TAX6400,42-033-1215111-LST-177003,"Wallaceton, BORO of - LST",SCHOOL
PA,TAX3097,42-061-1215271-EIT-316003,"Mapleton, BORO of - EIT",MUNICIPAL
PA,TAX3097,42-061-1215271-EIT-316003,"Mapleton, BORO of - EIT",SCHOOL
PA,TAX5699,42-017-1214980-EIT-098103,"Silverdale, BORO of - EIT",MUNICIPAL
PA,TAX5699,42-017-1214980-EIT-098103,"Silverdale, BORO of - EIT",SCHOOL
PA,TAX5054,42-027-1216134-EIT-147003,"Penn, TWP of - EIT (147003)",MUNICIPAL
PA,TAX5054,42-027-1216134-EIT-147003,"Penn, TWP of - EIT (147003)",SCHOOL
PA,TAX5268,42-091-1215478-EIT-466403,"Pottstown, BORO of - EIT",MUNICIPAL
PA,TAX5268,42-091-1215478-EIT-466403,"Pottstown, BORO of - EIT",SCHOOL
PA,TAX1677,42-095-1215494-EIT-481002,"Freemansburg, BORO of - EIT",MUNICIPAL
PA,TAX1677,42-095-1215494-EIT-481002,"Freemansburg, BORO of - EIT",SCHOOL
PA,TAX3145,42-093-1216893-LST-471803,"Mayberry, TWP of - LST",MUNICIPAL
PA,TAX3145,42-093-1216893-LST-471803,"Mayberry, TWP of - LST",SCHOOL
PA,TAX2405,42-005-1215848-LST-030852,"Kittanning, TWP of - LST",MUNICIPAL
PA,TAX2405,42-005-1215848-LST-030852,"Kittanning, TWP of - LST",SCHOOL
PA,TAX1858,42-027-1216126-LST-148002,"Halfmoon, TWP of - LST",MUNICIPAL
PA,TAX1858,42-027-1216126-LST-148002,"Halfmoon, TWP of - LST",SCHOOL
PA,TAX3726,42-005-1215852-EIT-030852,"North Buffalo, TWP of - EIT",MUNICIPAL
PA,TAX3726,42-005-1215852-EIT-030852,"North Buffalo, TWP of - EIT",SCHOOL
PA,TAX5375,42-003-1215826-LST-021003,"Richland, TWP of - LST (021003)",MUNICIPAL
PA,TAX5375,42-003-1215826-LST-021003,"Richland, TWP of - LST (021003)",SCHOOL
PA,TAX1939,42-031-1215085-EIT-168003,"Hawthorn, BORO of - EIT",MUNICIPAL
PA,TAX1939,42-031-1215085-EIT-168003,"Hawthorn, BORO of - EIT",SCHOOL
PA,TAX863,42-011-1215920-EIT-060753,"Colebrookdale, TWP of - EIT",MUNICIPAL
PA,TAX863,42-011-1215920-EIT-060753,"Colebrookdale, TWP of - EIT",SCHOOL
PA,TAX1739,42-033-1216234-EIT-171003,"Girard, TWP of - EIT (171003)",MUNICIPAL
PA,TAX1739,42-033-1216234-EIT-171003,"Girard, TWP of - EIT (171003)",SCHOOL
PA,TAX3264,42-019-1214998-EIT-105003,"Middlesex, TWP of - EIT (105003)",MUNICIPAL
PA,TAX3264,42-019-1214998-EIT-105003,"Middlesex, TWP of - EIT (105003)",SCHOOL
PA,TAX1437,42-007-1214872-LST-372003,"Ellwood City, BORO of - LST (372003)",MUNICIPAL
PA,TAX1437,42-007-1214872-LST-372003,"Ellwood City, BORO of - LST (372003)",SCHOOL
PA,TAX2744,42-017-1214969-EIT-097502,"Langhorne Manor, BORO of-EIT",MUNICIPAL
PA,TAX2744,42-017-1214969-EIT-097502,"Langhorne Manor, BORO of-EIT",SCHOOL
PA,TAX1317,42-041-1216333-LST-212503,"East Pennsboro, TWP of - LST",MUNICIPAL
PA,TAX1317,42-041-1216333-LST-212503,"East Pennsboro, TWP of - LST",SCHOOL
PA,TAX1083,42-123-1217161-EIT-628302,"Deerfield, TWP of - EIT (628302)",MUNICIPAL
PA,TAX1083,42-123-1217161-EIT-628302,"Deerfield, TWP of - EIT (628302)",SCHOOL
PA,TAX5696,42-081-1216772-LST-412003,"Shrewsbury, TWP of - LST (412003)",MUNICIPAL
PA,TAX5696,42-081-1216772-LST-412003,"Shrewsbury, TWP of - LST (412003)",SCHOOL
PA,TAX5815,42-063-1216549-EIT-325203,"South Mahoning, TWP of - EIT",MUNICIPAL
PA,TAX5815,42-063-1216549-EIT-325203,"South Mahoning, TWP of - EIT",SCHOOL
PA,TAX5382,42-117-1217120-EIT-597003,"Richmond, TWP of - EIT (597003)",MUNICIPAL
PA,TAX5382,42-117-1217120-EIT-597003,"Richmond, TWP of - EIT (597003)",SCHOOL
PA,TAX1836,42-039-1216306-LST-201033,"Greenwood, TWP of - LST (201033)",MUNICIPAL
PA,TAX1836,42-039-1216306-LST-201033,"Greenwood, TWP of - LST (201033)",SCHOOL
PA,TAX1180,42-033-1213958-EIT-172003,"Dubois, City of - EIT",MUNICIPAL
PA,TAX1180,42-033-1213958-EIT-172003,"Dubois, City of - EIT",SCHOOL
PA,TAX6567,42-107-1217024-EIT-540803,"West Brunswick, TWP of - EIT",MUNICIPAL
PA,TAX6567,42-107-1217024-EIT-540803,"West Brunswick, TWP of - EIT",SCHOOL
PA,TAX5756,42-111-1217062-LST-567703,"Somerset, TWP of - LST (567703)",MUNICIPAL
PA,TAX5756,42-111-1217062-LST-567703,"Somerset, TWP of - LST (567703)",SCHOOL
PA,TAX2315,42-125-1217196-LST-631203,"Jefferson, TWP of - LST (631203)",MUNICIPAL
PA,TAX2315,42-125-1217196-LST-631203,"Jefferson, TWP of - LST (631203)",SCHOOL
PA,TAX5922,42-067-1216586-LST-343603,"Spruce Hill, TWP of - LST",MUNICIPAL
PA,TAX5922,42-067-1216586-LST-343603,"Spruce Hill, TWP of - LST",SCHOOL
PA,TAX3580,42-031-1215087-LST-168003,"New Bethlehem, BORO of - LST",MUNICIPAL
PA,TAX3580,42-031-1215087-LST-168003,"New Bethlehem, BORO of - LST",SCHOOL
PA,TAX5997,42-025-1215051-EIT-136603,"Summit Hill, BORO of - EIT",MUNICIPAL
PA,TAX5997,42-025-1215051-EIT-136603,"Summit Hill, BORO of - EIT",SCHOOL
PA,TAX3054,42-073-1216656-EIT-375003,"Mahoning, TWP of - EIT (375003)",MUNICIPAL
PA,TAX3054,42-073-1216656-EIT-375003,"Mahoning, TWP of - EIT (375003)",SCHOOL
PA,TAX1907,42-007-1214878-EIT-040703,"Harmony, TWP of - EIT (040703)",MUNICIPAL
PA,TAX1907,42-007-1214878-EIT-040703,"Harmony, TWP of - EIT (040703)",SCHOOL
PA,TAX6786,42-021-1215039-EIT-112203,"Wilmore, BORO of - EIT",MUNICIPAL
PA,TAX6786,42-021-1215039-EIT-112203,"Wilmore, BORO of - EIT",SCHOOL
PA,TAX3501,42-129-1217242-LST-655903,"Mount Pleasant, TWP of - LST (655903)",MUNICIPAL
PA,TAX3501,42-129-1217242-LST-655903,"Mount Pleasant, TWP of - LST (655903)",SCHOOL
PA,TAX1007,42-021-1216079-LST-116003,"Cresson, TWP of - LST",MUNICIPAL
PA,TAX1007,42-021-1216079-LST-116003,"Cresson, TWP of - LST",SCHOOL
PA,TAX83,42-125-1215650-LST-631503,"Allenport, BORO of - LST",MUNICIPAL
PA,TAX83,42-125-1215650-LST-631503,"Allenport, BORO of - LST",SCHOOL
PA,TAX5811,42-075-1216682-EIT-381303,"South Lebanon, TWP of - EIT",MUNICIPAL
PA,TAX5811,42-075-1216682-EIT-381303,"South Lebanon, TWP of - EIT",SCHOOL
PA,TAX5303,42-071-1215348-EIT-367003,"Quarryville, BORO of - EIT",MUNICIPAL
PA,TAX5303,42-071-1215348-EIT-367003,"Quarryville, BORO of - EIT",SCHOOL
PA,TAX5378,42-121-1217153-LST-160303,"Richland, TWP of - LST (160303)",MUNICIPAL
PA,TAX5378,42-121-1217153-LST-160303,"Richland, TWP of - LST (160303)",SCHOOL
PA,TAX1213,42-113-1215603-LST-576303,"Dushore, BORO of - LST",MUNICIPAL
PA,TAX1213,42-113-1215603-LST-576303,"Dushore, BORO of - LST",SCHOOL
PA,TAX5088,42-031-1216216-EIT-160303,"Perry, TWP of - EIT (160303)",MUNICIPAL
PA,TAX5088,42-031-1216216-EIT-160303,"Perry, TWP of - EIT (160303)",SCHOOL
PA,TAX1410,42-071-1216628-EIT-369003,"Elizabeth, TWP of - EIT (369003)",MUNICIPAL
PA,TAX1410,42-071-1216628-EIT-369003,"Elizabeth, TWP of - EIT (369003)",SCHOOL
PA,TAX5565,42-019-1215002-LST-107803,"Saxonburg, BORO of - LST",MUNICIPAL
PA,TAX5565,42-019-1215002-LST-107803,"Saxonburg, BORO of - LST",SCHOOL
PA,TAX6293,42-091-1216878-LST-468402,"Upper Merion, TWP of - LST",MUNICIPAL
PA,TAX6293,42-091-1216878-LST-468402,"Upper Merion, TWP of - LST",SCHOOL
PA,TAX6727,42-099-1216956-EIT-506003,"Wheatfield, TWP of - EIT",MUNICIPAL
PA,TAX6727,42-099-1216956-EIT-506003,"Wheatfield, TWP of - EIT",SCHOOL
PA,TAX3572,42-073-1215355-LST-375003,"New Beaver, BORO of - LST",MUNICIPAL
PA,TAX3572,42-073-1215355-LST-375003,"New Beaver, BORO of - LST",SCHOOL
PA,TAX1976,42-037-1729682-EIT-191203,"Hemlock, TWP of - EIT",MUNICIPAL
PA,TAX1976,42-037-1729682-EIT-191203,"Hemlock, TWP of - EIT",SCHOOL
PA,TAX1472,42-009-1214897-LST-053003,"Everett, BORO of - LST",MUNICIPAL
PA,TAX1472,42-009-1214897-LST-053003,"Everett, BORO of - LST",SCHOOL
PA,TAX6317,42-091-1215485-LST-467103,"Upper Salford, TWP of - LST",MUNICIPAL
PA,TAX6317,42-091-1215485-LST-467103,"Upper Salford, TWP of - LST",SCHOOL
PA,TAX1489,42-001-1214757-EIT-013054,"Fairfield, BORO of - EIT",MUNICIPAL
PA,TAX1489,42-001-1214757-EIT-013054,"Fairfield, BORO of - EIT",SCHOOL
PA,TAX791,42-061-1216505-LST-317503,"Clay, TWP of - LST (317503)",MUNICIPAL
PA,TAX791,42-061-1216505-LST-317503,"Clay, TWP of - LST (317503)",SCHOOL
PA,TAX1365,42-007-1214871-EIT-040703,"Economy, BORO of - EIT",MUNICIPAL
PA,TAX1365,42-007-1214871-EIT-040703,"Economy, BORO of - EIT",SCHOOL
PA,TAX463,42-071-1216613-EIT-362303,"Brecknock, TWP of - EIT (362303)",MUNICIPAL
PA,TAX463,42-071-1216613-EIT-362303,"Brecknock, TWP of - EIT (362303)",SCHOOL
PA,TAX2992,42-017-1216021-EIT-097502,"Lower Southampton, TWP of-EIT",MUNICIPAL
PA,TAX2992,42-017-1216021-EIT-097502,"Lower Southampton, TWP of-EIT",SCHOOL
PA,TAX5782,42-037-1216294-EIT-191503,"South Centre, TWP of - EIT",MUNICIPAL
PA,TAX5782,42-037-1216294-EIT-191503,"South Centre, TWP of - EIT",SCHOOL
PA,TAX324,42-111-1215582-EIT-561003,"Berlin, BORO of - EIT",MUNICIPAL
PA,TAX324,42-111-1215582-EIT-561003,"Berlin, BORO of - EIT",SCHOOL
PA,TAX5214,42-029-1216173-EIT-158503,"Pocopson, TWP of - EIT",MUNICIPAL
PA,TAX5214,42-029-1216173-EIT-158503,"Pocopson, TWP of - EIT",SCHOOL
PA,TAX3324,42-061-1215273-LST-312503,"Mill Creek, BORO of - LST",MUNICIPAL
PA,TAX3324,42-061-1215273-LST-312503,"Mill Creek, BORO of - LST",SCHOOL
PA,TAX6444,42-011-1215955-EIT-060753,"Washington, TWP of - EIT (060753)",MUNICIPAL
PA,TAX6444,42-011-1215955-EIT-060753,"Washington, TWP of - EIT (060753)",SCHOOL
PA,TAX1789,42-007-1215873-EIT-047404,"Greene, TWP of - EIT (047404)",MUNICIPAL
PA,TAX1789,42-007-1215873-EIT-047404,"Greene, TWP of - EIT (047404)",SCHOOL
PA,TAX2909,42-035-1215116-LST-183602,"Lock Haven, City of - LST",MUNICIPAL
PA,TAX2909,42-035-1215116-LST-183602,"Lock Haven, City of - LST",SCHOOL
PA,TAX1042,42-133-1215737-EIT-671603,"Dallastown, BORO of - EIT",MUNICIPAL
PA,TAX1042,42-133-1215737-EIT-671603,"Dallastown, BORO of - EIT",SCHOOL
PA,TAX5494,42-115-1217095-LST-582503,"Rush, TWP of - LST (582503)",MUNICIPAL
PA,TAX5494,42-115-1217095-LST-582503,"Rush, TWP of - LST (582503)",SCHOOL
PA,TAX3750,42-125-1217200-EIT-638003,"North Franklin, TWP of - EIT",MUNICIPAL
PA,TAX3750,42-125-1217200-EIT-638003,"North Franklin, TWP of - EIT",SCHOOL
PA,TAX5142,42-107-1217011-LST-546003,"Pine Grove, TWP of - LST (546003)",MUNICIPAL
PA,TAX5142,42-107-1217011-LST-546003,"Pine Grove, TWP of - LST (546003)",SCHOOL
PA,TAX2905,42-099-1215526-LST-503004,"Liverpool, BORO of - LST",MUNICIPAL
PA,TAX2905,42-099-1215526-LST-503004,"Liverpool, BORO of - LST",SCHOOL
PA,TAX2022,42-017-1216019-LST-098103,"Hilltown, TWP of - LST (098103)",MUNICIPAL
PA,TAX2022,42-017-1216019-LST-098103,"Hilltown, TWP of - LST (098103)",SCHOOL
PA,TAX411,42-107-1216992-LST-546803,"Blythe, TWP of - LST",MUNICIPAL
PA,TAX411,42-107-1216992-LST-546803,"Blythe, TWP of - LST",SCHOOL
PA,TAX1038,42-021-1215016-EIT-112003,"Dale, BORO of - EIT",MUNICIPAL
PA,TAX1038,42-021-1215016-EIT-112003,"Dale, BORO of - EIT",SCHOOL
PA,TAX1280,42-071-1216625-EIT-363103,"East Hempfield, TWP of - EIT",MUNICIPAL
PA,TAX1280,42-071-1216625-EIT-363103,"East Hempfield, TWP of - EIT",SCHOOL
PA,TAX6448,42-043-1216371-EIT-229003,"Washington, TWP of - EIT (229003)",MUNICIPAL
PA,TAX6448,42-043-1216371-EIT-229003,"Washington, TWP of - EIT (229003)",SCHOOL
PA,TAX1347,42-007-1214870-EIT-041503,"Eastvale, BORO of - EIT",MUNICIPAL
PA,TAX1347,42-007-1214870-EIT-041503,"Eastvale, BORO of - EIT",SCHOOL
PA,TAX3226,42-001-1215789-LST-018523,"Menallen, TWP of - LST (018523)",MUNICIPAL
PA,TAX3226,42-001-1215789-LST-018523,"Menallen, TWP of - LST (018523)",SCHOOL
PA,TAX6498,42-123-1217180-EIT-628302,"Watson, TWP of - EIT (628302)",MUNICIPAL
PA,TAX6498,42-123-1217180-EIT-628302,"Watson, TWP of - EIT (628302)",SCHOOL
PA,TAX199,42-057-1216474-EIT-291304,"Ayr, TWP of - EIT",MUNICIPAL
PA,TAX199,42-057-1216474-EIT-291304,"Ayr, TWP of - EIT",SCHOOL
PA,TAX1931,42-091-1215470-EIT-463603,"Hatboro, BORO of - EIT",MUNICIPAL
PA,TAX1931,42-091-1215470-EIT-463603,"Hatboro, BORO of - EIT",SCHOOL
PA,TAX5831,42-035-1215120-EIT-183602,"South Renovo, BORO of - EIT",MUNICIPAL
PA,TAX5831,42-035-1215120-EIT-183602,"South Renovo, BORO of - EIT",SCHOOL
PA,TAX5379,42-031-1216218-LST-160303,"Richland, TWP of - LST (160303)",MUNICIPAL
PA,TAX5379,42-031-1216218-LST-160303,"Richland, TWP of - LST (160303)",SCHOOL
PA,TAX5967,42-089-1215462-EIT-456003,"Stroudsburg, BORO of - EIT",MUNICIPAL
PA,TAX5967,42-089-1215462-EIT-456003,"Stroudsburg, BORO of - EIT",SCHOOL
PA,TAX2775,42-079-1215398-LST-408852,"Laurel Run, BORO of - LST",MUNICIPAL
PA,TAX2775,42-079-1215398-LST-408852,"Laurel Run, BORO of - LST",SCHOOL
PA,TAX3434,42-095-1216906-LST-484903,"Moore, TWP of - LST",MUNICIPAL
PA,TAX3434,42-095-1216906-LST-484903,"Moore, TWP of - LST",SCHOOL
PA,TAX1934,42-091-1215471-LST-465702,"Hatfield, BORO of - LST",MUNICIPAL
PA,TAX1934,42-091-1215471-LST-465702,"Hatfield, BORO of - LST",SCHOOL
PA,TAX3549,42-117-1217118-EIT-596003,"Nelson, TWP of - EIT",MUNICIPAL
PA,TAX3549,42-117-1217118-EIT-596003,"Nelson, TWP of - EIT",SCHOOL
PA,TAX2811,42-103-1216961-LST-452003,"Lehman, TWP of - LST (452003)",MUNICIPAL
PA,TAX2811,42-103-1216961-LST-452003,"Lehman, TWP of - LST (452003)",SCHOOL
PA,TAX6542,42-057-1216483-EIT-292304,"Wells, TWP of - EIT (292304)",MUNICIPAL
PA,TAX6542,42-057-1216483-EIT-292304,"Wells, TWP of - EIT (292304)",SCHOOL
PA,TAX3393,42-059-1216494-EIT-306503,"Monongahela, TWP of - EIT",MUNICIPAL
PA,TAX3393,42-059-1216494-EIT-306503,"Monongahela, TWP of - EIT",SCHOOL
PA,TAX2334,42-025-1215045-EIT-135003,"Jim Thorpe, BORO of - EIT",MUNICIPAL
PA,TAX2334,42-025-1215045-EIT-135003,"Jim Thorpe, BORO of - EIT",SCHOOL
PA,TAX5779,42-005-1215860-LST-033053,"South Buffalo, TWP of - LST",MUNICIPAL
PA,TAX5779,42-005-1215860-LST-033053,"South Buffalo, TWP of - LST",SCHOOL
PA,TAX1082,42-117-1217105-EIT-596003,"Deerfield, TWP of - EIT (596003)",MUNICIPAL
PA,TAX1082,42-117-1217105-EIT-596003,"Deerfield, TWP of - EIT (596003)",SCHOOL
PA,TAX3235,42-055-1215245-LST-286003,"Mercersburg, BORO of - LST",MUNICIPAL
PA,TAX3235,42-055-1215245-LST-286003,"Mercersburg, BORO of - LST",SCHOOL
PA,TAX1240,42-029-1216148-EIT-152003,"East Caln, TWP of - EIT",MUNICIPAL
PA,TAX1240,42-029-1216148-EIT-152003,"East Caln, TWP of - EIT",SCHOOL
PA,TAX153,42-129-1215691-EIT-656303,"Arnold, City of - EIT",MUNICIPAL
PA,TAX153,42-129-1215691-EIT-656303,"Arnold, City of - EIT",SCHOOL
PA,TAX278,42-035-1215114-EIT-183602,"Beech Creek, BORO of - EIT",MUNICIPAL
PA,TAX278,42-035-1215114-EIT-183602,"Beech Creek, BORO of - EIT",SCHOOL
PA,TAX3110,42-011-1215934-EIT-061103,"Marion, TWP of - EIT (061103)",MUNICIPAL
PA,TAX3110,42-011-1215934-EIT-061103,"Marion, TWP of - EIT (061103)",SCHOOL
PA,TAX6185,42-099-1216953-LST-503004,"Tuscarora, TWP of - LST (503004)",MUNICIPAL
PA,TAX6185,42-099-1216953-LST-503004,"Tuscarora, TWP of - LST (503004)",SCHOOL
PA,TAX6084,42-069-1215330-LST-355503,"Throop, BORO of - LST",MUNICIPAL
PA,TAX6084,42-069-1215330-LST-355503,"Throop, BORO of - LST",SCHOOL
PA,TAX814,42-131-1217263-EIT-665003,"Clinton, TWP of - EIT (665003)",MUNICIPAL
PA,TAX814,42-131-1217263-EIT-665003,"Clinton, TWP of - EIT (665003)",SCHOOL
PA,TAX3717,42-073-1216658-LST-375003,"North Beaver, TWP of - LST",MUNICIPAL
PA,TAX3717,42-073-1216658-LST-375003,"North Beaver, TWP of - LST",SCHOOL
PA,TAX6613,42-005-1215865-EIT-030852,"West Franklin, TWP of - EIT",MUNICIPAL
PA,TAX6613,42-005-1215865-EIT-030852,"West Franklin, TWP of - EIT",SCHOOL
PA,TAX397,42-039-1216298-EIT-259103,"Bloomfield, TWP of - EIT (259103)",MUNICIPAL
PA,TAX397,42-039-1216298-EIT-259103,"Bloomfield, TWP of - EIT (259103)",SCHOOL
PA,TAX3270,42-021-1216089-EIT-112003,"Middle Taylor, TWP of - EIT",MUNICIPAL
PA,TAX3270,42-021-1216089-EIT-112003,"Middle Taylor, TWP of - EIT",SCHOOL
PA,TAX796,42-021-1216077-EIT-111203,"Clearfield, TWP of - EIT (111203)",MUNICIPAL
PA,TAX796,42-021-1216077-EIT-111203,"Clearfield, TWP of - EIT (111203)",SCHOOL
PA,TAX5094,42-109-1217036-EIT-555003,"Perry, TWP of - EIT (555003)",MUNICIPAL
PA,TAX5094,42-109-1217036-EIT-555003,"Perry, TWP of - EIT (555003)",SCHOOL
PA,TAX6910,42-063-1216554-EIT-321103,"Young, TWP of - EIT (321103)",MUNICIPAL
PA,TAX6910,42-063-1216554-EIT-321103,"Young, TWP of - EIT (321103)",SCHOOL
PA,TAX6168,42-021-1217320-EIT-116003,"Tunnelhill, BORO of - EIT (116003)",MUNICIPAL
PA,TAX6168,42-021-1217320-EIT-116003,"Tunnelhill, BORO of - EIT (116003)",SCHOOL
PA,TAX1989,42-081-1216751-LST-417202,"Hepburn, TWP of - LST",MUNICIPAL
PA,TAX1989,42-081-1216751-LST-417202,"Hepburn, TWP of - LST",SCHOOL
PA,TAX3466,42-075-1215366-EIT-381303,"Mount Gretna, BORO of - EIT",MUNICIPAL
PA,TAX3466,42-075-1215366-EIT-381303,"Mount Gretna, BORO of - EIT",SCHOOL
PA,TAX704,42-017-1214963-LST-092102,"Chalfont, BORO of - LST",MUNICIPAL
PA,TAX704,42-017-1214963-LST-092102,"Chalfont, BORO of - LST",SCHOOL
PA,TAX2263,42-037-1216282-LST-191004,"Jackson, TWP of - LST (191004)",MUNICIPAL
PA,TAX2263,42-037-1216282-LST-191004,"Jackson, TWP of - LST (191004)",SCHOOL
PA,TAX1368,42-045-1215182-LST-237702,"Eddystone, BORO of - LST",MUNICIPAL
PA,TAX1368,42-045-1215182-LST-237702,"Eddystone, BORO of - LST",SCHOOL
PA,TAX3654,42-007-1215879-LST-042853,"New Sewickley, TWP of - LST",MUNICIPAL
PA,TAX3654,42-007-1215879-LST-042853,"New Sewickley, TWP of - LST",SCHOOL
PA,TAX3615,42-029-1216184-EIT-154003,"New Garden, TWP of - EIT",MUNICIPAL
PA,TAX3615,42-029-1216184-EIT-154003,"New Garden, TWP of - EIT",SCHOOL
PA,TAX5583,42-129-1215720-EIT-657503,"Scottdale, BORO of - EIT",MUNICIPAL
PA,TAX5583,42-129-1215720-EIT-657503,"Scottdale, BORO of - EIT",SCHOOL
PA,TAX2805,42-025-1216112-LST-139004,"Lehigh, TWP of - LST (139004)",MUNICIPAL
PA,TAX2805,42-025-1216112-LST-139004,"Lehigh, TWP of - LST (139004)",SCHOOL
PA,TAX1860,42-043-1215161-LST-222504,"Halifax, BORO of - LST",MUNICIPAL
PA,TAX1860,42-043-1215161-LST-222504,"Halifax, BORO of - LST",SCHOOL
PA,TAX2154,42-007-1214881-EIT-049303,"Industry, BORO of - EIT",MUNICIPAL
PA,TAX2154,42-007-1214881-EIT-049303,"Industry, BORO of - EIT",SCHOOL
PA,TAX3589,42-099-1215529-EIT-506003,"New Buffalo, BORO of - EIT",MUNICIPAL
PA,TAX3589,42-099-1215529-EIT-506003,"New Buffalo, BORO of - EIT",SCHOOL
PA,TAX2785,42-117-1215623-LST-596003,"Lawrenceville, BORO of - LST",MUNICIPAL
PA,TAX2785,42-117-1215623-LST-596003,"Lawrenceville, BORO of - LST",SCHOOL
PA,TAX1701,42-081-1216750-EIT-415103,"Gamble, TWP of - EIT",MUNICIPAL
PA,TAX1701,42-081-1216750-EIT-415103,"Gamble, TWP of - EIT",SCHOOL
PA,TAX3737,42-075-1216678-LST-381303,"North Cornwall, TWP of - LST",MUNICIPAL
PA,TAX3737,42-075-1216678-LST-381303,"North Cornwall, TWP of - LST",SCHOOL
PA,TAX2348,42-097-1216918-EIT-493503,"Jordan, TWP of - EIT (493503)",MUNICIPAL
PA,TAX2348,42-097-1216918-EIT-493503,"Jordan, TWP of - EIT (493503)",SCHOOL
PA,TAX813,42-127-1217216-EIT-648903,"Clinton, TWP of - EIT (648903)",MUNICIPAL
PA,TAX813,42-127-1217216-EIT-648903,"Clinton, TWP of - EIT (648903)",SCHOOL
PA,TAX5655,42-107-1215570-EIT-547203,"Shenandoah, BORO of - EIT",MUNICIPAL
PA,TAX5655,42-107-1215570-EIT-547203,"Shenandoah, BORO of - EIT",SCHOOL
PA,TAX1405,42-003-1214793-EIT-023153,"Elizabeth, BORO of - EIT",MUNICIPAL
PA,TAX1405,42-003-1214793-EIT-023153,"Elizabeth, BORO of - EIT",SCHOOL
PA,TAX511,42-051-1215223-LST-260803,"Brownsville, BORO of - LST",MUNICIPAL
PA,TAX511,42-051-1215223-LST-260803,"Brownsville, BORO of - LST",SCHOOL
PA,TAX6209,42-049-1215218-LST-259103,"Union City, BORO of - LST",MUNICIPAL
PA,TAX6209,42-049-1215218-LST-259103,"Union City, BORO of - LST",SCHOOL
PA,TAX5195,42-003-1217440-LST-027503,"Plum, BORO of - LST",MUNICIPAL
PA,TAX5195,42-003-1217440-LST-027503,"Plum, BORO of - LST",SCHOOL
PA,TAX486,42-017-1214962-EIT-091303,"Bristol, BORO of - EIT",MUNICIPAL
PA,TAX486,42-017-1214962-EIT-091303,"Bristol, BORO of - EIT",SCHOOL
PA,TAX6845,42-005-1214860-LST-030852,"Worthington, BORO of - LST",MUNICIPAL
PA,TAX6845,42-005-1214860-LST-030852,"Worthington, BORO of - LST",SCHOOL
PA,TAX6166,42-089-1216849-LST-455403,"Tunkhannock, TWP of - LST (455403)",MUNICIPAL
PA,TAX6166,42-089-1216849-LST-455403,"Tunkhannock, TWP of - LST (455403)",SCHOOL
PA,TAX5983,42-037-1216295-LST-191004,"Sugarloaf, TWP of - LST (191004)",MUNICIPAL
PA,TAX5983,42-037-1216295-LST-191004,"Sugarloaf, TWP of - LST (191004)",SCHOOL
PA,TAX5229,42-023-1216105-EIT-122703,"Portage, TWP of - EIT (122703)",MUNICIPAL
PA,TAX5229,42-023-1216105-EIT-122703,"Portage, TWP of - EIT (122703)",SCHOOL
PA,TAX5579,42-029-1216175-LST-157203,"Schuylkill, TWP of - LST (157203)",MUNICIPAL
PA,TAX5579,42-029-1216175-LST-157203,"Schuylkill, TWP of - LST (157203)",SCHOOL
PA,TAX6703,42-021-1216100-EIT-112502,"West Taylor, TWP of - EIT",MUNICIPAL
PA,TAX6703,42-021-1216100-EIT-112502,"West Taylor, TWP of - EIT",SCHOOL
PA,TAX3276,42-115-1217247-EIT-582503,"Middletown, TWP of - EIT (582503)",MUNICIPAL
PA,TAX3276,42-115-1217247-EIT-582503,"Middletown, TWP of - EIT (582503)",SCHOOL
PA,TAX1291,42-071-1216626-LST-361703,"East Lampeter, TWP of - LST",MUNICIPAL
PA,TAX1291,42-071-1216626-LST-361703,"East Lampeter, TWP of - LST",SCHOOL
PA,TAX2890,42-039-1215137-EIT-201033,"Linesville, BORO of - EIT",MUNICIPAL
PA,TAX2890,42-039-1215137-EIT-201033,"Linesville, BORO of - EIT",SCHOOL
PA,TAX1445,42-077-1215376-EIT-392303,"Emmaus, BORO of - EIT",MUNICIPAL
PA,TAX1445,42-077-1215376-EIT-392303,"Emmaus, BORO of - EIT",SCHOOL
PA,TAX5758,42-091-1215483-EIT-467103,"Souderton, BORO of - EIT",MUNICIPAL
PA,TAX5758,42-091-1215483-EIT-467103,"Souderton, BORO of - EIT",SCHOOL
PA,TAX1156,42-133-1215740-EIT-671803,"Dover, BORO of - EIT",MUNICIPAL
PA,TAX1156,42-133-1215740-EIT-671803,"Dover, BORO of - EIT",SCHOOL
PA,TAX4956,42-117-1729683-LST-596003,"Osceola, TWP of - LST",MUNICIPAL
PA,TAX4956,42-117-1729683-LST-596003,"Osceola, TWP of - LST",SCHOOL
PA,TAX6213,42-051-1215239-LST-268003,"Uniontown, City of - LST",MUNICIPAL
PA,TAX6213,42-051-1215239-LST-268003,"Uniontown, City of - LST",SCHOOL
PA,TAX6070,42-067-1215312-LST-343603,"Thompsontown, BORO of - LST",MUNICIPAL
PA,TAX6070,42-067-1215312-LST-343603,"Thompsontown, BORO of - LST",SCHOOL
PA,TAX3790,42-091-1215476-EIT-465702,"North Wales, BORO of - EIT",MUNICIPAL
PA,TAX3790,42-091-1215476-EIT-465702,"North Wales, BORO of - EIT",SCHOOL
PA,TAX2383,42-025-1216110-EIT-139004,"Kidder, TWP of - EIT (139004)",MUNICIPAL
PA,TAX2383,42-025-1216110-EIT-139004,"Kidder, TWP of - EIT (139004)",SCHOOL
PA,TAX1539,42-003-1215803-LST-024753,"Fawn, TWP of - LST (024753)",MUNICIPAL
PA,TAX1539,42-003-1215803-LST-024753,"Fawn, TWP of - LST (024753)",SCHOOL
PA,TAX6145,42-107-1217018-LST-546003,"Tremont, TWP of - LST",MUNICIPAL
PA,TAX6145,42-107-1217018-LST-546003,"Tremont, TWP of - LST",SCHOOL
PA,TAX6357,42-007-1214892-EIT-041203,"Vanport, TWP of - EIT",MUNICIPAL
PA,TAX6357,42-007-1214892-EIT-041203,"Vanport, TWP of - EIT",SCHOOL
PA,TAX5389,42-047-1215202-LST-246003,"Ridgway, BORO of - LST",MUNICIPAL
PA,TAX5389,42-047-1215202-LST-246003,"Ridgway, BORO of - LST",SCHOOL
PA,TAX883,42-123-1217160-EIT-251453,"Columbus, TWP of - EIT",MUNICIPAL
PA,TAX883,42-123-1217160-EIT-251453,"Columbus, TWP of - EIT",SCHOOL
PA,TAX3390,42-129-1215709-LST-655803,"Monessen, City of - LST",MUNICIPAL
PA,TAX3390,42-129-1215709-LST-655803,"Monessen, City of - LST",SCHOOL
PA,TAX459,42-107-1216993-LST-544703,"Branch, TWP of - LST",MUNICIPAL
PA,TAX459,42-107-1216993-LST-544703,"Branch, TWP of - LST",SCHOOL
PA,TAX6711,42-029-1216197-EIT-156603,"West Vincent, TWP of - EIT",MUNICIPAL
PA,TAX6711,42-029-1216197-EIT-156603,"West Vincent, TWP of - EIT",SCHOOL
PA,TAX249,42-123-1215645-LST-628302,"Bear Lake, BORO of - LST",MUNICIPAL
PA,TAX249,42-123-1215645-LST-628302,"Bear Lake, BORO of - LST",SCHOOL
PA,TAX6818,42-081-1216777-EIT-412003,"Wolf, TWP of - EIT",MUNICIPAL
PA,TAX6818,42-081-1216777-EIT-412003,"Wolf, TWP of - EIT",SCHOOL
PA,TAX5043,42-003-1215823-LST-027352,"Penn Hills, TWP of - LST",MUNICIPAL
PA,TAX5043,42-003-1215823-LST-027352,"Penn Hills, TWP of - LST",SCHOOL
PA,TAX5431,42-039-1216313-EIT-204703,"Rockdale, TWP of - EIT",MUNICIPAL
PA,TAX5431,42-039-1216313-EIT-204703,"Rockdale, TWP of - EIT",SCHOOL
PA,TAX877,42-003-1215799-EIT-021752,"Collier, TWP of - EIT",MUNICIPAL
PA,TAX877,42-003-1215799-EIT-021752,"Collier, TWP of - EIT",SCHOOL
PA,TAX6124,42-015-1214959-EIT-086503,"Towanda, BORO of - EIT",MUNICIPAL
PA,TAX6124,42-015-1214959-EIT-086503,"Towanda, BORO of - EIT",SCHOOL
PA,TAX178,42-039-1216296-EIT-204703,"Athens, TWP of - EIT (204703)",MUNICIPAL
PA,TAX178,42-039-1216296-EIT-204703,"Athens, TWP of - EIT (204703)",SCHOOL
PA,TAX3828,42-003-1214813-EIT-029403,"Oakdale, BORO of - EIT",MUNICIPAL
PA,TAX3828,42-003-1214813-EIT-029403,"Oakdale, BORO of - EIT",SCHOOL
PA,TAX2874,42-093-1216891-EIT-498003,"Limestone, TWP of - EIT (498003)",MUNICIPAL
PA,TAX2874,42-093-1216891-EIT-498003,"Limestone, TWP of - EIT (498003)",SCHOOL
PA,TAX3080,42-009-1214900-EIT-051003,"Manns Choice, BORO of - EIT",MUNICIPAL
PA,TAX3080,42-009-1214900-EIT-051003,"Manns Choice, BORO of - EIT",SCHOOL
PA,TAX793,42-033-1215096-EIT-171003,"Clearfield, BORO of - EIT",MUNICIPAL
PA,TAX793,42-033-1215096-EIT-171003,"Clearfield, BORO of - EIT",SCHOOL
PA,TAX684,42-125-1215656-LST-631003,"Centerville, BORO of - LST (631003)",MUNICIPAL
PA,TAX684,42-125-1215656-LST-631003,"Centerville, BORO of - LST (631003)",SCHOOL
PA,TAX2101,42-079-1216719-EIT-406003,"Huntington, TWP of - EIT (406003)",MUNICIPAL
PA,TAX2101,42-079-1216719-EIT-406003,"Huntington, TWP of - EIT (406003)",SCHOOL
PA,TAX129,42-093-1216887-LST-498003,"Anthony, TWP of - LST (498003)",MUNICIPAL
PA,TAX129,42-093-1216887-LST-498003,"Anthony, TWP of - LST (498003)",SCHOOL
PA,TAX6706,42-029-1216196-LST-159002,"Westtown, TWP of - LST",MUNICIPAL
PA,TAX6706,42-029-1216196-LST-159002,"Westtown, TWP of - LST",SCHOOL
PA,TAX687,42-037-1215126-EIT-495103,"Centralia, BORO of - EIT",MUNICIPAL
PA,TAX687,42-037-1215126-EIT-495103,"Centralia, BORO of - EIT",SCHOOL
PA,TAX5071,42-061-1216517-LST-312503,"Penn, TWP of - LST (312503)",MUNICIPAL
PA,TAX5071,42-061-1216517-LST-312503,"Penn, TWP of - LST (312503)",SCHOOL
PA,TAX6018,42-081-1216773-LST-416103,"Susquehanna, TWP of - LST (416103)",MUNICIPAL
PA,TAX6018,42-081-1216773-LST-416103,"Susquehanna, TWP of - LST (416103)",SCHOOL
PA,TAX1816,42-129-1215700-LST-653802,"Greensburg, City of - LST (653802)",MUNICIPAL
PA,TAX1816,42-129-1215700-LST-653802,"Greensburg, City of - LST (653802)",SCHOOL
PA,TAX6198,42-001-1215795-LST-018523,"Tyrone, TWP of - LST (018523)",MUNICIPAL
PA,TAX6198,42-001-1215795-LST-018523,"Tyrone, TWP of - LST (018523)",SCHOOL
PA,TAX1356,42-063-1216542-LST-328003,"East Wheatfield, TWP of - LST",MUNICIPAL
PA,TAX1356,42-063-1216542-LST-328003,"East Wheatfield, TWP of - LST",SCHOOL
PA,TAX5846,42-129-1215724-LST-653203,"Southwest Greensburg, BORO of-LST",MUNICIPAL
PA,TAX5846,42-129-1215724-LST-653203,"Southwest Greensburg, BORO of-LST",SCHOOL
PA,TAX2339,42-021-1215025-LST-112502,"Johnstown, City of - LST",MUNICIPAL
PA,TAX2339,42-021-1215025-LST-112502,"Johnstown, City of - LST",SCHOOL
PA,TAX6117,42-057-1216482-LST-291304,"Todd, TWP of - LST (291304)",MUNICIPAL
PA,TAX6117,42-057-1216482-LST-291304,"Todd, TWP of - LST (291304)",SCHOOL
PA,TAX3553,42-079-1216725-EIT-191103,"Nescopeck, TWP of - EIT",MUNICIPAL
PA,TAX3553,42-079-1216725-EIT-191103,"Nescopeck, TWP of - EIT",SCHOOL
PA,TAX1631,42-061-1216508-EIT-078003,"Franklin, TWP of - EIT (078003)",MUNICIPAL
PA,TAX1631,42-061-1216508-EIT-078003,"Franklin, TWP of - EIT (078003)",SCHOOL
PA,TAX3485,42-003-1214810-LST-027451,"Mount Oliver, BORO of - LST",MUNICIPAL
PA,TAX3485,42-003-1214810-LST-027451,"Mount Oliver, BORO of - LST",SCHOOL
PA,TAX998,42-063-1215286-EIT-325203,"Creekside, BORO of - EIT",MUNICIPAL
PA,TAX998,42-063-1215286-EIT-325203,"Creekside, BORO of - EIT",SCHOOL
PA,TAX1864,42-133-1215747-LST-672203,"Hallam, BORO of - LST",MUNICIPAL
PA,TAX1864,42-133-1215747-LST-672203,"Hallam, BORO of - LST",SCHOOL
PA,TAX255,42-025-1215042-LST-403302,"Beaver Meadows, BORO of - LST",MUNICIPAL
PA,TAX255,42-025-1215042-LST-403302,"Beaver Meadows, BORO of - LST",SCHOOL
PA,TAX1417,42-117-1215621-EIT-596003,"Elkland, BORO of - EIT",MUNICIPAL
PA,TAX1417,42-117-1215621-EIT-596003,"Elkland, BORO of - EIT",SCHOOL
PA,TAX2061,42-041-1216335-LST-218003,"Hopewell, TWP of - LST (218003)",MUNICIPAL
PA,TAX2061,42-041-1216335-LST-218003,"Hopewell, TWP of - LST (218003)",SCHOOL
PA,TAX543,42-125-1215653-LST-631203,"Burgettstown, BORO of - LST",MUNICIPAL
PA,TAX543,42-125-1215653-LST-631203,"Burgettstown, BORO of - LST",SCHOOL
PA,TAX6753,42-021-1216101-LST-173003,"White, TWP of - LST (173003)",MUNICIPAL
PA,TAX6753,42-021-1216101-LST-173003,"White, TWP of - LST (173003)",SCHOOL
PA,TAX3678,42-131-1215734-LST-665003,"Nicholson, BORO of - LST",MUNICIPAL
PA,TAX3678,42-131-1215734-LST-665003,"Nicholson, BORO of - LST",SCHOOL
PA,TAX5144,42-003-1215824-EIT-021003,"Pine, TWP of - EIT (021003)",MUNICIPAL
PA,TAX5144,42-003-1215824-EIT-021003,"Pine, TWP of - EIT (021003)",SCHOOL
PA,TAX1737,42-049-1215212-EIT-254053,"Girard, BORO of - EIT",MUNICIPAL
PA,TAX1737,42-049-1215212-EIT-254053,"Girard, BORO of - EIT",SCHOOL
PA,TAX3412,42-131-1217271-LST-667503,"Monroe, TWP of - LST (667503)",MUNICIPAL
PA,TAX3412,42-131-1217271-LST-667503,"Monroe, TWP of - LST (667503)",SCHOOL
PA,TAX1371,42-003-1214791-EIT-029902,"Edgewood, BORO of - EIT",MUNICIPAL
PA,TAX1371,42-003-1214791-EIT-029902,"Edgewood, BORO of - EIT",SCHOOL
PA,TAX6638,42-129-1215727-LST-034503,"West Leechburg, BORO of - LST",MUNICIPAL
PA,TAX6638,42-129-1215727-LST-034503,"West Leechburg, BORO of - LST",SCHOOL
PA,TAX1167,42-003-1214787-LST-026002,"Dravosburg, BORO of - LST",MUNICIPAL
PA,TAX1167,42-003-1214787-LST-026002,"Dravosburg, BORO of - LST",SCHOOL
PA,TAX6675,42-107-1217026-EIT-547603,"West Penn, TWP of - EIT",MUNICIPAL
PA,TAX6675,42-107-1217026-EIT-547603,"West Penn, TWP of - EIT",SCHOOL
PA,TAX6284,42-077-1216696-EIT-395103,"Upper Macungie, TWP of - EIT",MUNICIPAL
PA,TAX6284,42-077-1216696-EIT-395103,"Upper Macungie, TWP of - EIT",SCHOOL
PA,TAX5391,42-047-1216405-EIT-246003,"Ridgway, TWP of - EIT (246003)",MUNICIPAL
PA,TAX5391,42-047-1216405-EIT-246003,"Ridgway, TWP of - EIT (246003)",SCHOOL
PA,TAX1458,42-071-1215338-LST-362603,"Ephrata, BORO of - LST",MUNICIPAL
PA,TAX1458,42-071-1215338-LST-362603,"Ephrata, BORO of - LST",SCHOOL
PA,TAX135,42-005-1214844-LST-030603,"Apollo, BORO of - LST",MUNICIPAL
PA,TAX135,42-005-1214844-LST-030603,"Apollo, BORO of - LST",SCHOOL
PA,TAX5117,42-081-1216768-LST-414003,"Piatt, TWP of - LST",MUNICIPAL
PA,TAX5117,42-081-1216768-LST-414003,"Piatt, TWP of - LST",SCHOOL
PA,TAX1044,42-079-1216707-EIT-401603,"Dallas, TWP of - EIT",MUNICIPAL
PA,TAX1044,42-079-1216707-EIT-401603,"Dallas, TWP of - EIT",SCHOOL
PA,TAX6480,42-095-1216911-LST-480803,"Washington, TWP of - LST (480803)",MUNICIPAL
PA,TAX6480,42-095-1216911-LST-480803,"Washington, TWP of - LST (480803)",SCHOOL
PA,TAX767,42-003-1214783-EIT-021903,"Clairton, City of - EIT",MUNICIPAL
PA,TAX767,42-003-1214783-EIT-021903,"Clairton, City of - EIT",SCHOOL
PA,TAX6789,42-015-1216005-LST-089003,"Wilmot, TWP of - LST",MUNICIPAL
PA,TAX6789,42-015-1216005-LST-089003,"Wilmot, TWP of - LST",SCHOOL
PA,TAX1145,42-129-1217236-LST-655903,"Donegal, TWP of - LST (655903)",MUNICIPAL
PA,TAX1145,42-129-1217236-LST-655903,"Donegal, TWP of - LST (655903)",SCHOOL
PA,TAX1430,42-123-1217163-LST-628302,"Elk, TWP of - LST (628302)",MUNICIPAL
PA,TAX1430,42-123-1217163-LST-628302,"Elk, TWP of - LST (628302)",SCHOOL
PA,TAX653,42-003-1214779-EIT-021252,"Castle Shannon, BORO of - EIT (021252)",MUNICIPAL
PA,TAX653,42-003-1214779-EIT-021252,"Castle Shannon, BORO of - EIT (021252)",SCHOOL
PA,TAX3594,42-033-1215106-LST-327303,"Newburg, BORO of - LST (327303)",MUNICIPAL
PA,TAX3594,42-033-1215106-LST-327303,"Newburg, BORO of - LST (327303)",SCHOOL
PA,TAX2731,42-071-1215339-LST-364002,"Lancaster, City of - LST",MUNICIPAL
PA,TAX2731,42-071-1215339-LST-364002,"Lancaster, City of - LST",SCHOOL
PA,TAX5618,42-003-1214823-LST-027753,"Sewickley, BORO of - LST",MUNICIPAL
PA,TAX5618,42-003-1214823-LST-027753,"Sewickley, BORO of - LST",SCHOOL
PA,TAX269,42-033-1216222-LST-173003,"Beccaria, TWP of - LST",MUNICIPAL
PA,TAX269,42-033-1216222-LST-173003,"Beccaria, TWP of - LST",SCHOOL
PA,TAX1709,42-021-1215023-EIT-112502,"Geistown, BORO of - EIT (112502)",MUNICIPAL
PA,TAX1709,42-021-1215023-EIT-112502,"Geistown, BORO of - EIT (112502)",SCHOOL
PA,TAX346,42-057-1216476-LST-297504,"Bethel, TWP of - LST (297504)",MUNICIPAL
PA,TAX346,42-057-1216476-LST-297504,"Bethel, TWP of - LST (297504)",SCHOOL
PA,TAX6398,42-107-1217021-LST-547603,"Walker, TWP of - LST (547603)",MUNICIPAL
PA,TAX6398,42-107-1217021-LST-547603,"Walker, TWP of - LST (547603)",SCHOOL
PA,TAX3128,42-003-1215815-LST-026852,"Marshall, TWP of - LST",MUNICIPAL
PA,TAX3128,42-003-1215815-LST-026852,"Marshall, TWP of - LST",SCHOOL
PA,TAX1955,42-105-1216974-LST-531304,"Hebron, TWP of - LST",MUNICIPAL
PA,TAX1955,42-105-1216974-LST-531304,"Hebron, TWP of - LST",SCHOOL
PA,TAX1928,42-079-1215391-LST-403903,"Harveys Lake, BORO of - LST",MUNICIPAL
PA,TAX1928,42-079-1215391-LST-403903,"Harveys Lake, BORO of - LST",SCHOOL
PA,TAX2272,42-099-1216941-LST-508003,"Jackson, TWP of - LST (508003)",MUNICIPAL
PA,TAX2272,42-099-1216941-LST-508003,"Jackson, TWP of - LST (508003)",SCHOOL
PA,TAX2111,42-129-1215702-LST-654403,"Hyde Park, BORO of - LST",MUNICIPAL
PA,TAX2111,42-129-1215702-LST-654403,"Hyde Park, BORO of - LST",SCHOOL
PA,TAX3112,42-027-1216131-EIT-141103,"Marion, TWP of - EIT (141103)",MUNICIPAL
PA,TAX3112,42-027-1216131-EIT-141103,"Marion, TWP of - EIT (141103)",SCHOOL
PA,TAX5326,42-069-1216606-EIT-350303,"Ransom, TWP of - EIT",MUNICIPAL
PA,TAX5326,42-069-1216606-EIT-350303,"Ransom, TWP of - EIT",SCHOOL
PA,TAX6846,42-019-1216088-EIT-107503,"Worth, TWP of - EIT (107503)",MUNICIPAL
PA,TAX6846,42-019-1216088-EIT-107503,"Worth, TWP of - EIT (107503)",SCHOOL
PA,TAX1585,42-095-1216900-EIT-483302,"Forks, TWP of - EIT (483302)",MUNICIPAL
PA,TAX1585,42-095-1216900-EIT-483302,"Forks, TWP of - EIT (483302)",SCHOOL
PA,TAX6611,42-125-1217211-EIT-633903,"West Finley, TWP of - EIT",MUNICIPAL
PA,TAX6611,42-125-1217211-EIT-633903,"West Finley, TWP of - EIT",SCHOOL
PA,TAX240,42-067-1216578-EIT-343603,"Beale, TWP of - EIT",MUNICIPAL
PA,TAX240,42-067-1216578-EIT-343603,"Beale, TWP of - EIT",SCHOOL
PA,TAX207,42-035-1216253-LST-183602,"Bald Eagle, TWP of - LST",MUNICIPAL
PA,TAX207,42-035-1216253-LST-183602,"Bald Eagle, TWP of - LST",SCHOOL
PA,TAX5798,42-125-1217207-LST-633903,"South Franklin, TWP of - LST",MUNICIPAL
PA,TAX5798,42-125-1217207-LST-633903,"South Franklin, TWP of - LST",SCHOOL
PA,TAX875,42-113-1217068-EIT-576303,"Colley, TWP of - EIT",MUNICIPAL
PA,TAX875,42-113-1217068-EIT-576303,"Colley, TWP of - EIT",SCHOOL
PA,TAX5828,42-003-1215832-LST-028753,"South Park, TWP of - LST",MUNICIPAL
PA,TAX5828,42-003-1215832-LST-028753,"South Park, TWP of - LST",SCHOOL
PA,TAX5628,42-111-1217061-LST-567204,"Shade, TWP of - LST",MUNICIPAL
PA,TAX5628,42-111-1217061-LST-567204,"Shade, TWP of - LST",SCHOOL
PA,TAX5966,42-031-1215092-LST-161703,"Strattanville, BORO of - LST",MUNICIPAL
PA,TAX5966,42-031-1215092-LST-161703,"Strattanville, BORO of - LST",SCHOOL
PA,TAX5006,42-019-1216064-LST-103603,"Parker, TWP of - LST",MUNICIPAL
PA,TAX5006,42-019-1216064-LST-103603,"Parker, TWP of - LST",SCHOOL
PA,TAX5417,42-013-1214945-EIT-077503,"Roaring Spring, BORO of - EIT",MUNICIPAL
PA,TAX5417,42-013-1214945-EIT-077503,"Roaring Spring, BORO of - EIT",SCHOOL
PA,TAX2150,42-003-1215810-LST-023912,"Indiana, TWP of - LST",MUNICIPAL
PA,TAX2150,42-003-1215810-LST-023912,"Indiana, TWP of - LST",SCHOOL
PA,TAX304,42-001-1214752-EIT-018523,"Bendersville, BORO of - EIT",MUNICIPAL
PA,TAX304,42-001-1214752-EIT-018523,"Bendersville, BORO of - EIT",SCHOOL
PA,TAX3474,42-001-1215790-EIT-013753,"Mount Joy, TWP of - EIT (013753)",MUNICIPAL
PA,TAX3474,42-001-1215790-EIT-013753,"Mount Joy, TWP of - EIT (013753)",SCHOOL
PA,TAX3146,42-069-1215323-EIT-354603,"Mayfield, BORO of - EIT",MUNICIPAL
PA,TAX3146,42-069-1215323-EIT-354603,"Mayfield, BORO of - EIT",SCHOOL
PA,TAX5963,42-071-1216645-EIT-363603,"Strasburg, TWP of - EIT",MUNICIPAL
PA,TAX5963,42-071-1216645-EIT-363603,"Strasburg, TWP of - EIT",SCHOOL
PA,TAX3604,42-041-1215152-LST-219002,"New Cumberland, BORO of - LST",MUNICIPAL
PA,TAX3604,42-041-1215152-LST-219002,"New Cumberland, BORO of - LST",SCHOOL
PA,TAX6275,42-041-1216350-LST-210503,"Upper Frankford, TWP of - LST",MUNICIPAL
PA,TAX6275,42-041-1216350-LST-210503,"Upper Frankford, TWP of - LST",SCHOOL
PA,TAX527,42-017-1216013-LST-092102,"Buckingham, TWP of - LST",MUNICIPAL
PA,TAX527,42-017-1216013-LST-092102,"Buckingham, TWP of - LST",SCHOOL
PA,TAX5834,42-039-1216315-LST-433604,"South Shenango, TWP of - LST",MUNICIPAL
PA,TAX5834,42-039-1216315-LST-433604,"South Shenango, TWP of - LST",SCHOOL
PA,TAX132,42-055-1216459-EIT-283003,"Antrim, TWP of - EIT",MUNICIPAL
PA,TAX132,42-055-1216459-EIT-283003,"Antrim, TWP of - EIT",SCHOOL
PA,TAX540,42-051-1216430-EIT-261302,"Bullskin, TWP of - EIT",MUNICIPAL
PA,TAX540,42-051-1216430-EIT-261302,"Bullskin, TWP of - EIT",SCHOOL
PA,TAX2294,42-059-1215255-LST-303503,"Jefferson, BORO of - LST (303503)",MUNICIPAL
PA,TAX2294,42-059-1215255-LST-303503,"Jefferson, BORO of - LST (303503)",SCHOOL
PA,TAX3639,42-009-1214901-EIT-051503,"New Paris, BORO of - EIT",MUNICIPAL
PA,TAX3639,42-009-1214901-EIT-051503,"New Paris, BORO of - EIT",SCHOOL
PA,TAX5852,42-077-1216695-LST-395103,"South Whitehall, TWP of - LST",MUNICIPAL
PA,TAX5852,42-077-1216695-LST-395103,"South Whitehall, TWP of - LST",SCHOOL
PA,TAX2974,42-095-1216903-EIT-480803,"Lower Mount Bethel, TWP of-EIT (480803)",MUNICIPAL
PA,TAX2974,42-095-1216903-EIT-480803,"Lower Mount Bethel, TWP of-EIT (480803)",SCHOOL
PA,TAX2113,42-039-1215136-LST-617203,"Hydetown, BORO of - LST",MUNICIPAL
PA,TAX2113,42-039-1215136-LST-617203,"Hydetown, BORO of - LST",SCHOOL
PA,TAX3213,42-041-1215149-LST-216503,"Mechanicsburg, BORO of - LST",MUNICIPAL
PA,TAX3213,42-041-1215149-LST-216503,"Mechanicsburg, BORO of - LST",SCHOOL
PA,TAX821,42-121-1215636-EIT-612203,"Clintonville, BORO of - EIT",MUNICIPAL
PA,TAX821,42-121-1215636-EIT-612203,"Clintonville, BORO of - EIT",SCHOOL
PA,TAX3775,42-007-1215880-LST-045853,"North Sewickley, TWP of - LST",MUNICIPAL
PA,TAX3775,42-007-1215880-LST-045853,"North Sewickley, TWP of - LST",SCHOOL
PA,TAX5298,42-117-1215626-LST-597003,"Putnam, TWP of - LST",MUNICIPAL
PA,TAX5298,42-117-1215626-LST-597003,"Putnam, TWP of - LST",SCHOOL
PA,TAX996,42-035-1216258-EIT-414003,"Crawford, TWP of - EIT",MUNICIPAL
PA,TAX996,42-035-1216258-EIT-414003,"Crawford, TWP of - EIT",SCHOOL
PA,TAX532,42-119-1217128-EIT-605003,"Buffalo, TWP of - EIT (605003)",MUNICIPAL
PA,TAX532,42-119-1217128-EIT-605003,"Buffalo, TWP of - EIT (605003)",SCHOOL
PA,TAX5345,42-091-1215479-LST-468603,"Red Hill, BORO of - LST",MUNICIPAL
PA,TAX5345,42-091-1215479-LST-468603,"Red Hill, BORO of - LST",SCHOOL
PA,TAX5990,42-021-2086657-LST-112203,"Summerhill, BORO of - LST",MUNICIPAL
PA,TAX5990,42-021-2086657-LST-112203,"Summerhill, BORO of - LST",SCHOOL
PA,TAX5881,42-015-1215994-EIT-086653,"Springfield, TWP of - EIT (086653)",MUNICIPAL
PA,TAX5881,42-015-1215994-EIT-086653,"Springfield, TWP of - EIT (086653)",SCHOOL
PA,TAX838,42-033-1215097-LST-173003,"Coalport, BORO of - LST",MUNICIPAL
PA,TAX838,42-033-1215097-LST-173003,"Coalport, BORO of - LST",SCHOOL
PA,TAX812,42-121-1217141-EIT-612203,"Clinton, TWP of - EIT (612203)",MUNICIPAL
PA,TAX812,42-121-1217141-EIT-612203,"Clinton, TWP of - EIT (612203)",SCHOOL
PA,TAX3671,42-033-1215107-EIT-327303,"New Washington, BORO of - EIT",MUNICIPAL
PA,TAX3671,42-033-1215107-EIT-327303,"New Washington, BORO of - EIT",SCHOOL
PA,TAX3426,42-081-1215423-LST-415103,"Montoursville, BORO of - LST",MUNICIPAL
PA,TAX3426,42-081-1215423-LST-415103,"Montoursville, BORO of - LST",SCHOOL
PA,TAX817,42-127-1217216-LST-583003,"Clinton, TWP of - LST (583003)",MUNICIPAL
PA,TAX817,42-127-1217216-LST-583003,"Clinton, TWP of - LST (583003)",SCHOOL
PA,TAX6720,42-133-1215766-LST-678503,"West York, BORO of - LST",MUNICIPAL
PA,TAX6720,42-133-1215766-LST-678503,"West York, BORO of - LST",SCHOOL
PA,TAX1851,42-055-1216462-LST-281302,"Guilford, TWP of - LST (281302)",MUNICIPAL
PA,TAX1851,42-055-1216462-LST-281302,"Guilford, TWP of - LST (281302)",SCHOOL
PA,TAX6692,42-017-1216038-LST-098103,"West Rockhill, TWP of - LST",MUNICIPAL
PA,TAX6692,42-017-1216038-LST-098103,"West Rockhill, TWP of - LST",SCHOOL
PA,TAX5281,42-079-1215407-LST-409302,"Pringle, BORO of - LST",MUNICIPAL
PA,TAX5281,42-079-1215407-LST-409302,"Pringle, BORO of - LST",SCHOOL
PA,TAX3669,42-041-1215153-EIT-210503,"Newville, BORO of - EIT",MUNICIPAL
PA,TAX3669,42-041-1215153-EIT-210503,"Newville, BORO of - EIT",SCHOOL
PA,TAX3625,42-085-1215445-EIT-433903,"New Lebanon, BORO of - EIT",MUNICIPAL
PA,TAX3625,42-085-1215445-EIT-433903,"New Lebanon, BORO of - EIT",SCHOOL
PA,TAX6506,42-069-1216591-LST-350303,"Waverly, TWP of - LST",MUNICIPAL
PA,TAX6506,42-069-1216591-LST-350303,"Waverly, TWP of - LST",SCHOOL
PA,TAX517,42-087-2087472-LST-444602,"Brown, TWP of - LST (444602)",MUNICIPAL
PA,TAX517,42-087-2087472-LST-444602,"Brown, TWP of - LST (444602)",SCHOOL
PA,TAX1164,42-017-1216014-EIT-092102,"Doylestown, TWP of - EIT",MUNICIPAL
PA,TAX1164,42-017-1216014-EIT-092102,"Doylestown, TWP of - EIT",SCHOOL
PA,TAX395,42-099-1215523-LST-508003,"Bloomfield, BORO of - LST",MUNICIPAL
PA,TAX395,42-099-1215523-LST-508003,"Bloomfield, BORO of - LST",SCHOOL
PA,TAX5753,42-111-1215598-LST-567703,"Somerset, BORO of - LST",MUNICIPAL
PA,TAX5753,42-111-1215598-LST-567703,"Somerset, BORO of - LST",SCHOOL
PA,TAX1378,42-049-1215207-LST-253903,"Edinboro, BORO of - LST",MUNICIPAL
PA,TAX1378,42-049-1215207-LST-253903,"Edinboro, BORO of - LST",SCHOOL
PA,TAX1350,42-129-1215698-LST-654403,"East Vandergrift, BORO of-LST",MUNICIPAL
PA,TAX1350,42-129-1215698-LST-654403,"East Vandergrift, BORO of-LST",SCHOOL
PA,TAX68,42-105-1216968-LST-531304,"Allegany, TWP of - LST (531304)",MUNICIPAL
PA,TAX68,42-105-1216968-LST-531304,"Allegany, TWP of - LST (531304)",SCHOOL
PA,TAX43,42-077-1215371-LST-392303,"Alburtis, BORO of - LST",MUNICIPAL
PA,TAX43,42-077-1215371-LST-392303,"Alburtis, BORO of - LST",SCHOOL
PA,TAX2790,42-049-1216418-EIT-253553,"Le Boeuf, TWP of - EIT",MUNICIPAL
PA,TAX2790,42-049-1216418-EIT-253553,"Le Boeuf, TWP of - EIT",SCHOOL
PA,TAX691,42-011-1215919-EIT-067503,"Centre, TWP of - EIT (067503)",MUNICIPAL
PA,TAX691,42-011-1215919-EIT-067503,"Centre, TWP of - EIT (067503)",SCHOOL
PA,TAX1302,42-003-1214789-EIT-022803,"East McKeesport, BORO of-EIT",MUNICIPAL
PA,TAX1302,42-003-1214789-EIT-022803,"East McKeesport, BORO of-EIT",SCHOOL
PA,TAX3662,42-017-1214973-LST-092353,"Newtown, BORO of - LST",MUNICIPAL
PA,TAX3662,42-017-1214973-LST-092353,"Newtown, BORO of - LST",SCHOOL
PA,TAX5891,42-017-1216031-LST-098003,"Springfield, TWP of - LST (098003)",MUNICIPAL
PA,TAX5891,42-017-1216031-LST-098003,"Springfield, TWP of - LST (098003)",SCHOOL
PA,TAX778,42-085-1215436-LST-435703,"Clark, BORO of - LST",MUNICIPAL
PA,TAX778,42-085-1215436-LST-435703,"Clark, BORO of - LST",SCHOOL
PA,TAX472,42-091-1215464-EIT-468402,"Bridgeport, BORO of - EIT",MUNICIPAL
PA,TAX472,42-091-1215464-EIT-468402,"Bridgeport, BORO of - EIT",SCHOOL
PA,TAX6648,42-133-1217311-LST-676403,"West Manheim, TWP of - LST",MUNICIPAL
PA,TAX6648,42-133-1217311-LST-676403,"West Manheim, TWP of - LST",SCHOOL
PA,TAX189,42-003-1214764-EIT-026873,"Avalon, BORO of - EIT",MUNICIPAL
PA,TAX189,42-003-1214764-EIT-026873,"Avalon, BORO of - EIT",SCHOOL
PA,TAX3530,42-129-1215711-EIT-652603,"Murrysville, BORO of - EIT",MUNICIPAL
PA,TAX3530,42-129-1215711-EIT-652603,"Murrysville, BORO of - EIT",SCHOOL
PA,TAX6155,42-039-1216321-LST-204703,"Troy, TWP of - LST (204703)",MUNICIPAL
PA,TAX6155,42-039-1216321-LST-204703,"Troy, TWP of - LST (204703)",SCHOOL
PA,TAX2973,42-091-1216861-LST-464603,"Lower Moreland, TWP of - LST",MUNICIPAL
PA,TAX2973,42-091-1216861-LST-464603,"Lower Moreland, TWP of - LST",SCHOOL
PA,TAX5631,42-097-1215517-EIT-496503,"Shamokin, City of - EIT",MUNICIPAL
PA,TAX5631,42-097-1215517-EIT-496503,"Shamokin, City of - EIT",SCHOOL
PA,TAX6827,42-013-1215970-LST-079004,"Woodbury, TWP of - LST (079004)",MUNICIPAL
PA,TAX6827,42-013-1215970-LST-079004,"Woodbury, TWP of - LST (079004)",SCHOOL
PA,TAX6435,42-071-1216647-EIT-369003,"Warwick, TWP of - EIT (369003)",MUNICIPAL
PA,TAX6435,42-071-1216647-EIT-369003,"Warwick, TWP of - EIT (369003)",SCHOOL
PA,TAX6204,42-105-1215542-EIT-535504,"Ulysses, BORO of - EIT",MUNICIPAL
PA,TAX6204,42-105-1215542-EIT-535504,"Ulysses, BORO of - EIT",SCHOOL
PA,TAX5365,42-059-1215259-LST-308503,"Richhill, TWP of - LST",MUNICIPAL
PA,TAX5365,42-059-1215259-LST-308503,"Richhill, TWP of - LST",SCHOOL
PA,TAX5701,42-041-1216345-EIT-211603,"Silver Spring, TWP of - EIT",MUNICIPAL
PA,TAX5701,42-041-1216345-EIT-211603,"Silver Spring, TWP of - EIT",SCHOOL
PA,TAX5813,42-075-1216683-EIT-385303,"South Londonderry, TWP of-EIT",MUNICIPAL
PA,TAX5813,42-075-1216683-EIT-385303,"South Londonderry, TWP of-EIT",SCHOOL
PA,TAX6370,42-039-1216325-LST-201352,"Vernon, TWP of - LST",MUNICIPAL
PA,TAX6370,42-039-1216325-LST-201352,"Vernon, TWP of - LST",SCHOOL
PA,TAX482,42-007-1215867-EIT-041203,"Brighton, TWP of - EIT",MUNICIPAL
PA,TAX482,42-007-1215867-EIT-041203,"Brighton, TWP of - EIT",SCHOOL
PA,TAX2077,42-027-1215056-LST-141003,"Howard, BORO of - LST",MUNICIPAL
PA,TAX2077,42-027-1215056-LST-141003,"Howard, BORO of - LST",SCHOOL
PA,TAX1297,42-133-1217286-LST-674403,"East Manchester, TWP of - LST",MUNICIPAL
PA,TAX1297,42-133-1217286-LST-674403,"East Manchester, TWP of - LST",SCHOOL
PA,TAX2766,42-001-1215787-EIT-011103,"Latimore, TWP of - EIT",MUNICIPAL
PA,TAX2766,42-001-1215787-EIT-011103,"Latimore, TWP of - EIT",SCHOOL
PA,TAX3806,42-131-1217275-EIT-403903,"Noxen, TWP of - EIT",MUNICIPAL
PA,TAX3806,42-131-1217275-EIT-403903,"Noxen, TWP of - EIT",SCHOOL
PA,TAX6097,42-117-1217124-EIT-596003,"Tioga, TWP of - EIT",MUNICIPAL
PA,TAX6097,42-117-1217124-EIT-596003,"Tioga, TWP of - EIT",SCHOOL
PA,TAX5901,42-133-1215762-EIT-676703,"Spring Grove, BORO of - EIT",MUNICIPAL
PA,TAX5901,42-133-1215762-EIT-676703,"Spring Grove, BORO of - EIT",SCHOOL
PA,TAX3492,42-037-1216288-EIT-191503,"Mount Pleasant, TWP of - EIT (191503)",MUNICIPAL
PA,TAX3492,42-037-1216288-EIT-191503,"Mount Pleasant, TWP of - EIT (191503)",SCHOOL
PA,TAX3779,42-125-1217201-LST-631703,"North Strabane, TWP of - LST",MUNICIPAL
PA,TAX3779,42-125-1217201-LST-631703,"North Strabane, TWP of - LST",SCHOOL
PA,TAX499,42-117-1217100-LST-596003,"Brookfield, TWP of - LST",MUNICIPAL
PA,TAX499,42-117-1217100-LST-596003,"Brookfield, TWP of - LST",SCHOOL
PA,TAX21,42-111-1217042-LST-568404,"Addison, TWP of - LST",MUNICIPAL
PA,TAX21,42-111-1217042-LST-568404,"Addison, TWP of - LST",SCHOOL
PA,TAX1854,42-033-1216237-LST-175003,"Gulich, TWP of - LST",MUNICIPAL
PA,TAX1854,42-033-1216237-LST-175003,"Gulich, TWP of - LST",SCHOOL
PA,TAX6492,42-049-1215219-LST-253553,"Waterford, BORO of - LST",MUNICIPAL
PA,TAX6492,42-049-1215219-LST-253553,"Waterford, BORO of - LST",SCHOOL
PA,TAX3233,42-085-1215444-LST-435003,"Mercer, BORO of - LST",MUNICIPAL
PA,TAX3233,42-085-1215444-LST-435003,"Mercer, BORO of - LST",SCHOOL
PA,TAX1277,42-075-1216673-EIT-385003,"East Hanover, TWP of - EIT (385003)",MUNICIPAL
PA,TAX1277,42-075-1216673-EIT-385003,"East Hanover, TWP of - EIT (385003)",SCHOOL
PA,TAX3316,42-067-1216584-EIT-343603,"Milford, TWP of - EIT (343603)",MUNICIPAL
PA,TAX3316,42-067-1216584-EIT-343603,"Milford, TWP of - EIT (343603)",SCHOOL
PA,TAX5148,42-039-1216310-EIT-201033,"Pine, TWP of - EIT (201033)",MUNICIPAL
PA,TAX5148,42-039-1216310-EIT-201033,"Pine, TWP of - EIT (201033)",SCHOOL
PA,TAX6033,42-065-1215304-EIT-172003,"Sykesville, BORO of - EIT",MUNICIPAL
PA,TAX6033,42-065-1215304-EIT-172003,"Sykesville, BORO of - EIT",SCHOOL
PA,TAX2322,42-111-1215590-EIT-565503,"Jennerstown, BORO of - EIT",MUNICIPAL
PA,TAX2322,42-111-1215590-EIT-565503,"Jennerstown, BORO of - EIT",SCHOOL
PA,TAX3606,42-125-1215674-LST-637002,"New Eagle, BORO of - LST",MUNICIPAL
PA,TAX3606,42-125-1215674-LST-637002,"New Eagle, BORO of - LST",SCHOOL
PA,TAX5208,42-079-1216729-EIT-402603,"Plymouth, TWP of - EIT (402603)",MUNICIPAL
PA,TAX5208,42-079-1216729-EIT-402603,"Plymouth, TWP of - EIT (402603)",SCHOOL
PA,TAX2040,42-029-1215070-EIT-068103,"Honey Brook, BORO of - EIT",MUNICIPAL
PA,TAX2040,42-029-1215070-EIT-068103,"Honey Brook, BORO of - EIT",SCHOOL
PA,TAX1714,42-105-1216972-LST-535504,"Genesee, TWP of - LST",MUNICIPAL
PA,TAX1714,42-105-1216972-LST-535504,"Genesee, TWP of - LST",SCHOOL
PA,TAX6373,42-003-1214833-EIT-026002,"Versailles, BORO of - EIT",MUNICIPAL
PA,TAX6373,42-003-1214833-EIT-026002,"Versailles, BORO of - EIT",SCHOOL
PA,TAX6036,42-015-1214958-LST-086653,"Sylvania, BORO of - LST",MUNICIPAL
PA,TAX6036,42-015-1214958-LST-086653,"Sylvania, BORO of - LST",SCHOOL
PA,TAX2015,42-047-1216400-LST-422303,"Highland, TWP of - LST (422303)",MUNICIPAL
PA,TAX2015,42-047-1216400-LST-422303,"Highland, TWP of - LST (422303)",SCHOOL
PA,TAX2057,42-133-1217292-EIT-676203,"Hopewell, TWP of - EIT (676203)",MUNICIPAL
PA,TAX2057,42-133-1217292-EIT-676203,"Hopewell, TWP of - EIT (676203)",SCHOOL
PA,TAX1153,42-011-1215923-EIT-060753,"Douglass, TWP of - EIT (060753)",MUNICIPAL
PA,TAX1153,42-011-1215923-EIT-060753,"Douglass, TWP of - EIT (060753)",SCHOOL
PA,TAX930,42-091-1215467-LST-461602,"Conshohocken, BORO of - LST",MUNICIPAL
PA,TAX930,42-091-1215467-LST-461602,"Conshohocken, BORO of - LST",SCHOOL
PA,TAX435,42-003-1214774-LST-029902,"Braddock Hills, BORO of - LST",MUNICIPAL
PA,TAX435,42-003-1214774-LST-029902,"Braddock Hills, BORO of - LST",SCHOOL
PA,TAX2964,42-017-1216020-EIT-098202,"Lower Makefield, TWP of - EIT",MUNICIPAL
PA,TAX2964,42-017-1216020-EIT-098202,"Lower Makefield, TWP of - EIT",SCHOOL
PA,TAX4915,42-065-1216565-LST-338003,"Oliver, TWP of - LST (338003)",MUNICIPAL
PA,TAX4915,42-065-1216565-LST-338003,"Oliver, TWP of - LST (338003)",SCHOOL
PA,TAX6220,42-039-1216323-EIT-201352,"Union, TWP of - EIT (201352)",MUNICIPAL
PA,TAX6220,42-039-1216323-EIT-201352,"Union, TWP of - EIT (201352)",SCHOOL
PA,TAX1093,42-097-1216914-EIT-498003,"Delaware, TWP of - EIT (498003)",MUNICIPAL
PA,TAX1093,42-097-1216914-EIT-498003,"Delaware, TWP of - EIT (498003)",SCHOOL
PA,TAX3363,42-107-1215557-EIT-544703,"Minersville, BORO of - EIT",MUNICIPAL
PA,TAX3363,42-107-1215557-EIT-544703,"Minersville, BORO of - EIT",SCHOOL
PA,TAX4896,42-121-1215639-LST-616203,Oil City - LST,MUNICIPAL
PA,TAX4896,42-121-1215639-LST-616203,Oil City - LST,SCHOOL
PA,TAX6549,42-049-1215221-EIT-256553,"Wesleyville, BORO of - EIT",MUNICIPAL
PA,TAX6549,42-049-1215221-EIT-256553,"Wesleyville, BORO of - EIT",SCHOOL
PA,TAX1740,42-049-1216413-EIT-254053,"Girard, TWP of - EIT (254053)",MUNICIPAL
PA,TAX1740,42-049-1216413-EIT-254053,"Girard, TWP of - EIT (254053)",SCHOOL
PA,TAX5436,42-061-1215277-LST-317503,"Rockhill, BORO of - LST",MUNICIPAL
PA,TAX5436,42-061-1215277-LST-317503,"Rockhill, BORO of - LST",SCHOOL
PA,TAX2331,42-069-1215322-LST-358403,"Jessup, BORO of - LST",MUNICIPAL
PA,TAX2331,42-069-1215322-LST-358403,"Jessup, BORO of - LST",SCHOOL
PA,TAX634,42-133-1217280-LST-674603,"Carroll, TWP of - LST (674603)",MUNICIPAL
PA,TAX634,42-133-1217280-LST-674603,"Carroll, TWP of - LST (674603)",SCHOOL
PA,TAX34,42-015-1215971-LST-089003,"Albany, TWP of - LST (089003)",MUNICIPAL
PA,TAX34,42-015-1215971-LST-089003,"Albany, TWP of - LST (089003)",SCHOOL
PA,TAX2914,42-013-1215965-EIT-070502,"Logan, TWP of - EIT (070502)",MUNICIPAL
PA,TAX2914,42-013-1215965-EIT-070502,"Logan, TWP of - EIT (070502)",SCHOOL
PA,TAX2794,42-011-1214919-EIT-067503,"Leesport, BORO of - EIT",MUNICIPAL
PA,TAX2794,42-011-1214919-EIT-067503,"Leesport, BORO of - EIT",SCHOOL
PA,TAX2275,42-081-1216720-LST-597003,"Jackson, TWP of - LST (597003)",MUNICIPAL
PA,TAX2275,42-081-1216720-LST-597003,"Jackson, TWP of - LST (597003)",SCHOOL
PA,TAX5853,42-081-1215427-EIT-416103,"South Williamsport, BORO of-EIT",MUNICIPAL
PA,TAX5853,42-081-1215427-EIT-416103,"South Williamsport, BORO of-EIT",SCHOOL
PA,TAX6010,42-097-1215519-LST-496603,"Sunbury, City of - LST",MUNICIPAL
PA,TAX6010,42-097-1215519-LST-496603,"Sunbury, City of - LST",SCHOOL
PA,TAX1559,42-003-1215804-EIT-029403,"Findlay, TWP of - EIT",MUNICIPAL
PA,TAX1559,42-003-1215804-EIT-029403,"Findlay, TWP of - EIT",SCHOOL
PA,TAX3865,42-003-1215821-EIT-023912,"Ohara, TWP of - EIT",MUNICIPAL
PA,TAX3865,42-003-1215821-EIT-023912,"Ohara, TWP of - EIT",SCHOOL
PA,TAX6169,42-013-1217320-EIT-116003,"Tunnelhill, BORO of - EIT (116003)",MUNICIPAL
PA,TAX6169,42-013-1217320-EIT-116003,"Tunnelhill, BORO of - EIT (116003)",SCHOOL
PA,TAX6875,42-015-1214961-LST-089003,"Wyalusing, BORO of - LST",MUNICIPAL
PA,TAX6875,42-015-1214961-LST-089003,"Wyalusing, BORO of - LST",SCHOOL
PA,TAX5111,42-019-1214999-LST-103603,"Petrolia, BORO of - LST",MUNICIPAL
PA,TAX5111,42-019-1214999-LST-103603,"Petrolia, BORO of - LST",SCHOOL
PA,TAX3460,42-107-1215558-EIT-546103,"Mount Carbon, BORO of - EIT",MUNICIPAL
PA,TAX3460,42-107-1215558-EIT-546103,"Mount Carbon, BORO of - EIT",SCHOOL
PA,TAX5449,42-015-1215990-LST-083004,"Rome, TWP of - LST (083004)",MUNICIPAL
PA,TAX5449,42-015-1215990-LST-083004,"Rome, TWP of - LST (083004)",SCHOOL
PA,TAX5039,42-017-1214974-LST-097502,"Penndel, BORO of - LST",MUNICIPAL
PA,TAX5039,42-017-1214974-LST-097502,"Penndel, BORO of - LST",SCHOOL
PA,TAX365,42-105-1216969-LST-535504,"Bingham, TWP of - LST",MUNICIPAL
PA,TAX365,42-105-1216969-LST-535504,"Bingham, TWP of - LST",SCHOOL
PA,TAX1819,42-053-1216452-EIT-272003,"Green, TWP of - EIT (272003)",MUNICIPAL
PA,TAX1819,42-053-1216452-EIT-272003,"Green, TWP of - EIT (272003)",SCHOOL
PA,TAX3261,42-043-1216363-LST-221402,"Middle Paxton, TWP of - LST",MUNICIPAL
PA,TAX3261,42-043-1216363-LST-221402,"Middle Paxton, TWP of - LST",SCHOOL
PA,TAX6403,42-003-1214834-EIT-022803,"Wall, BORO of - EIT",MUNICIPAL
PA,TAX6403,42-003-1214834-EIT-022803,"Wall, BORO of - EIT",SCHOOL
PA,TAX1982,42-061-1216509-EIT-312503,"Henderson, TWP of - EIT (312503)",MUNICIPAL
PA,TAX1982,42-061-1216509-EIT-312503,"Henderson, TWP of - EIT (312503)",SCHOOL
PA,TAX1827,42-011-1215926-EIT-064003,"Greenwich, TWP of - EIT",MUNICIPAL
PA,TAX1827,42-011-1215926-EIT-064003,"Greenwich, TWP of - EIT",SCHOOL
PA,TAX6859,42-079-1216737-LST-401403,"Wright, TWP of - LST",MUNICIPAL
PA,TAX6859,42-079-1216737-LST-401403,"Wright, TWP of - LST",SCHOOL
PA,TAX5416,42-037-1216292-LST-197503,"Roaring Creek, TWP of - LST",MUNICIPAL
PA,TAX5416,42-037-1216292-LST-197503,"Roaring Creek, TWP of - LST",SCHOOL
PA,TAX1884,42-041-1216334-LST-211603,"Hampden, TWP of - LST",MUNICIPAL
PA,TAX1884,42-041-1216334-LST-211603,"Hampden, TWP of - LST",SCHOOL
PA,TAX1625,42-003-2086666-EIT-026852,"Franklin Park, BORO of - EIT",MUNICIPAL
PA,TAX1625,42-003-2086666-EIT-026852,"Franklin Park, BORO of - EIT",SCHOOL
PA,TAX215,42-095-1215489-LST-480803,"Bangor, BORO of - LST",MUNICIPAL
PA,TAX215,42-095-1215489-LST-480803,"Bangor, BORO of - LST",SCHOOL
PA,TAX6831,42-039-1216330-LST-204703,"Woodcock, TWP of - LST",MUNICIPAL
PA,TAX6831,42-039-1216330-LST-204703,"Woodcock, TWP of - LST",SCHOOL
PA,TAX3321,42-045-1215188-EIT-239452,"Millbourne, BORO of - EIT",MUNICIPAL
PA,TAX3321,42-045-1215188-EIT-239452,"Millbourne, BORO of - EIT",SCHOOL
PA,TAX6416,42-017-1216035-LST-092002,"Warminster, TWP of - LST",MUNICIPAL
PA,TAX6416,42-017-1216035-LST-092002,"Warminster, TWP of - LST",SCHOOL
PA,TAX4928,42-061-1215275-EIT-317503,"Orbisonia, BORO of - EIT",MUNICIPAL
PA,TAX4928,42-061-1215275-EIT-317503,"Orbisonia, BORO of - EIT",SCHOOL
PA,TAX5020,42-007-1215882-LST-041603,"Patterson, TWP of - LST",MUNICIPAL
PA,TAX5020,42-007-1215882-LST-041603,"Patterson, TWP of - LST",SCHOOL
PA,TAX3029,42-011-1214921-LST-064003,"Lyons, BORO of - LST",MUNICIPAL
PA,TAX3029,42-011-1214921-LST-064003,"Lyons, BORO of - LST",SCHOOL
PA,TAX309,42-027-1216118-EIT-148002,"Benner, TWP of - EIT (148002)",MUNICIPAL
PA,TAX309,42-027-1216118-EIT-148002,"Benner, TWP of - EIT (148002)",SCHOOL
PA,TAX6690,42-011-1214935-LST-069353,"West Reading, BORO of - LST",MUNICIPAL
PA,TAX6690,42-011-1214935-LST-069353,"West Reading, BORO of - LST",SCHOOL
PA,TAX3330,42-031-1216211-LST-161703,"Millcreek, TWP of - LST (161703)",MUNICIPAL
PA,TAX3330,42-031-1216211-LST-161703,"Millcreek, TWP of - LST (161703)",SCHOOL
PA,TAX1915,42-105-1216973-EIT-535504,"Harrison, TWP of - EIT (535504)",MUNICIPAL
PA,TAX1915,42-105-1216973-EIT-535504,"Harrison, TWP of - EIT (535504)",SCHOOL
PA,TAX2978,42-095-1216904-EIT-484803,"Lower Nazareth, TWP of - EIT",MUNICIPAL
PA,TAX2978,42-095-1216904-EIT-484803,"Lower Nazareth, TWP of - EIT",SCHOOL
PA,TAX3651,42-133-1215756-EIT-676703,"New Salem, BORO of - EIT",MUNICIPAL
PA,TAX3651,42-133-1215756-EIT-676703,"New Salem, BORO of - EIT",SCHOOL
PA,TAX3105,42-063-1215292-EIT-325203,"Marion Center, BORO of - EIT",MUNICIPAL
PA,TAX3105,42-063-1215292-EIT-325203,"Marion Center, BORO of - EIT",SCHOOL
PA,TAX2830,42-119-1215632-EIT-604003,"Lewisburg, BORO of - EIT",MUNICIPAL
PA,TAX2830,42-119-1215632-EIT-604003,"Lewisburg, BORO of - EIT",SCHOOL
PA,TAX2017,42-043-1215163-LST-228003,"Highspire, BORO of - LST",MUNICIPAL
PA,TAX2017,42-043-1215163-LST-228003,"Highspire, BORO of - LST",SCHOOL
PA,TAX2843,42-117-1215624-EIT-597003,"Liberty, BORO of - EIT (597003)",MUNICIPAL
PA,TAX2843,42-117-1215624-EIT-597003,"Liberty, BORO of - EIT (597003)",SCHOOL
PA,TAX3162,42-097-1215511-EIT-498003,"McEwensville, BORO of - EIT",MUNICIPAL
PA,TAX3162,42-097-1215511-EIT-498003,"McEwensville, BORO of - EIT",SCHOOL
PA,TAX1763,42-003-1214815-EIT-027753,"Glen Osborne, BORO of - EIT",MUNICIPAL
PA,TAX1763,42-003-1214815-EIT-027753,"Glen Osborne, BORO of - EIT",SCHOOL
PA,TAX5771,42-075-1216681-LST-380303,"South Annville, TWP of - LST",MUNICIPAL
PA,TAX5771,42-075-1216681-LST-380303,"South Annville, TWP of - LST",SCHOOL
PA,TAX512,42-051-1216429-EIT-260803,"Brownsville, TWP of - EIT",MUNICIPAL
PA,TAX512,42-051-1216429-EIT-260803,"Brownsville, TWP of - EIT",SCHOOL
PA,TAX783,42-059-1215253-EIT-303503,"Clarksville, BORO of - EIT",MUNICIPAL
PA,TAX783,42-059-1215253-EIT-303503,"Clarksville, BORO of - EIT",SCHOOL
PA,TAX3772,42-041-1216342-EIT-210503,"North Newton, TWP of - EIT",MUNICIPAL
PA,TAX3772,42-041-1216342-EIT-210503,"North Newton, TWP of - EIT",SCHOOL
PA,TAX6379,42-073-1215360-EIT-378003,"Volant, BORO of - EIT",MUNICIPAL
PA,TAX6379,42-073-1215360-EIT-378003,"Volant, BORO of - EIT",SCHOOL
PA,TAX1540,42-133-1217288-LST-676203,"Fawn, TWP of - LST (676203)",MUNICIPAL
PA,TAX1540,42-133-1217288-LST-676203,"Fawn, TWP of - LST (676203)",SCHOOL
PA,TAX5123,42-105-1216979-EIT-532804,"Pike, TWP of - EIT (532804)",MUNICIPAL
PA,TAX5123,42-105-1216979-EIT-532804,"Pike, TWP of - EIT (532804)",SCHOOL
PA,TAX6104,42-039-1215142-LST-617203,"Titusville, City of - LST",MUNICIPAL
PA,TAX6104,42-039-1215142-LST-617203,"Titusville, City of - LST",SCHOOL
PA,TAX5366,42-075-1215369-EIT-382303,"Richland, BORO of - EIT",MUNICIPAL
PA,TAX5366,42-075-1215369-EIT-382303,"Richland, BORO of - EIT",SCHOOL
PA,TAX6468,42-019-1216069-LST-105353,"Washington, TWP of - LST (105353)",MUNICIPAL
PA,TAX6468,42-019-1216069-LST-105353,"Washington, TWP of - LST (105353)",SCHOOL
PA,TAX3649,42-013-1214944-EIT-073503,"Newry, BORO of - EIT",MUNICIPAL
PA,TAX3649,42-013-1214944-EIT-073503,"Newry, BORO of - EIT",SCHOOL
PA,TAX2309,42-043-1216358-LST-229003,"Jefferson, TWP of - LST (229003)",MUNICIPAL
PA,TAX2309,42-043-1216358-LST-229003,"Jefferson, TWP of - LST (229003)",SCHOOL
PA,TAX264,42-037-1216273-LST-191203,"Beaver, TWP of - LST (191203)",MUNICIPAL
PA,TAX264,42-037-1216273-LST-191203,"Beaver, TWP of - LST (191203)",SCHOOL
PA,TAX5660,42-085-1216818-LST-437503,"Shenango, TWP of - LST (437503)",MUNICIPAL
PA,TAX5660,42-085-1216818-LST-437503,"Shenango, TWP of - LST (437503)",SCHOOL
PA,TAX2422,42-097-1215510-EIT-495103,"Kulpmont, BORO of - EIT",MUNICIPAL
PA,TAX2422,42-097-1215510-EIT-495103,"Kulpmont, BORO of - EIT",SCHOOL
PA,TAX1768,42-133-1215746-LST-219002,"Goldsboro, BORO of - LST",MUNICIPAL
PA,TAX1768,42-133-1215746-LST-219002,"Goldsboro, BORO of - LST",SCHOOL
PA,TAX1829,42-033-1216236-EIT-171803,"Greenwood, TWP of - EIT (171803)",MUNICIPAL
PA,TAX1829,42-033-1216236-EIT-171803,"Greenwood, TWP of - EIT (171803)",SCHOOL
PA,TAX2062,42-125-1217194-LST-630504,"Hopewell, TWP of - LST (630504)",MUNICIPAL
PA,TAX2062,42-125-1217194-LST-630504,"Hopewell, TWP of - LST (630504)",SCHOOL
PA,TAX3024,42-043-1216362-EIT-229003,"Lykens, TWP of - EIT",MUNICIPAL
PA,TAX3024,42-043-1216362-EIT-229003,"Lykens, TWP of - EIT",SCHOOL
PA,TAX2260,42-133-1217293-EIT-676703,"Jackson, TWP of - EIT (676703)",MUNICIPAL
PA,TAX2260,42-133-1217293-EIT-676703,"Jackson, TWP of - EIT (676703)",SCHOOL
PA,TAX492,42-009-1215889-EIT-058003,"Broad Top, TWP of - EIT",MUNICIPAL
PA,TAX492,42-009-1215889-EIT-058003,"Broad Top, TWP of - EIT",SCHOOL
PA,TAX2034,42-003-1214802-EIT-028833,"Homestead, BORO of - EIT",MUNICIPAL
PA,TAX2034,42-003-1214802-EIT-028833,"Homestead, BORO of - EIT",SCHOOL
PA,TAX1321,42-071-1215336-LST-363103,"East Petersburg, BORO of-LST",MUNICIPAL
PA,TAX1321,42-071-1215336-LST-363103,"East Petersburg, BORO of-LST",SCHOOL
PA,TAX3111,42-019-1216060-EIT-105353,"Marion, TWP of - EIT (105353)",MUNICIPAL
PA,TAX3111,42-019-1216060-EIT-105353,"Marion, TWP of - EIT (105353)",SCHOOL
PA,TAX729,42-063-1216539-EIT-326303,"Cherryhill, TWP of - EIT",MUNICIPAL
PA,TAX729,42-063-1216539-EIT-326303,"Cherryhill, TWP of - EIT",SCHOOL
PA,TAX3789,42-003-1215820-LST-022803,"North Versailles, TWP of - LST",MUNICIPAL
PA,TAX3789,42-003-1215820-LST-022803,"North Versailles, TWP of - LST",SCHOOL
PA,TAX6475,42-063-1216550-LST-325203,"Washington, TWP of - LST (325203)",MUNICIPAL
PA,TAX6475,42-063-1216550-LST-325203,"Washington, TWP of - LST (325203)",SCHOOL
PA,TAX466,42-003-1214776-EIT-021453,"Brentwood, BORO of - EIT",MUNICIPAL
PA,TAX466,42-003-1214776-EIT-021453,"Brentwood, BORO of - EIT",SCHOOL
PA,TAX6077,42-029-1216177-LST-159002,"Thornbury, TWP of - LST (159002)",MUNICIPAL
PA,TAX6077,42-029-1216177-LST-159002,"Thornbury, TWP of - LST (159002)",SCHOOL
PA,TAX1624,42-121-1215638-LST-612203,"Franklin, City of - LST",MUNICIPAL
PA,TAX1624,42-121-1215638-LST-612203,"Franklin, City of - LST",SCHOOL
PA,TAX3490,42-001-1215791-EIT-011603,"Mount Pleasant, TWP of - EIT (011603)",MUNICIPAL
PA,TAX3490,42-001-1215791-EIT-011603,"Mount Pleasant, TWP of - EIT (011603)",SCHOOL
PA,TAX5236,42-107-1215564-EIT-546103,"Port Carbon, BORO of - EIT",MUNICIPAL
PA,TAX5236,42-107-1215564-EIT-546103,"Port Carbon, BORO of - EIT",SCHOOL
PA,TAX6195,42-013-1215969-EIT-078003,"Tyrone, TWP of - EIT (078003)",MUNICIPAL
PA,TAX6195,42-013-1215969-EIT-078003,"Tyrone, TWP of - EIT (078003)",SCHOOL
PA,TAX3108,42-097-1215512-LST-495103,"Marion Heights, BORO of - LST",MUNICIPAL
PA,TAX3108,42-097-1215512-LST-495103,"Marion Heights, BORO of - LST",SCHOOL
PA,TAX6641,42-107-1217025-EIT-547203,"West Mahanoy, TWP of - EIT",MUNICIPAL
PA,TAX6641,42-107-1217025-EIT-547203,"West Mahanoy, TWP of - EIT",SCHOOL
PA,TAX6081,42-061-1215281-EIT-317503,"Three Springs, BORO of - EIT",MUNICIPAL
PA,TAX6081,42-061-1215281-EIT-317503,"Three Springs, BORO of - EIT",SCHOOL
PA,TAX313,42-017-1216010-LST-091002,"Bensalem, TWP of - LST",MUNICIPAL
PA,TAX313,42-017-1216010-LST-091002,"Bensalem, TWP of - LST",SCHOOL
PA,TAX2379,42-029-1215071-LST-154003,"Kennett Square, BORO of - LST",MUNICIPAL
PA,TAX2379,42-029-1215071-LST-154003,"Kennett Square, BORO of - LST",SCHOOL
PA,TAX2930,42-125-1215670-EIT-631503,"Long Branch, BORO of - EIT",MUNICIPAL
PA,TAX2930,42-125-1215670-EIT-631503,"Long Branch, BORO of - EIT",SCHOOL
PA,TAX940,42-041-1216331-LST-210503,"Cooke, TWP of - LST",MUNICIPAL
PA,TAX940,42-041-1216331-LST-210503,"Cooke, TWP of - LST",SCHOOL
PA,TAX14,42-109-1217027-EIT-555003,"Adams, TWP of - EIT (555003)",MUNICIPAL
PA,TAX14,42-109-1217027-EIT-555003,"Adams, TWP of - EIT (555003)",SCHOOL
PA,TAX5523,42-031-1216219-EIT-166503,"Salem, TWP of - EIT (166503)",MUNICIPAL
PA,TAX5523,42-031-1216219-EIT-166503,"Salem, TWP of - EIT (166503)",SCHOOL
PA,TAX1969,42-075-1216674-LST-382303,"Heidelberg, TWP of - LST (382303)",MUNICIPAL
PA,TAX1969,42-075-1216674-LST-382303,"Heidelberg, TWP of - LST (382303)",SCHOOL
PA,TAX488,42-017-1216012-EIT-091352,"Bristol, TWP of - EIT",MUNICIPAL
PA,TAX488,42-017-1216012-EIT-091352,"Bristol, TWP of - EIT",SCHOOL
PA,TAX1715,42-051-1216434-EIT-260303,"Georges, TWP of - EIT",MUNICIPAL
PA,TAX1715,42-051-1216434-EIT-260303,"Georges, TWP of - EIT",SCHOOL
PA,TAX657,42-077-1215373-EIT-391303,"Catasauqua, BORO of - EIT",MUNICIPAL
PA,TAX657,42-077-1215373-EIT-391303,"Catasauqua, BORO of - EIT",SCHOOL
PA,TAX2853,42-001-1215788-LST-013054,"Liberty, TWP of - LST (013054)",MUNICIPAL
PA,TAX2853,42-001-1215788-LST-013054,"Liberty, TWP of - LST (013054)",SCHOOL
PA,TAX6273,42-081-1216774-LST-415103,"Upper Fairfield, TWP of - LST",MUNICIPAL
PA,TAX6273,42-081-1216774-LST-415103,"Upper Fairfield, TWP of - LST",SCHOOL
PA,TAX2849,42-083-1216789-EIT-426303,"Liberty, TWP of - EIT (426303)",MUNICIPAL
PA,TAX2849,42-083-1216789-EIT-426303,"Liberty, TWP of - EIT (426303)",SCHOOL
PA,TAX5823,42-073-1215359-EIT-376203,"South New Castle, BORO of-EIT",MUNICIPAL
PA,TAX5823,42-073-1215359-EIT-376203,"South New Castle, BORO of-EIT",SCHOOL
PA,TAX6055,42-091-1217321-EIT-467103,"Telford, BORO of - EIT (467103)",MUNICIPAL
PA,TAX6055,42-091-1217321-EIT-467103,"Telford, BORO of - EIT (467103)",SCHOOL
PA,TAX3102,42-125-1215671-LST-631003,"Marianna, BORO of - LST",MUNICIPAL
PA,TAX3102,42-125-1215671-LST-631003,"Marianna, BORO of - LST",SCHOOL
PA,TAX3792,42-077-1216693-EIT-395103,"North Whitehall, TWP of - EIT",MUNICIPAL
PA,TAX3792,42-077-1216693-EIT-395103,"North Whitehall, TWP of - EIT",SCHOOL
PA,TAX1170,42-023-1215040-EIT-122703,"Driftwood, BORO of - EIT",MUNICIPAL
PA,TAX1170,42-023-1215040-EIT-122703,"Driftwood, BORO of - EIT",SCHOOL
PA,TAX6302,42-095-1216910-EIT-484803,"Upper Nazareth, TWP of - EIT",MUNICIPAL
PA,TAX6302,42-095-1216910-EIT-484803,"Upper Nazareth, TWP of - EIT",SCHOOL
PA,TAX1189,42-051-1216432-LST-261302,"Dunbar, TWP of - LST",MUNICIPAL
PA,TAX1189,42-051-1216432-LST-261302,"Dunbar, TWP of - LST",SCHOOL
PA,TAX2756,42-113-1217074-EIT-576303,"Laporte, TWP of - EIT",MUNICIPAL
PA,TAX2756,42-113-1217074-EIT-576303,"Laporte, TWP of - EIT",SCHOOL
PA,TAX176,42-015-1214949-LST-080503,"Athens, BORO of - LST",MUNICIPAL
PA,TAX176,42-015-1214949-LST-080503,"Athens, BORO of - LST",SCHOOL
PA,TAX1118,42-043-1216354-LST-221753,"Derry, TWP of - LST (221753)",MUNICIPAL
PA,TAX1118,42-043-1216354-LST-221753,"Derry, TWP of - LST (221753)",SCHOOL
PA,TAX496,42-123-1217158-EIT-628302,"Brokenstraw, TWP of - EIT",MUNICIPAL
PA,TAX496,42-123-1217158-EIT-628302,"Brokenstraw, TWP of - EIT",SCHOOL
PA,TAX6297,42-077-1216697-LST-392303,"Upper Milford, TWP of - LST",MUNICIPAL
PA,TAX6297,42-077-1216697-LST-392303,"Upper Milford, TWP of - LST",SCHOOL
PA,TAX6726,42-105-1216990-LST-530304,"Wharton, TWP of - LST (530304)",MUNICIPAL
PA,TAX6726,42-105-1216990-LST-530304,"Wharton, TWP of - LST (530304)",SCHOOL
PA,TAX6473,42-055-1216473-LST-289003,"Washington, TWP of - LST (289003)",MUNICIPAL
PA,TAX6473,42-055-1216473-LST-289003,"Washington, TWP of - LST (289003)",SCHOOL
PA,TAX1720,42-051-1216435-EIT-268003,"German, TWP of - EIT (268003)",MUNICIPAL
PA,TAX1720,42-051-1216435-EIT-268003,"German, TWP of - EIT (268003)",SCHOOL
PA,TAX5646,42-003-1214826-LST-023912,"Sharpsburg, BORO of - LST",MUNICIPAL
PA,TAX5646,42-003-1214826-LST-023912,"Sharpsburg, BORO of - LST",SCHOOL
PA,TAX3518,42-011-1215936-EIT-065503,"Muhlenberg, TWP of - EIT",MUNICIPAL
PA,TAX3518,42-011-1215936-EIT-065503,"Muhlenberg, TWP of - EIT",SCHOOL
PA,TAX6857,42-133-1215769-LST-672203,"Wrightsville, BORO of - LST",MUNICIPAL
PA,TAX6857,42-133-1215769-LST-672203,"Wrightsville, BORO of - LST",SCHOOL
PA,TAX5271,42-107-1215566-LST-546103,"Pottsville, City of - LST",MUNICIPAL
PA,TAX5271,42-107-1215566-LST-546103,"Pottsville, City of - LST",SCHOOL
PA,TAX913,42-039-1216300-EIT-201033,"Conneaut, TWP of - EIT (201033)",MUNICIPAL
PA,TAX913,42-039-1216300-EIT-201033,"Conneaut, TWP of - EIT (201033)",SCHOOL
PA,TAX6247,42-107-1217019-LST-545003,"Union, TWP of - LST (545003)",MUNICIPAL
PA,TAX6247,42-107-1217019-LST-545003,"Union, TWP of - LST (545003)",SCHOOL
PA,TAX1610,42-113-1217072-EIT-576303,"Fox, TWP of - EIT (576303)",MUNICIPAL
PA,TAX1610,42-113-1217072-EIT-576303,"Fox, TWP of - EIT (576303)",SCHOOL
PA,TAX952,42-093-1216888-EIT-471803,"Cooper, TWP of - EIT (471803)",MUNICIPAL
PA,TAX952,42-093-1216888-EIT-471803,"Cooper, TWP of - EIT (471803)",SCHOOL
PA,TAX74,42-121-1217138-EIT-617203,"Allegheny, TWP of - EIT (617203)",MUNICIPAL
PA,TAX74,42-121-1217138-EIT-617203,"Allegheny, TWP of - EIT (617203)",SCHOOL
PA,TAX3583,42-017-1214971-EIT-092102,"New Britain, BORO of - EIT",MUNICIPAL
PA,TAX3583,42-017-1214971-EIT-092102,"New Britain, BORO of - EIT",SCHOOL
PA,TAX1644,42-001-1215780-LST-013753,"Franklin, TWP of - LST (013753)",MUNICIPAL
PA,TAX1644,42-001-1215780-LST-013753,"Franklin, TWP of - LST (013753)",SCHOOL
PA,TAX5216,42-051-1215236-EIT-260303,"Point Marion, BORO of - EIT",MUNICIPAL
PA,TAX5216,42-051-1215236-EIT-260303,"Point Marion, BORO of - EIT",SCHOOL
PA,TAX5841,42-003-1215833-LST-026002,"South Versailles, TWP of-LST (026002)",MUNICIPAL
PA,TAX5841,42-003-1215833-LST-026002,"South Versailles, TWP of-LST (026002)",SCHOOL
PA,TAX1473,42-051-1215227-EIT-657503,"Everson, BORO of - EIT",MUNICIPAL
PA,TAX1473,42-051-1215227-EIT-657503,"Everson, BORO of - EIT",SCHOOL
PA,TAX3287,42-067-1215309-LST-343603,"Mifflin, BORO of - LST",MUNICIPAL
PA,TAX3287,42-067-1215309-LST-343603,"Mifflin, BORO of - LST",SCHOOL
PA,TAX1137,42-011-1215922-LST-060853,"District, TWP of - LST",MUNICIPAL
PA,TAX1137,42-011-1215922-LST-060853,"District, TWP of - LST",SCHOOL
PA,TAX3735,42-133-1217300-LST-676703,"North Codorus, TWP of - LST",MUNICIPAL
PA,TAX3735,42-133-1217300-LST-676703,"North Codorus, TWP of - LST",SCHOOL
PA,TAX755,42-021-1216076-LST-111203,"Chest, TWP of - LST (111203)",MUNICIPAL
PA,TAX755,42-021-1216076-LST-111203,"Chest, TWP of - LST (111203)",SCHOOL
PA,TAX3107,42-097-1215512-EIT-495103,"Marion Heights, BORO of - EIT",MUNICIPAL
PA,TAX3107,42-097-1215512-EIT-495103,"Marion Heights, BORO of - EIT",SCHOOL
PA,TAX885,42-045-1215179-EIT-239652,"Colwyn, BORO of - EIT",MUNICIPAL
PA,TAX885,42-045-1215179-EIT-239652,"Colwyn, BORO of - EIT",SCHOOL
PA,TAX1259,42-071-1216623-LST-367003,"East Drumore, TWP of - LST",MUNICIPAL
PA,TAX1259,42-071-1216623-LST-367003,"East Drumore, TWP of - LST",SCHOOL
PA,TAX1688,42-071-1216630-LST-367003,"Fulton, TWP of - LST",MUNICIPAL
PA,TAX1688,42-071-1216630-LST-367003,"Fulton, TWP of - LST",SCHOOL
PA,TAX864,42-011-1215920-LST-060753,"Colebrookdale, TWP of - LST",MUNICIPAL
PA,TAX864,42-011-1215920-LST-060753,"Colebrookdale, TWP of - LST",SCHOOL
PA,TAX6829,42-039-1215145-LST-204703,"Woodcock, BORO of - LST",MUNICIPAL
PA,TAX6829,42-039-1215145-LST-204703,"Woodcock, BORO of - LST",SCHOOL
PA,TAX2952,42-041-1216337-EIT-210503,"Lower Frankford, TWP of - EIT",MUNICIPAL
PA,TAX2952,42-041-1216337-EIT-210503,"Lower Frankford, TWP of - EIT",SCHOOL
PA,TAX3034,42-129-1215707-LST-658903,"Madison, BORO of - LST",MUNICIPAL
PA,TAX3034,42-129-1215707-LST-658903,"Madison, BORO of - LST",SCHOOL
PA,TAX3660,42-069-1216604-LST-350303,"Newton, TWP of - LST",MUNICIPAL
PA,TAX3660,42-069-1216604-LST-350303,"Newton, TWP of - LST",SCHOOL
PA,TAX1064,42-051-1215225-EIT-261302,"Dawson, BORO of - EIT",MUNICIPAL
PA,TAX1064,42-051-1215225-EIT-261302,"Dawson, BORO of - EIT",SCHOOL
PA,TAX5900,42-133-1217308-LST-679403,"Spring Garden, TWP of - LST",MUNICIPAL
PA,TAX5900,42-133-1217308-LST-679403,"Spring Garden, TWP of - LST",SCHOOL
PA,TAX2737,42-071-1216631-LST-364002,"Lancaster, TWP of - LST (364002)",MUNICIPAL
PA,TAX2737,42-071-1216631-LST-364002,"Lancaster, TWP of - LST (364002)",SCHOOL
PA,TAX109,42-013-1214939-LST-070502,"Altoona, City of - LST",MUNICIPAL
PA,TAX109,42-013-1214939-LST-070502,"Altoona, City of - LST",SCHOOL
PA,TAX5331,42-005-1215857-LST-030852,"Rayburn, TWP of - LST",MUNICIPAL
PA,TAX5331,42-005-1215857-LST-030852,"Rayburn, TWP of - LST",SCHOOL
PA,TAX556,42-005-1215841-EIT-030852,"Burrell, TWP of - EIT (030852)",MUNICIPAL
PA,TAX556,42-005-1215841-EIT-030852,"Burrell, TWP of - EIT (030852)",SCHOOL
PA,TAX5487,42-043-1216366-EIT-548803,"Rush, TWP of - EIT (548803)",MUNICIPAL
PA,TAX5487,42-043-1216366-EIT-548803,"Rush, TWP of - EIT (548803)",SCHOOL
PA,TAX3136,42-051-1215232-LST-260303,"Masontown, BORO of - LST",MUNICIPAL
PA,TAX3136,42-051-1215232-LST-260303,"Masontown, BORO of - LST",SCHOOL
PA,TAX5845,42-129-1215724-EIT-653203,"Southwest Greensburg, BORO of-EIT",MUNICIPAL
PA,TAX5845,42-129-1215724-EIT-653203,"Southwest Greensburg, BORO of-EIT",SCHOOL
PA,TAX5645,42-003-1214826-EIT-023912,"Sharpsburg, BORO of - EIT",MUNICIPAL
PA,TAX5645,42-003-1214826-EIT-023912,"Sharpsburg, BORO of - EIT",SCHOOL
PA,TAX3431,42-003-1215816-EIT-026343,"Moon, TWP of - EIT",MUNICIPAL
PA,TAX3431,42-003-1215816-EIT-026343,"Moon, TWP of - EIT",SCHOOL
PA,TAX4913,42-087-1216831-EIT-444602,"Oliver, TWP of - EIT (444602)",MUNICIPAL
PA,TAX4913,42-087-1216831-EIT-444602,"Oliver, TWP of - EIT (444602)",SCHOOL
PA,TAX6269,42-045-1216394-LST-239452,"Upper Darby, TWP of - LST",MUNICIPAL
PA,TAX6269,42-045-1216394-LST-239452,"Upper Darby, TWP of - LST",SCHOOL
PA,TAX2344,42-047-1216403-LST-243503,"Jones, TWP of - LST (243503)",MUNICIPAL
PA,TAX2344,42-047-1216403-LST-243503,"Jones, TWP of - LST (243503)",SCHOOL
PA,TAX2815,42-131-1217268-LST-667503,"Lemon, TWP of - LST",MUNICIPAL
PA,TAX2815,42-131-1217268-LST-667503,"Lemon, TWP of - LST",SCHOOL
PA,TAX6509,42-055-1215248-EIT-289003,"Waynesboro, BORO of - EIT",MUNICIPAL
PA,TAX6509,42-055-1215248-EIT-289003,"Waynesboro, BORO of - EIT",SCHOOL
PA,TAX3705,42-069-1216605-LST-350303,"North Abington, TWP of - LST",MUNICIPAL
PA,TAX3705,42-069-1216605-LST-350303,"North Abington, TWP of - LST",SCHOOL
PA,TAX3063,42-011-1215933-LST-062503,"Maidencreek, TWP of - LST",MUNICIPAL
PA,TAX3063,42-011-1215933-LST-062503,"Maidencreek, TWP of - LST",SCHOOL
PA,TAX100,42-011-1215913-EIT-066503,"Alsace, TWP of - EIT",MUNICIPAL
PA,TAX100,42-011-1215913-EIT-066503,"Alsace, TWP of - EIT",SCHOOL
PA,TAX4962,42-085-1216811-LST-431304,"Otter Creek, TWP of - LST",MUNICIPAL
PA,TAX4962,42-085-1216811-LST-431304,"Otter Creek, TWP of - LST",SCHOOL
PA,TAX3173,42-003-1214807-LST-026002,"McKeesport, City of - LST",MUNICIPAL
PA,TAX3173,42-003-1214807-LST-026002,"McKeesport, City of - LST",SCHOOL
PA,TAX1813,42-129-1215700-EIT-653203,"Greensburg, City of - EIT (653203)",MUNICIPAL
PA,TAX1813,42-129-1215700-EIT-653203,"Greensburg, City of - EIT (653203)",SCHOOL
PA,TAX2748,42-045-1215185-EIT-239652,"Lansdowne, BORO of - EIT",MUNICIPAL
PA,TAX2748,42-045-1215185-EIT-239652,"Lansdowne, BORO of - EIT",SCHOOL
PA,TAX6469,42-021-1216098-LST-116003,"Washington, TWP of - LST (116003)",MUNICIPAL
PA,TAX6469,42-021-1216098-LST-116003,"Washington, TWP of - LST (116003)",SCHOOL
PA,TAX2084,42-107-1217004-EIT-547803,"Hubley, TWP of - EIT",MUNICIPAL
PA,TAX2084,42-107-1217004-EIT-547803,"Hubley, TWP of - EIT",SCHOOL
PA,TAX6095,42-117-1215628-EIT-596003,"Tioga, BORO of - EIT",MUNICIPAL
PA,TAX6095,42-117-1215628-EIT-596003,"Tioga, BORO of - EIT",SCHOOL
PA,TAX390,42-069-1215314-EIT-358403,"Blakely, BORO of - EIT",MUNICIPAL
PA,TAX390,42-069-1215314-EIT-358403,"Blakely, BORO of - EIT",SCHOOL
PA,TAX6203,42-015-1216001-LST-080503,"Ulster, TWP of - LST",MUNICIPAL
PA,TAX6203,42-015-1216001-LST-080503,"Ulster, TWP of - LST",SCHOOL
PA,TAX5185,42-003-1214819-LST-029553,"Pleasant Hills, BORO of - LST (029553)",MUNICIPAL
PA,TAX5185,42-003-1214819-LST-029553,"Pleasant Hills, BORO of - LST (029553)",SCHOOL
PA,TAX6335,42-121-1215644-LST-612203,"Utica, BORO of - LST",MUNICIPAL
PA,TAX6335,42-121-1215644-LST-612203,"Utica, BORO of - LST",SCHOOL
PA,TAX1548,42-069-1216597-LST-351303,"Fell, TWP of - LST",MUNICIPAL
PA,TAX1548,42-069-1216597-LST-351303,"Fell, TWP of - LST",SCHOOL
PA,TAX3256,42-109-1217033-EIT-555003,"Middlecreek, TWP of - EIT (555003)",MUNICIPAL
PA,TAX3256,42-109-1217033-EIT-555003,"Middlecreek, TWP of - EIT (555003)",SCHOOL
PA,TAX2875,42-119-1217134-EIT-605003,"Limestone, TWP of - EIT (605003)",MUNICIPAL
PA,TAX2875,42-119-1217134-EIT-605003,"Limestone, TWP of - EIT (605003)",SCHOOL
PA,TAX1191,42-099-1215524-LST-506003,"Duncannon, BORO of - LST",MUNICIPAL
PA,TAX1191,42-099-1215524-LST-506003,"Duncannon, BORO of - LST",SCHOOL
PA,TAX5809,42-129-1217258-EIT-658903,"South Huntingdon, TWP of-EIT",MUNICIPAL
PA,TAX5809,42-129-1217258-EIT-658903,"South Huntingdon, TWP of-EIT",SCHOOL
PA,TAX6525,42-043-1216372-LST-222504,"Wayne, TWP of - LST (222504)",MUNICIPAL
PA,TAX6525,42-043-1216372-LST-222504,"Wayne, TWP of - LST (222504)",SCHOOL
PA,TAX678,42-059-1215252-LST-308503,"Center, TWP of - LST (308503)",MUNICIPAL
PA,TAX678,42-059-1215252-LST-308503,"Center, TWP of - LST (308503)",SCHOOL
PA,TAX3357,42-097-1215513-EIT-495003,"Milton, BORO of - EIT",MUNICIPAL
PA,TAX3357,42-097-1215513-EIT-495003,"Milton, BORO of - EIT",SCHOOL
PA,TAX33,42-011-1215912-LST-064003,"Albany, TWP of - LST (064003)",MUNICIPAL
PA,TAX33,42-011-1215912-LST-064003,"Albany, TWP of - LST (064003)",SCHOOL
PA,TAX2059,42-009-1215895-LST-056004,"Hopewell, TWP of - LST (056004)",MUNICIPAL
PA,TAX2059,42-009-1215895-LST-056004,"Hopewell, TWP of - LST (056004)",SCHOOL
PA,TAX518,42-019-1214984-EIT-103603,"Bruin, BORO of - EIT",MUNICIPAL
PA,TAX518,42-019-1214984-EIT-103603,"Bruin, BORO of - EIT",SCHOOL
PA,TAX6772,42-043-1215172-EIT-548803,"Williamstown, BORO of - EIT",MUNICIPAL
PA,TAX6772,42-043-1215172-EIT-548803,"Williamstown, BORO of - EIT",SCHOOL
PA,TAX1086,42-107-1215547-EIT-540803,"Deer Lake, BORO of - EIT",MUNICIPAL
PA,TAX1086,42-107-1215547-EIT-540803,"Deer Lake, BORO of - EIT",SCHOOL
PA,TAX2772,42-129-1217442-EIT-654903,"Laurel Mountain, BORO of-EIT",MUNICIPAL
PA,TAX2772,42-129-1217442-EIT-654903,"Laurel Mountain, BORO of-EIT",SCHOOL
PA,TAX6347,42-093-1216894-EIT-471803,"Valley, TWP of - EIT (471803)",MUNICIPAL
PA,TAX6347,42-093-1216894-EIT-471803,"Valley, TWP of - EIT (471803)",SCHOOL
PA,TAX6207,42-105-1216988-LST-535504,"Ulysses, TWP of - LST",MUNICIPAL
PA,TAX6207,42-105-1216988-LST-535504,"Ulysses, TWP of - LST",SCHOOL
PA,TAX3795,42-013-1215966-LST-077503,"North Woodbury, TWP of - LST",MUNICIPAL
PA,TAX3795,42-013-1215966-LST-077503,"North Woodbury, TWP of - LST",SCHOOL
PA,TAX558,42-005-1215841-LST-030852,"Burrell, TWP of - LST (030852)",MUNICIPAL
PA,TAX558,42-005-1215841-LST-030852,"Burrell, TWP of - LST (030852)",SCHOOL
PA,TAX606,42-063-1216537-LST-338003,"Canoe, TWP of - LST (338003)",MUNICIPAL
PA,TAX606,42-063-1216537-LST-338003,"Canoe, TWP of - LST (338003)",SCHOOL
PA,TAX5493,42-043-1216366-LST-548803,"Rush, TWP of - LST (548803)",MUNICIPAL
PA,TAX5493,42-043-1216366-LST-548803,"Rush, TWP of - LST (548803)",SCHOOL
PA,TAX5069,42-033-1216244-LST-171803,"Penn, TWP of - LST (171803)",MUNICIPAL
PA,TAX5069,42-033-1216244-LST-171803,"Penn, TWP of - LST (171803)",SCHOOL
PA,TAX6687,42-009-1215909-EIT-053003,"West Providence, TWP of - EIT",MUNICIPAL
PA,TAX6687,42-009-1215909-EIT-053003,"West Providence, TWP of - EIT",SCHOOL
PA,TAX611,42-015-1215977-EIT-081003,"Canton, TWP of - EIT (081003)",MUNICIPAL
PA,TAX611,42-015-1215977-EIT-081003,"Canton, TWP of - EIT (081003)",SCHOOL
PA,TAX5899,42-133-1217308-EIT-679403,"Spring Garden, TWP of - EIT",MUNICIPAL
PA,TAX5899,42-133-1217308-EIT-679403,"Spring Garden, TWP of - EIT",SCHOOL
PA,TAX3679,42-051-1216440-EIT-260303,"Nicholson, TWP of - EIT (260303)",MUNICIPAL
PA,TAX3679,42-051-1216440-EIT-260303,"Nicholson, TWP of - EIT (260303)",SCHOOL
PA,TAX1027,42-081-1216746-LST-414003,"Cummings, TWP of - LST",MUNICIPAL
PA,TAX1027,42-081-1216746-LST-414003,"Cummings, TWP of - LST",SCHOOL
PA,TAX680,42-109-1217029-LST-555003,"Center, TWP of - LST (555003)",MUNICIPAL
PA,TAX680,42-109-1217029-LST-555003,"Center, TWP of - LST (555003)",SCHOOL
PA,TAX245,42-079-1216702-LST-408852,"Bear Creek, TWP of - LST",MUNICIPAL
PA,TAX245,42-079-1216702-LST-408852,"Bear Creek, TWP of - LST",SCHOOL
PA,TAX1268,42-125-1217191-EIT-633903,"East Finley, TWP of - EIT",MUNICIPAL
PA,TAX1268,42-125-1217191-EIT-633903,"East Finley, TWP of - EIT",SCHOOL
PA,TAX6159,42-017-1214982-LST-098202,"Tullytown, BORO of - LST",MUNICIPAL
PA,TAX6159,42-017-1214982-LST-098202,"Tullytown, BORO of - LST",SCHOOL
PA,TAX571,42-107-1216994-LST-545003,"Butler, TWP of - LST (545003)",MUNICIPAL
PA,TAX571,42-107-1216994-LST-545003,"Butler, TWP of - LST (545003)",SCHOOL
PA,TAX3320,42-111-1217056-LST-566303,"Milford, TWP of - LST (566303)",MUNICIPAL
PA,TAX3320,42-111-1217056-LST-566303,"Milford, TWP of - LST (566303)",SCHOOL
PA,TAX4963,42-083-1216791-EIT-426003,"Otto, TWP of - EIT",MUNICIPAL
PA,TAX4963,42-083-1216791-EIT-426003,"Otto, TWP of - EIT",SCHOOL
PA,TAX914,42-049-1216409-EIT-258503,"Conneaut, TWP of - EIT (258503)",MUNICIPAL
PA,TAX914,42-049-1216409-EIT-258503,"Conneaut, TWP of - EIT (258503)",SCHOOL
PA,TAX4986,42-095-1216907-EIT-483302,"Palmer, TWP of - EIT (483302)",MUNICIPAL
PA,TAX4986,42-095-1216907-EIT-483302,"Palmer, TWP of - EIT (483302)",SCHOOL
PA,TAX1806,42-069-1216599-LST-354603,"Greenfield, TWP of - LST (354603)",MUNICIPAL
PA,TAX1806,42-069-1216599-LST-354603,"Greenfield, TWP of - LST (354603)",SCHOOL
PA,TAX5165,42-003-1214818-EIT-027451,Pittsburgh - EIT (027451),MUNICIPAL
PA,TAX5165,42-003-1214818-EIT-027451,Pittsburgh - EIT (027451),SCHOOL
PA,TAX5908,42-027-1216138-EIT-141103,"Spring, TWP of - EIT (141103)",MUNICIPAL
PA,TAX5908,42-027-1216138-EIT-141103,"Spring, TWP of - EIT (141103)",SCHOOL
PA,TAX3409,42-041-1216340-LST-211603,"Monroe, TWP of - LST (211603)",MUNICIPAL
PA,TAX3409,42-041-1216340-LST-211603,"Monroe, TWP of - LST (211603)",SCHOOL
PA,TAX2286,42-129-1215704-EIT-657103,"Jeannette, City of - EIT (657103)",MUNICIPAL
PA,TAX2286,42-129-1215704-EIT-657103,"Jeannette, City of - EIT (657103)",SCHOOL
PA,TAX1575,42-005-1214849-EIT-030852,"Ford City, BORO of - EIT",MUNICIPAL
PA,TAX1575,42-005-1214849-EIT-030852,"Ford City, BORO of - EIT",SCHOOL
PA,TAX5860,42-039-1729681-LST-251453,"Sparta, TWP of - LST",MUNICIPAL
PA,TAX5860,42-039-1729681-LST-251453,"Sparta, TWP of - LST",SCHOOL
PA,TAX6855,42-017-1216039-LST-092353,"Wrightstown, TWP of - LST",MUNICIPAL
PA,TAX6855,42-017-1216039-LST-092353,"Wrightstown, TWP of - LST",SCHOOL
PA,TAX5562,42-099-1216949-EIT-508003,"Saville, TWP of - EIT",MUNICIPAL
PA,TAX5562,42-099-1216949-EIT-508003,"Saville, TWP of - EIT",SCHOOL
PA,TAX5180,42-049-1215217-EIT-258503,"Platea, BORO of - EIT",MUNICIPAL
PA,TAX5180,42-049-1215217-EIT-258503,"Platea, BORO of - EIT",SCHOOL
PA,TAX6066,42-127-1217231-EIT-648703,"Texas, TWP of - EIT (648703)",MUNICIPAL
PA,TAX6066,42-127-1217231-EIT-648703,"Texas, TWP of - EIT (648703)",SCHOOL
PA,TAX1888,42-133-1215748-LST-672803,"Hanover, BORO of - LST",MUNICIPAL
PA,TAX1888,42-133-1215748-LST-672803,"Hanover, BORO of - LST",SCHOOL
PA,TAX5763,42-041-1216346-EIT-218003,"Southampton, TWP of - EIT (218003)",MUNICIPAL
PA,TAX5763,42-041-1216346-EIT-218003,"Southampton, TWP of - EIT (218003)",SCHOOL
PA,TAX800,42-075-1215362-LST-380303,"Cleona, BORO of - LST",MUNICIPAL
PA,TAX800,42-075-1215362-LST-380303,"Cleona, BORO of - LST",SCHOOL
PA,TAX553,42-033-2086591-EIT-173504,"Burnside, TWP of - EIT (173504)",MUNICIPAL
PA,TAX553,42-033-2086591-EIT-173504,"Burnside, TWP of - EIT (173504)",SCHOOL
PA,TAX1200,42-069-1215320-EIT-352203,"Dunmore, BORO of - EIT",MUNICIPAL
PA,TAX1200,42-069-1215320-EIT-352203,"Dunmore, BORO of - EIT",SCHOOL
PA,TAX3335,42-043-1215166-EIT-226103,"Millersburg, BORO of - EIT",MUNICIPAL
PA,TAX3335,42-043-1215166-EIT-226103,"Millersburg, BORO of - EIT",SCHOOL
PA,TAX2060,42-061-1216510-LST-058003,"Hopewell, TWP of - LST (058003)",MUNICIPAL
PA,TAX2060,42-061-1216510-LST-058003,"Hopewell, TWP of - LST (058003)",SCHOOL
PA,TAX1076,42-087-1216827-LST-444602,"Decatur, TWP of - LST (444602)",MUNICIPAL
PA,TAX1076,42-087-1216827-LST-444602,"Decatur, TWP of - LST (444602)",SCHOOL
PA,TAX3170,42-049-1216419-EIT-253903,"McKean, TWP of - EIT",MUNICIPAL
PA,TAX3170,42-049-1216419-EIT-253903,"McKean, TWP of - EIT",SCHOOL
PA,TAX2960,42-077-1216689-EIT-392303,"Lower Macungie, TWP of - EIT",MUNICIPAL
PA,TAX2960,42-077-1216689-EIT-392303,"Lower Macungie, TWP of - EIT",SCHOOL
PA,TAX969,42-083-1216782-LST-420803,"Corydon, TWP of - LST",MUNICIPAL
PA,TAX969,42-083-1216782-LST-420803,"Corydon, TWP of - LST",SCHOOL
PA,TAX5713,42-019-1216066-EIT-107503,"Slippery Rock, TWP of - EIT (107503)",MUNICIPAL
PA,TAX5713,42-019-1216066-EIT-107503,"Slippery Rock, TWP of - EIT (107503)",SCHOOL
PA,TAX4951,42-107-1215561-LST-540803,"Orwigsburg, BORO of - LST",MUNICIPAL
PA,TAX4951,42-107-1215561-LST-540803,"Orwigsburg, BORO of - LST",SCHOOL
PA,TAX2083,42-099-1216940-LST-504003,"Howe, TWP of - LST (504003)",MUNICIPAL
PA,TAX2083,42-099-1216940-LST-504003,"Howe, TWP of - LST (504003)",SCHOOL
PA,TAX2842,42-003-1214805-EIT-028653,"Liberty, BORO of - EIT (028653)",MUNICIPAL
PA,TAX2842,42-003-1214805-EIT-028653,"Liberty, BORO of - EIT (028653)",SCHOOL
PA,TAX5274,42-121-1217152-EIT-272003,"President, TWP of - EIT (272003)",MUNICIPAL
PA,TAX5274,42-121-1217152-EIT-272003,"President, TWP of - EIT (272003)",SCHOOL
PA,TAX5582,42-091-1215482-LST-466103,"Schwenksville, BORO of - LST",MUNICIPAL
PA,TAX5582,42-091-1215482-LST-466103,"Schwenksville, BORO of - LST",SCHOOL
PA,TAX3262,42-107-1215556-EIT-546803,"Middleport, BORO of - EIT",MUNICIPAL
PA,TAX3262,42-107-1215556-EIT-546803,"Middleport, BORO of - EIT",SCHOOL
PA,TAX960,42-121-1217142-EIT-616203,"Cornplanter, TWP of - EIT",MUNICIPAL
PA,TAX960,42-121-1217142-EIT-616203,"Cornplanter, TWP of - EIT",SCHOOL
PA,TAX1168,42-127-1217218-EIT-648303,"Dreher, TWP of - EIT",MUNICIPAL
PA,TAX1168,42-127-1217218-EIT-648303,"Dreher, TWP of - EIT",SCHOOL
PA,TAX3749,42-003-1215819-LST-029403,"North Fayette, TWP of - LST",MUNICIPAL
PA,TAX3749,42-003-1215819-LST-029403,"North Fayette, TWP of - LST",SCHOOL
PA,TAX1980,42-085-1216802-LST-432803,"Hempfield, TWP of - LST (432803)",MUNICIPAL
PA,TAX1980,42-085-1216802-LST-432803,"Hempfield, TWP of - LST (432803)",SCHOOL
PA,TAX911,42-039-1215134-EIT-201033,"Conneaut Lake, BORO of - EIT",MUNICIPAL
PA,TAX911,42-039-1215134-EIT-201033,"Conneaut Lake, BORO of - EIT",SCHOOL
PA,TAX2923,42-029-1216165-EIT-156503,"Londonderry, TWP of - EIT (156503)",MUNICIPAL
PA,TAX2923,42-029-1216165-EIT-156503,"Londonderry, TWP of - EIT (156503)",SCHOOL
PA,TAX958,42-003-1214784-EIT-022103,"Coraopolis, BORO of - EIT",MUNICIPAL
PA,TAX958,42-003-1214784-EIT-022103,"Coraopolis, BORO of - EIT",SCHOOL
PA,TAX5253,42-081-1216771-LST-414003,"Porter, TWP of - LST (414003)",MUNICIPAL
PA,TAX5253,42-081-1216771-LST-414003,"Porter, TWP of - LST (414003)",SCHOOL
PA,TAX2810,42-079-1216724-LST-403903,"Lehman, TWP of - LST (403903)",MUNICIPAL
PA,TAX2810,42-079-1216724-LST-403903,"Lehman, TWP of - LST (403903)",SCHOOL
PA,TAX2950,42-045-1216384-EIT-231303,"Lower Chichester, TWP of-EIT",MUNICIPAL
PA,TAX2950,42-045-1216384-EIT-231303,"Lower Chichester, TWP of-EIT",SCHOOL
PA,TAX2256,42-109-1217032-EIT-557103,"Jackson, TWP of - EIT (557103)",MUNICIPAL
PA,TAX2256,42-109-1217032-EIT-557103,"Jackson, TWP of - EIT (557103)",SCHOOL
PA,TAX3739,42-029-1216170-LST-156603,"North Coventry, TWP of - LST",MUNICIPAL
PA,TAX3739,42-029-1216170-LST-156603,"North Coventry, TWP of - LST",SCHOOL
PA,TAX3032,42-077-1215378-LST-392303,"Macungie, BORO of - LST",MUNICIPAL
PA,TAX3032,42-077-1215378-LST-392303,"Macungie, BORO of - LST",SCHOOL
PA,TAX5733,42-125-1217205-EIT-631203,"Smith, TWP of - EIT",MUNICIPAL
PA,TAX5733,42-125-1217205-EIT-631203,"Smith, TWP of - EIT",SCHOOL
PA,TAX6685,42-091-1216883-EIT-466303,"West Pottsgrove, TWP of - EIT",MUNICIPAL
PA,TAX6685,42-091-1216883-EIT-466303,"West Pottsgrove, TWP of - EIT",SCHOOL
PA,TAX192,42-035-1215113-LST-414003,"Avis, BORO of - LST",MUNICIPAL
PA,TAX192,42-035-1215113-LST-414003,"Avis, BORO of - LST",SCHOOL
PA,TAX5336,42-011-1214924-EIT-067002,"Reading, City of - EIT",MUNICIPAL
PA,TAX5336,42-011-1214924-EIT-067002,"Reading, City of - EIT",SCHOOL
PA,TAX742,42-045-1215175-LST-231232,"Chester, City of - LST",MUNICIPAL
PA,TAX742,42-045-1215175-LST-231232,"Chester, City of - LST",SCHOOL
PA,TAX607,42-125-1215655-EIT-631703,"Canonsburg, BORO of - EIT",MUNICIPAL
PA,TAX607,42-125-1215655-EIT-631703,"Canonsburg, BORO of - EIT",SCHOOL
PA,TAX5087,42-005-1215854-EIT-103603,"Perry, TWP of - EIT (103603)",MUNICIPAL
PA,TAX5087,42-005-1215854-EIT-103603,"Perry, TWP of - EIT (103603)",SCHOOL
PA,TAX5746,42-065-1216572-EIT-330703,"Snyder, TWP of - EIT (330703)",MUNICIPAL
PA,TAX5746,42-065-1216572-EIT-330703,"Snyder, TWP of - EIT (330703)",SCHOOL
PA,TAX5796,42-021-1215034-LST-112203,"South Fork, BORO of - LST",MUNICIPAL
PA,TAX5796,42-021-1215034-LST-112203,"South Fork, BORO of - LST",SCHOOL
PA,TAX5150,42-085-1216813-EIT-432903,"Pine, TWP of - EIT (432903)",MUNICIPAL
PA,TAX5150,42-085-1216813-EIT-432903,"Pine, TWP of - EIT (432903)",SCHOOL
PA,TAX3621,42-017-1214972-EIT-097604,"New Hope, BORO of - EIT",MUNICIPAL
PA,TAX3621,42-017-1214972-EIT-097604,"New Hope, BORO of - EIT",SCHOOL
PA,TAX6054,42-073-1216665-LST-375302,"Taylor, TWP of - LST (375302)",MUNICIPAL
PA,TAX6054,42-073-1216665-LST-375302,"Taylor, TWP of - LST (375302)",SCHOOL
PA,TAX5309,42-007-1215884-EIT-044103,"Raccoon, TWP of - EIT",MUNICIPAL
PA,TAX5309,42-007-1215884-EIT-044103,"Raccoon, TWP of - EIT",SCHOOL
PA,TAX5742,42-073-1215358-LST-375003,"S.N.P.J., BORO of - LST",MUNICIPAL
PA,TAX5742,42-073-1215358-LST-375003,"S.N.P.J., BORO of - LST",SCHOOL
PA,TAX1703,42-111-1215587-EIT-565203,"Garrett, BORO of - EIT",MUNICIPAL
PA,TAX1703,42-111-1215587-EIT-565203,"Garrett, BORO of - EIT",SCHOOL
PA,TAX1602,42-107-1217001-LST-544703,"Foster, TWP of - LST (544703)",MUNICIPAL
PA,TAX1602,42-107-1217001-LST-544703,"Foster, TWP of - LST (544703)",SCHOOL
PA,TAX2274,42-117-1217113-LST-596003,"Jackson, TWP of - LST (596003)",MUNICIPAL
PA,TAX2274,42-117-1217113-LST-596003,"Jackson, TWP of - LST (596003)",SCHOOL
PA,TAX3038,42-069-1216603-EIT-356503,"Madison, TWP of - EIT (356503)",MUNICIPAL
PA,TAX3038,42-069-1216603-EIT-356503,"Madison, TWP of - EIT (356503)",SCHOOL
PA,TAX6822,42-009-1214907-EIT-056004,"Woodbury, BORO of - EIT",MUNICIPAL
PA,TAX6822,42-009-1214907-EIT-056004,"Woodbury, BORO of - EIT",SCHOOL
PA,TAX2004,42-053-1216454-LST-272003,"Hickory, TWP of - LST (272003)",MUNICIPAL
PA,TAX2004,42-053-1216454-LST-272003,"Hickory, TWP of - LST (272003)",SCHOOL
PA,TAX1830,42-037-1216281-EIT-195004,"Greenwood, TWP of - EIT (195004)",MUNICIPAL
PA,TAX1830,42-037-1216281-EIT-195004,"Greenwood, TWP of - EIT (195004)",SCHOOL
PA,TAX233,42-107-1216991-LST-547803,"Barry, TWP of - LST",MUNICIPAL
PA,TAX233,42-107-1216991-LST-547803,"Barry, TWP of - LST",SCHOOL
PA,TAX145,42-087-1216825-EIT-444602,"Armagh, TWP of - EIT",MUNICIPAL
PA,TAX145,42-087-1216825-EIT-444602,"Armagh, TWP of - EIT",SCHOOL
PA,TAX2939,42-041-1216336-EIT-219002,"Lower Allen, TWP of - EIT (219002)",MUNICIPAL
PA,TAX2939,42-041-1216336-EIT-219002,"Lower Allen, TWP of - EIT (219002)",SCHOOL
PA,TAX1972,42-133-1217291-EIT-672203,"Hellam, TWP of - EIT",MUNICIPAL
PA,TAX1972,42-133-1217291-EIT-672203,"Hellam, TWP of - EIT",SCHOOL
PA,TAX6570,42-119-1217136-LST-605003,"West Buffalo, TWP of - LST",MUNICIPAL
PA,TAX6570,42-119-1217136-LST-605003,"West Buffalo, TWP of - LST",SCHOOL
PA,TAX5157,42-063-1216547-LST-326303,"Pine, TWP of - LST (326303)",MUNICIPAL
PA,TAX5157,42-063-1216547-LST-326303,"Pine, TWP of - LST (326303)",SCHOOL
PA,TAX2307,42-011-1215929-LST-068003,"Jefferson, TWP of - LST (068003)",MUNICIPAL
PA,TAX2307,42-011-1215929-LST-068003,"Jefferson, TWP of - LST (068003)",SCHOOL
PA,TAX6821,42-011-1214936-LST-061103,"Womelsdorf, BORO of - LST",MUNICIPAL
PA,TAX6821,42-011-1214936-LST-061103,"Womelsdorf, BORO of - LST",SCHOOL
PA,TAX1284,42-129-1217251-EIT-657503,"East Huntingdon, TWP of - EIT",MUNICIPAL
PA,TAX1284,42-129-1217251-EIT-657503,"East Huntingdon, TWP of - EIT",SCHOOL
PA,TAX169,42-045-1216376-EIT-236903,"Aston, TWP of - EIT",MUNICIPAL
PA,TAX169,42-045-1216376-EIT-236903,"Aston, TWP of - EIT",SCHOOL
PA,TAX1522,42-131-1217266-EIT-667503,"Falls, TWP of - EIT (667503)",MUNICIPAL
PA,TAX1522,42-131-1217266-EIT-667503,"Falls, TWP of - EIT (667503)",SCHOOL
PA,TAX6401,42-029-1216182-EIT-152003,"Wallace, TWP of - EIT",MUNICIPAL
PA,TAX6401,42-029-1216182-EIT-152003,"Wallace, TWP of - EIT",SCHOOL
PA,TAX3801,42-083-1216790-LST-427503,"Norwich, TWP of - LST",MUNICIPAL
PA,TAX3801,42-083-1216790-LST-427503,"Norwich, TWP of - LST",SCHOOL
PA,TAX439,42-083-1216780-EIT-420803,"Bradford, TWP of - EIT (420803)",MUNICIPAL
PA,TAX439,42-083-1216780-EIT-420803,"Bradford, TWP of - EIT (420803)",SCHOOL
PA,TAX775,42-031-1216203-EIT-161703,"Clarion, TWP of - EIT",MUNICIPAL
PA,TAX775,42-031-1216203-EIT-161703,"Clarion, TWP of - EIT",SCHOOL
PA,TAX2924,42-043-1216359-EIT-224003,"Londonderry, TWP of - EIT (224003)",MUNICIPAL
PA,TAX2924,42-043-1216359-EIT-224003,"Londonderry, TWP of - EIT (224003)",SCHOOL
PA,TAX5840,42-003-1215833-EIT-656502,"South Versailles, TWP of-EIT",MUNICIPAL
PA,TAX5840,42-003-1215833-EIT-656502,"South Versailles, TWP of-EIT",SCHOOL
PA,TAX1630,42-007-1215872-EIT-045853,"Franklin, TWP of - EIT (045853)",MUNICIPAL
PA,TAX1630,42-007-1215872-EIT-045853,"Franklin, TWP of - EIT (045853)",SCHOOL
PA,TAX5667,42-105-1215541-EIT-537504,"Shinglehouse, BORO of - EIT",MUNICIPAL
PA,TAX5667,42-105-1215541-EIT-537504,"Shinglehouse, BORO of - EIT",SCHOOL
PA,TAX1766,42-133-1215745-LST-676503,"Glen Rock, BORO of - LST",MUNICIPAL
PA,TAX1766,42-133-1215745-LST-676503,"Glen Rock, BORO of - LST",SCHOOL
PA,TAX1333,42-017-1216016-LST-098103,"East Rockhill, TWP of - LST",MUNICIPAL
PA,TAX1333,42-017-1216016-LST-098103,"East Rockhill, TWP of - LST",SCHOOL
PA,TAX5664,42-079-1215408-LST-406003,"Shickshinny, BORO of - LST",MUNICIPAL
PA,TAX5664,42-079-1215408-LST-406003,"Shickshinny, BORO of - LST",SCHOOL
PA,TAX3491,42-001-1215791-EIT-015203,"Mount Pleasant, TWP of - EIT (015203)",MUNICIPAL
PA,TAX3491,42-001-1215791-EIT-015203,"Mount Pleasant, TWP of - EIT (015203)",SCHOOL
PA,TAX3296,42-043-1216364-LST-229003,"Mifflin, TWP of - LST (229003)",MUNICIPAL
PA,TAX3296,42-043-1216364-LST-229003,"Mifflin, TWP of - LST (229003)",SCHOOL
PA,TAX5877,42-133-1217306-EIT-671303,"Springettsbury, TWP of - EIT (671303)",MUNICIPAL
PA,TAX5877,42-133-1217306-EIT-671303,"Springettsbury, TWP of - EIT (671303)",SCHOOL
PA,TAX2099,42-061-1215270-LST-312503,"Huntingdon, BORO of - LST",MUNICIPAL
PA,TAX2099,42-061-1215270-LST-312503,"Huntingdon, BORO of - LST",SCHOOL
PA,TAX2086,42-079-1215393-EIT-406602,"Hughestown, BORO of - EIT",MUNICIPAL
PA,TAX2086,42-079-1215393-EIT-406602,"Hughestown, BORO of - EIT",SCHOOL
PA,TAX5956,42-111-1215599-LST-565503,"Stoystown, BORO of - LST",MUNICIPAL
PA,TAX5956,42-111-1215599-LST-565503,"Stoystown, BORO of - LST",SCHOOL
PA,TAX409,42-117-1217099-LST-597003,"Bloss, TWP of - LST",MUNICIPAL
PA,TAX409,42-117-1217099-LST-597003,"Bloss, TWP of - LST",SCHOOL
PA,TAX3411,42-109-1217034-LST-557103,"Monroe, TWP of - LST (557103)",MUNICIPAL
PA,TAX3411,42-109-1217034-LST-557103,"Monroe, TWP of - LST (557103)",SCHOOL
PA,TAX1011,42-125-1217188-LST-630504,"Cross Creek, TWP of - LST",MUNICIPAL
PA,TAX1011,42-125-1217188-LST-630504,"Cross Creek, TWP of - LST",SCHOOL
PA,TAX6313,42-091-1216881-LST-467303,"Upper Providence, TWP of-LST (467303)",MUNICIPAL
PA,TAX6313,42-091-1216881-LST-467303,"Upper Providence, TWP of-LST (467303)",SCHOOL
PA,TAX5046,42-091-1215477-EIT-468603,"Pennsburg, BORO of - EIT",MUNICIPAL
PA,TAX5046,42-091-1215477-EIT-468603,"Pennsburg, BORO of - EIT",SCHOOL
PA,TAX548,42-087-1215454-EIT-444602,"Burnham, BORO of - EIT",MUNICIPAL
PA,TAX548,42-087-1215454-EIT-444602,"Burnham, BORO of - EIT",SCHOOL
PA,TAX5930,42-127-1217230-LST-648903,"Sterling, TWP of - LST",MUNICIPAL
PA,TAX5930,42-127-1217230-LST-648903,"Sterling, TWP of - LST",SCHOOL
PA,TAX6147,42-123-1217179-LST-628302,"Triumph, TWP of - LST",MUNICIPAL
PA,TAX6147,42-123-1217179-LST-628302,"Triumph, TWP of - LST",SCHOOL
PA,TAX702,42-003-1214780-LST-029902,"Chalfant, BORO of - LST",MUNICIPAL
PA,TAX702,42-003-1214780-LST-029902,"Chalfant, BORO of - LST",SCHOOL
PA,TAX5224,42-065-1216568-LST-330703,"Polk, TWP of - LST (330703)",MUNICIPAL
PA,TAX5224,42-065-1216568-LST-330703,"Polk, TWP of - LST (330703)",SCHOOL
PA,TAX964,42-049-1215205-EIT-251453,"Corry, City of - EIT",MUNICIPAL
PA,TAX964,42-049-1215205-EIT-251453,"Corry, City of - EIT",SCHOOL
PA,TAX5844,42-015-1214957-LST-086003,"South Waverly, BORO of - LST",MUNICIPAL
PA,TAX5844,42-015-1214957-LST-086003,"South Waverly, BORO of - LST",SCHOOL
PA,TAX3578,42-133-1217299-LST-674403,"Newberry, TWP of - LST (674403)",MUNICIPAL
PA,TAX3578,42-133-1217299-LST-674403,"Newberry, TWP of - LST (674403)",SCHOOL
PA,TAX4968,42-015-1215987-LST-089003,"Overton, TWP of - LST",MUNICIPAL
PA,TAX4968,42-015-1215987-LST-089003,"Overton, TWP of - LST",SCHOOL
PA,TAX126,42-081-1216738-EIT-414003,"Anthony, TWP of - EIT (414003)",MUNICIPAL
PA,TAX126,42-081-1216738-EIT-414003,"Anthony, TWP of - EIT (414003)",SCHOOL
PA,TAX320,42-037-1216274-EIT-191004,"Benton, TWP of - EIT (191004)",MUNICIPAL
PA,TAX320,42-037-1216274-EIT-191004,"Benton, TWP of - EIT (191004)",SCHOOL
PA,TAX3577,42-133-1217299-LST-219002,"Newberry, TWP of - LST (219002)",MUNICIPAL
PA,TAX3577,42-133-1217299-LST-219002,"Newberry, TWP of - LST (219002)",SCHOOL
PA,TAX219,42-025-1216107-LST-403302,"Banks, TWP of - LST (403302)",MUNICIPAL
PA,TAX219,42-025-1216107-LST-403302,"Banks, TWP of - LST (403302)",SCHOOL
PA,TAX48,42-059-1215250-EIT-308503,"Aleppo, TWP of - EIT (308503)",MUNICIPAL
PA,TAX48,42-059-1215250-EIT-308503,"Aleppo, TWP of - EIT (308503)",SCHOOL
PA,TAX6807,42-133-1217312-LST-675503,"Windsor, TWP of - LST (675503)",MUNICIPAL
PA,TAX6807,42-133-1217312-LST-675503,"Windsor, TWP of - LST (675503)",SCHOOL
PA,TAX1392,42-081-1216747-EIT-415103,"Eldred, TWP of - EIT (415103)",MUNICIPAL
PA,TAX1392,42-081-1216747-EIT-415103,"Eldred, TWP of - EIT (415103)",SCHOOL
PA,TAX112,42-091-1215463-EIT-469303,"Ambler, BORO of - EIT",MUNICIPAL
PA,TAX112,42-091-1215463-EIT-469303,"Ambler, BORO of - EIT",SCHOOL
PA,TAX734,42-121-1217140-LST-617203,"Cherrytree, TWP of - LST",MUNICIPAL
PA,TAX734,42-121-1217140-LST-617203,"Cherrytree, TWP of - LST",SCHOOL
PA,TAX413,42-027-1216119-EIT-141003,"Boggs, TWP of - EIT (141003)",MUNICIPAL
PA,TAX413,42-027-1216119-EIT-141003,"Boggs, TWP of - EIT (141003)",SCHOOL
PA,TAX1505,42-049-1216411-EIT-253303,"Fairview, TWP of - EIT (253303)",MUNICIPAL
PA,TAX1505,42-049-1216411-EIT-253303,"Fairview, TWP of - EIT (253303)",SCHOOL
PA,TAX293,42-065-1216557-EIT-338003,"Bell, TWP of - EIT (338003)",MUNICIPAL
PA,TAX293,42-065-1216557-EIT-338003,"Bell, TWP of - EIT (338003)",SCHOOL
PA,TAX1500,42-079-1216711-LST-406003,"Fairmount, TWP of - LST",MUNICIPAL
PA,TAX1500,42-079-1216711-LST-406003,"Fairmount, TWP of - LST",SCHOOL
PA,TAX1513,42-125-1217192-EIT-631803,"Fallowfield, TWP of - EIT",MUNICIPAL
PA,TAX1513,42-125-1217192-EIT-631803,"Fallowfield, TWP of - EIT",SCHOOL
PA,TAX725,42-091-1216851-EIT-461302,"Cheltenham, TWP of - EIT",MUNICIPAL
PA,TAX725,42-091-1216851-EIT-461302,"Cheltenham, TWP of - EIT",SCHOOL
PA,TAX152,42-081-1216739-LST-416103,"Armstrong, TWP of - LST (416103)",MUNICIPAL
PA,TAX152,42-081-1216739-LST-416103,"Armstrong, TWP of - LST (416103)",SCHOOL
PA,TAX6481,42-097-1216932-LST-493503,"Washington, TWP of - LST (493503)",MUNICIPAL
PA,TAX6481,42-097-1216932-LST-493503,"Washington, TWP of - LST (493503)",SCHOOL
PA,TAX6654,42-039-1216327-LST-201352,"West Mead, TWP of - LST",MUNICIPAL
PA,TAX6654,42-039-1216327-LST-201352,"West Mead, TWP of - LST",SCHOOL
PA,TAX3247,42-111-1215591-LST-565203,"Meyersdale, BORO of - LST",MUNICIPAL
PA,TAX3247,42-111-1215591-LST-565203,"Meyersdale, BORO of - LST",SCHOOL
PA,TAX333,42-037-1215123-LST-191103,"Berwick, BORO of - LST",MUNICIPAL
PA,TAX333,42-037-1215123-LST-191103,"Berwick, BORO of - LST",SCHOOL
PA,TAX6754,42-063-1216553-LST-323703,"White, TWP of - LST (323703)",MUNICIPAL
PA,TAX6754,42-063-1216553-LST-323703,"White, TWP of - LST (323703)",SCHOOL
PA,TAX4980,42-111-1217059-EIT-569103,"Paint, TWP of - EIT (569103)",MUNICIPAL
PA,TAX4980,42-111-1217059-EIT-569103,"Paint, TWP of - EIT (569103)",SCHOOL
PA,TAX5685,42-061-1215280-EIT-316003,"Shirleysburg, BORO of - EIT",MUNICIPAL
PA,TAX5685,42-061-1215280-EIT-316003,"Shirleysburg, BORO of - EIT",SCHOOL
PA,TAX1095,42-085-1216796-LST-435303,"Delaware, TWP of - LST (435303)",MUNICIPAL
PA,TAX1095,42-085-1216796-LST-435303,"Delaware, TWP of - LST (435303)",SCHOOL
PA,TAX1376,42-045-1216382-LST-237903,"Edgmont, TWP of - LST",MUNICIPAL
PA,TAX1376,42-045-1216382-LST-237903,"Edgmont, TWP of - LST",SCHOOL
PA,TAX3743,42-099-1216945-LST-508003,"Northeast Madison, TWP of-LST",MUNICIPAL
PA,TAX3743,42-099-1216945-LST-508003,"Northeast Madison, TWP of-LST",SCHOOL
PA,TAX3263,42-107-1215556-LST-546803,"Middleport, BORO of - LST",MUNICIPAL
PA,TAX3263,42-107-1215556-LST-546803,"Middleport, BORO of - LST",SCHOOL
PA,TAX564,42-001-1215777-EIT-018523,"Butler, TWP of - EIT (018523)",MUNICIPAL
PA,TAX564,42-001-1215777-EIT-018523,"Butler, TWP of - EIT (018523)",SCHOOL
PA,TAX6813,42-133-1215768-LST-675503,"Winterstown, BORO of - LST",MUNICIPAL
PA,TAX6813,42-133-1215768-LST-675503,"Winterstown, BORO of - LST",SCHOOL
PA,TAX3524,42-081-1216763-EIT-415303,"Muncy, TWP of - EIT",MUNICIPAL
PA,TAX3524,42-081-1216763-EIT-415303,"Muncy, TWP of - EIT",SCHOOL
PA,TAX66,42-105-1216968-EIT-531304,"Allegany, TWP of - EIT (531304)",MUNICIPAL
PA,TAX66,42-105-1216968-EIT-531304,"Allegany, TWP of - EIT (531304)",SCHOOL
PA,TAX1421,42-111-1217047-EIT-567004,"Elk Lick, TWP of - EIT",MUNICIPAL
PA,TAX1421,42-111-1217047-EIT-567004,"Elk Lick, TWP of - EIT",SCHOOL
PA,TAX4974,42-025-1216115-LST-139004,"Packer, TWP of - LST",MUNICIPAL
PA,TAX4974,42-025-1216115-LST-139004,"Packer, TWP of - LST",SCHOOL
PA,TAX5023,42-027-1216133-EIT-148002,"Patton, TWP of - EIT",MUNICIPAL
PA,TAX5023,42-027-1216133-EIT-148002,"Patton, TWP of - EIT",SCHOOL
PA,TAX3603,42-041-1215152-EIT-219002,"New Cumberland, BORO of - EIT",MUNICIPAL
PA,TAX3603,42-041-1215152-EIT-219002,"New Cumberland, BORO of - EIT",SCHOOL
PA,TAX3401,42-041-1216340-EIT-211603,"Monroe, TWP of - EIT (211603)",MUNICIPAL
PA,TAX3401,42-041-1216340-EIT-211603,"Monroe, TWP of - EIT (211603)",SCHOOL
PA,TAX2711,42-085-1216806-LST-437503,"Lackawannock, TWP of - LST",MUNICIPAL
PA,TAX2711,42-085-1216806-LST-437503,"Lackawannock, TWP of - LST",SCHOOL
PA,TAX6856,42-133-1215769-EIT-672203,"Wrightsville, BORO of - EIT",MUNICIPAL
PA,TAX6856,42-133-1215769-EIT-672203,"Wrightsville, BORO of - EIT",SCHOOL
PA,TAX6587,42-091-1215486-EIT-468402,"West Conshohocken, BORO of-EIT",MUNICIPAL
PA,TAX6587,42-091-1215486-EIT-468402,"West Conshohocken, BORO of-EIT",SCHOOL
PA,TAX507,42-111-1217045-LST-561003,"Brothersvalley, TWP of - LST",MUNICIPAL
PA,TAX507,42-111-1217045-LST-561003,"Brothersvalley, TWP of - LST",SCHOOL
PA,TAX2419,42-007-1214882-LST-041503,"Koppel, BORO of - LST",MUNICIPAL
PA,TAX2419,42-007-1214882-LST-041503,"Koppel, BORO of - LST",SCHOOL
PA,TAX3712,42-075-1216677-EIT-380303,"North Annville, TWP of - EIT",MUNICIPAL
PA,TAX3712,42-075-1216677-EIT-380303,"North Annville, TWP of - EIT",SCHOOL
PA,TAX5037,42-129-1215719-LST-657103,"Penn, BORO of - LST",MUNICIPAL
PA,TAX5037,42-129-1215719-LST-657103,"Penn, BORO of - LST",SCHOOL
PA,TAX3309,42-027-1215057-EIT-141003,"Milesburg, BORO of - EIT",MUNICIPAL
PA,TAX3309,42-027-1215057-EIT-141003,"Milesburg, BORO of - EIT",SCHOOL
PA,TAX216,42-063-1216532-EIT-338003,"Banks, TWP of - EIT (338003)",MUNICIPAL
PA,TAX216,42-063-1216532-EIT-338003,"Banks, TWP of - EIT (338003)",SCHOOL
PA,TAX1385,42-005-1214848-EIT-030852,"Elderton, BORO of - EIT",MUNICIPAL
PA,TAX1385,42-005-1214848-EIT-030852,"Elderton, BORO of - EIT",SCHOOL
PA,TAX3224,42-051-1216439-EIT-264003,"Menallen, TWP of - EIT (264003)",MUNICIPAL
PA,TAX3224,42-051-1216439-EIT-264003,"Menallen, TWP of - EIT (264003)",SCHOOL
PA,TAX5286,42-071-1216641-EIT-367003,"Providence, TWP of - EIT",MUNICIPAL
PA,TAX5286,42-071-1216641-EIT-367003,"Providence, TWP of - EIT",SCHOOL
PA,TAX1330,42-007-1214869-EIT-046903,"East Rochester, BORO of - EIT",MUNICIPAL
PA,TAX1330,42-007-1214869-EIT-046903,"East Rochester, BORO of - EIT",SCHOOL
PA,TAX1698,42-021-1215022-LST-116003,"Gallitzin, BORO of - LST",MUNICIPAL
PA,TAX1698,42-021-1215022-LST-116003,"Gallitzin, BORO of - LST",SCHOOL
PA,TAX3769,42-041-1216341-LST-211103,"North Middleton, TWP of - LST",MUNICIPAL
PA,TAX3769,42-041-1216341-LST-211103,"North Middleton, TWP of - LST",SCHOOL
PA,TAX1800,42-085-1216800-LST-433604,"Greene, TWP of - LST (433604)",MUNICIPAL
PA,TAX1800,42-085-1216800-LST-433604,"Greene, TWP of - LST (433604)",SCHOOL
PA,TAX5535,42-111-1215596-EIT-567004,"Salisbury, BORO of - EIT",MUNICIPAL
PA,TAX5535,42-111-1215596-EIT-567004,"Salisbury, BORO of - EIT",SCHOOL
PA,TAX2883,42-003-1214806-LST-028653,"Lincoln, BORO of - LST",MUNICIPAL
PA,TAX2883,42-003-1214806-LST-028653,"Lincoln, BORO of - LST",SCHOOL
PA,TAX2966,42-091-1216860-EIT-464502,"Lower Merion, TWP of - EIT",MUNICIPAL
PA,TAX2966,42-091-1216860-EIT-464502,"Lower Merion, TWP of - EIT",SCHOOL
PA,TAX2708,42-131-1215732-EIT-089003,"Laceyville, BORO of - EIT",MUNICIPAL
PA,TAX2708,42-131-1215732-EIT-089003,"Laceyville, BORO of - EIT",SCHOOL
PA,TAX251,42-007-1214864-LST-041203,"Beaver, BORO of - LST",MUNICIPAL
PA,TAX251,42-007-1214864-LST-041203,"Beaver, BORO of - LST",SCHOOL
PA,TAX6076,42-029-1216177-EIT-159002,"Thornbury, TWP of - EIT (159002)",MUNICIPAL
PA,TAX6076,42-029-1216177-EIT-159002,"Thornbury, TWP of - EIT (159002)",SCHOOL
PA,TAX5855,42-009-1215907-EIT-056004,"South Woodbury, TWP of - EIT",MUNICIPAL
PA,TAX5855,42-009-1215907-EIT-056004,"South Woodbury, TWP of - EIT",SCHOOL
PA,TAX1741,42-033-1216234-LST-171003,"Girard, TWP of - LST (171003)",MUNICIPAL
PA,TAX1741,42-033-1216234-LST-171003,"Girard, TWP of - LST (171003)",SCHOOL
PA,TAX1377,42-049-1215207-EIT-253903,"Edinboro, BORO of - EIT",MUNICIPAL
PA,TAX1377,42-049-1215207-EIT-253903,"Edinboro, BORO of - EIT",SCHOOL
PA,TAX921,42-051-1216431-EIT-261302,"Connellsville, TWP of - EIT",MUNICIPAL
PA,TAX921,42-051-1216431-EIT-261302,"Connellsville, TWP of - EIT",SCHOOL
PA,TAX72,42-019-1216041-EIT-160303,"Allegheny, TWP of - EIT (160303)",MUNICIPAL
PA,TAX72,42-019-1216041-EIT-160303,"Allegheny, TWP of - EIT (160303)",SCHOOL
PA,TAX950,42-121-1215637-LST-618603,"Cooperstown, BORO of - LST",MUNICIPAL
PA,TAX950,42-121-1215637-LST-618603,"Cooperstown, BORO of - LST",SCHOOL
PA,TAX6528,42-087-1216833-LST-316003,"Wayne, TWP of - LST (316003)",MUNICIPAL
PA,TAX6528,42-087-1216833-LST-316003,"Wayne, TWP of - LST (316003)",SCHOOL
PA,TAX1457,42-071-1215338-EIT-362603,"Ephrata, BORO of - EIT",MUNICIPAL
PA,TAX1457,42-071-1215338-EIT-362603,"Ephrata, BORO of - EIT",SCHOOL
PA,TAX389,42-013-1215958-LST-073503,"Blair, TWP of - LST",MUNICIPAL
PA,TAX389,42-013-1215958-LST-073503,"Blair, TWP of - LST",SCHOOL
PA,TAX5152,42-003-1215824-LST-021003,"Pine, TWP of - LST (021003)",MUNICIPAL
PA,TAX5152,42-003-1215824-LST-021003,"Pine, TWP of - LST (021003)",SCHOOL
PA,TAX2827,42-055-1216464-LST-281302,"Letterkenny, TWP of - LST",MUNICIPAL
PA,TAX2827,42-055-1216464-LST-281302,"Letterkenny, TWP of - LST",SCHOOL
PA,TAX2935,42-021-1215027-LST-112003,"Lorain, BORO of - LST",MUNICIPAL
PA,TAX2935,42-021-1215027-LST-112003,"Lorain, BORO of - LST",SCHOOL
PA,TAX3283,42-125-1215672-EIT-632403,"Midway, BORO of - EIT",MUNICIPAL
PA,TAX3283,42-125-1215672-EIT-632403,"Midway, BORO of - EIT",SCHOOL
PA,TAX3781,42-015-1215985-LST-086503,"North Towanda, TWP of - LST",MUNICIPAL
PA,TAX3781,42-015-1215985-LST-086503,"North Towanda, TWP of - LST",SCHOOL
PA,TAX1554,42-033-1216233-LST-171803,"Ferguson, TWP of - LST (171803)",MUNICIPAL
PA,TAX1554,42-033-1216233-LST-171803,"Ferguson, TWP of - LST (171803)",SCHOOL
PA,TAX2145,42-007-1215876-LST-044103,"Independence, TWP of - LST (044103)",MUNICIPAL
PA,TAX2145,42-007-1215876-LST-044103,"Independence, TWP of - LST (044103)",SCHOOL
PA,TAX3763,42-075-1216680-LST-385303,"North Londonderry, TWP of-LST",MUNICIPAL
PA,TAX3763,42-075-1216680-LST-385303,"North Londonderry, TWP of-LST",SCHOOL
PA,TAX2856,42-083-1216789-LST-426303,"Liberty, TWP of - LST (426303)",MUNICIPAL
PA,TAX2856,42-083-1216789-LST-426303,"Liberty, TWP of - LST (426303)",SCHOOL
PA,TAX2998,42-111-1217054-EIT-568404,"Lower Turkeyfoot, TWP of-EIT",MUNICIPAL
PA,TAX2998,42-111-1217054-EIT-568404,"Lower Turkeyfoot, TWP of-EIT",SCHOOL
PA,TAX1975,42-095-1215496-LST-486003,"Hellertown, BORO of - LST",MUNICIPAL
PA,TAX1975,42-095-1215496-LST-486003,"Hellertown, BORO of - LST",SCHOOL
PA,TAX846,42-039-1215133-LST-201352,"Cochranton, BORO of - LST",MUNICIPAL
PA,TAX846,42-039-1215133-LST-201352,"Cochranton, BORO of - LST",SCHOOL
PA,TAX2285,42-129-1215704-EIT-654103,"Jeannette, City of - EIT (654103)",MUNICIPAL
PA,TAX2285,42-129-1215704-EIT-654103,"Jeannette, City of - EIT (654103)",SCHOOL
PA,TAX455,42-081-1216741-LST-415004,"Brady, TWP of - LST (415004)",MUNICIPAL
PA,TAX455,42-081-1216741-LST-415004,"Brady, TWP of - LST (415004)",SCHOOL
PA,TAX5678,42-117-1217122-LST-598503,"Shippen, TWP of - LST (598503)",MUNICIPAL
PA,TAX5678,42-117-1217122-LST-598503,"Shippen, TWP of - LST (598503)",SCHOOL
PA,TAX6086,42-123-1217398-LST-628302,"Tidioute, BORO of - LST",MUNICIPAL
PA,TAX6086,42-123-1217398-LST-628302,"Tidioute, BORO of - LST",SCHOOL
PA,TAX3387,42-133-1217298-EIT-674603,"Monaghan, TWP of - EIT",MUNICIPAL
PA,TAX3387,42-133-1217298-EIT-674603,"Monaghan, TWP of - EIT",SCHOOL
PA,TAX2301,42-051-1216437-EIT-262903,"Jefferson, TWP of - EIT (262903)",MUNICIPAL
PA,TAX2301,42-051-1216437-EIT-262903,"Jefferson, TWP of - EIT (262903)",SCHOOL
PA,TAX1927,42-079-1215391-EIT-403903,"Harveys Lake, BORO of - EIT",MUNICIPAL
PA,TAX1927,42-079-1215391-EIT-403903,"Harveys Lake, BORO of - EIT",SCHOOL
PA,TAX1346,42-107-1216999-LST-403302,"East Union, TWP of - LST",MUNICIPAL
PA,TAX1346,42-107-1216999-LST-403302,"East Union, TWP of - LST",SCHOOL
PA,TAX2412,42-065-1216563-EIT-330803,"Knox, TWP of - EIT (330803)",MUNICIPAL
PA,TAX2412,42-065-1216563-EIT-330803,"Knox, TWP of - EIT (330803)",SCHOOL
PA,TAX1339,42-089-1215460-LST-452003,"East Stroudsburg, BORO of-LST",MUNICIPAL
PA,TAX1339,42-089-1215460-LST-452003,"East Stroudsburg, BORO of-LST",SCHOOL
PA,TAX6844,42-005-1214860-EIT-030852,"Worthington, BORO of - EIT",MUNICIPAL
PA,TAX6844,42-005-1214860-EIT-030852,"Worthington, BORO of - EIT",SCHOOL
PA,TAX3229,42-087-1216830-EIT-444602,"Menno, TWP of - EIT",MUNICIPAL
PA,TAX3229,42-087-1216830-EIT-444602,"Menno, TWP of - EIT",SCHOOL
PA,TAX3217,42-045-1215187-EIT-237903,"Media, BORO of - EIT",MUNICIPAL
PA,TAX3217,42-045-1215187-EIT-237903,"Media, BORO of - EIT",SCHOOL
PA,TAX1471,42-009-1214897-EIT-053003,"Everett, BORO of - EIT",MUNICIPAL
PA,TAX1471,42-009-1214897-EIT-053003,"Everett, BORO of - EIT",SCHOOL
PA,TAX6734,42-119-1217137-LST-495003,"White Deer, TWP of - LST",MUNICIPAL
PA,TAX6734,42-119-1217137-LST-495003,"White Deer, TWP of - LST",SCHOOL
PA,TAX737,42-019-1216046-LST-105353,"Cherry, TWP of - LST (105353)",MUNICIPAL
PA,TAX737,42-019-1216046-LST-105353,"Cherry, TWP of - LST (105353)",SCHOOL
PA,TAX1589,42-113-1215605-EIT-576303,"Forksville, BORO of - EIT",MUNICIPAL
PA,TAX1589,42-113-1215605-EIT-576303,"Forksville, BORO of - EIT",SCHOOL
PA,TAX1977,42-037-1729682-LST-191203,"Hemlock, TWP of - LST",MUNICIPAL
PA,TAX1977,42-037-1729682-LST-191203,"Hemlock, TWP of - LST",SCHOOL
PA,TAX443,42-003-1214775-LST-026852,"Bradford Woods, BORO of - LST",MUNICIPAL
PA,TAX443,42-003-1214775-LST-026852,"Bradford Woods, BORO of - LST",SCHOOL
PA,TAX5173,42-079-1216727-LST-406602,"Pittston, TWP of - LST",MUNICIPAL
PA,TAX5173,42-079-1216727-LST-406602,"Pittston, TWP of - LST",SCHOOL
PA,TAX5049,42-029-1216172-LST-158503,"Pennsbury, TWP of - LST",MUNICIPAL
PA,TAX5049,42-029-1216172-LST-158503,"Pennsbury, TWP of - LST",SCHOOL
PA,TAX1008,42-061-1216506-EIT-317503,"Cromwell, TWP of - EIT",MUNICIPAL
PA,TAX1008,42-061-1216506-EIT-317503,"Cromwell, TWP of - EIT",SCHOOL
PA,TAX6800,42-131-1217279-LST-089003,"Windham, TWP of - LST (089003)",MUNICIPAL
PA,TAX6800,42-131-1217279-LST-089003,"Windham, TWP of - LST (089003)",SCHOOL
PA,TAX5435,42-061-1215277-EIT-317503,"Rockhill, BORO of - EIT",MUNICIPAL
PA,TAX5435,42-061-1215277-EIT-317503,"Rockhill, BORO of - EIT",SCHOOL
PA,TAX761,42-007-1215869-EIT-041603,"Chippewa, TWP of - EIT",MUNICIPAL
PA,TAX761,42-007-1215869-EIT-041603,"Chippewa, TWP of - EIT",SCHOOL
PA,TAX2370,42-083-1216787-LST-427503,"Keating, TWP of - LST (427503)",MUNICIPAL
PA,TAX2370,42-083-1216787-LST-427503,"Keating, TWP of - LST (427503)",SCHOOL
PA,TAX1941,42-017-1216018-EIT-098403,"Haycock, TWP of - EIT",MUNICIPAL
PA,TAX1941,42-017-1216018-EIT-098403,"Haycock, TWP of - EIT",SCHOOL
PA,TAX6655,42-085-1215451-EIT-437503,"West Middlesex, BORO of - EIT",MUNICIPAL
PA,TAX6655,42-085-1215451-EIT-437503,"West Middlesex, BORO of - EIT",SCHOOL
PA,TAX531,42-099-1216936-EIT-504003,"Buffalo, TWP of - EIT (504003)",MUNICIPAL
PA,TAX531,42-099-1216936-EIT-504003,"Buffalo, TWP of - EIT (504003)",SCHOOL
PA,TAX630,42-125-1217185-EIT-637002,"Carroll, TWP of - EIT (637002)",MUNICIPAL
PA,TAX630,42-125-1217185-EIT-637002,"Carroll, TWP of - EIT (637002)",SCHOOL
PA,TAX6229,42-109-1217038-EIT-557103,"Union, TWP of - EIT (557103)",MUNICIPAL
PA,TAX6229,42-109-1217038-EIT-557103,"Union, TWP of - EIT (557103)",SCHOOL
PA,TAX1221,42-095-1216899-LST-484903,"East Allen, TWP of - LST",MUNICIPAL
PA,TAX1221,42-095-1216899-LST-484903,"East Allen, TWP of - LST",SCHOOL
PA,TAX2907,42-099-1216943-LST-503004,"Liverpool, TWP of - LST",MUNICIPAL
PA,TAX2907,42-099-1216943-LST-503004,"Liverpool, TWP of - LST",SCHOOL
PA,TAX2414,42-033-1216241-LST-171003,"Knox, TWP of - LST (171003)",MUNICIPAL
PA,TAX2414,42-033-1216241-LST-171003,"Knox, TWP of - LST (171003)",SCHOOL
PA,TAX6539,42-117-1215629-EIT-598503,"Wellsboro, BORO of - EIT",MUNICIPAL
PA,TAX6539,42-117-1215629-EIT-598503,"Wellsboro, BORO of - EIT",SCHOOL
PA,TAX185,42-115-1217077-EIT-582503,"Auburn, TWP of - EIT",MUNICIPAL
PA,TAX185,42-115-1217077-EIT-582503,"Auburn, TWP of - EIT",SCHOOL
PA,TAX1166,42-003-1214787-EIT-026002,"Dravosburg, BORO of - EIT",MUNICIPAL
PA,TAX1166,42-003-1214787-EIT-026002,"Dravosburg, BORO of - EIT",SCHOOL
PA,TAX789,42-071-1216615-EIT-362603,"Clay, TWP of - EIT (362603)",MUNICIPAL
PA,TAX789,42-071-1216615-EIT-362603,"Clay, TWP of - EIT (362603)",SCHOOL
PA,TAX1910,42-053-1216453-LST-272003,"Harmony, TWP of - LST (272003)",MUNICIPAL
PA,TAX1910,42-053-1216453-LST-272003,"Harmony, TWP of - LST (272003)",SCHOOL
PA,TAX5017,42-007-1214888-EIT-041603,"Patterson Heights, BORO of-EIT",MUNICIPAL
PA,TAX5017,42-007-1214888-EIT-041603,"Patterson Heights, BORO of-EIT",SCHOOL
PA,TAX1411,42-003-1215802-LST-023153,"Elizabeth, TWP of - LST (023153)",MUNICIPAL
PA,TAX1411,42-003-1215802-LST-023153,"Elizabeth, TWP of - LST (023153)",SCHOOL
PA,TAX3161,42-003-1217317-LST-632403,"Mcdonald, BORO of - LST (632403)",MUNICIPAL
PA,TAX3161,42-003-1217317-LST-632403,"Mcdonald, BORO of - LST (632403)",SCHOOL
PA,TAX6510,42-055-1215248-LST-289003,"Waynesboro, BORO of - LST",MUNICIPAL
PA,TAX6510,42-055-1215248-LST-289003,"Waynesboro, BORO of - LST",SCHOOL
PA,TAX1243,42-097-1216915-LST-496503,"East Cameron, TWP of - LST",MUNICIPAL
PA,TAX1243,42-097-1216915-LST-496503,"East Cameron, TWP of - LST",SCHOOL
PA,TAX4898,42-039-1216309-EIT-617203,"Oil Creek, TWP of - EIT",MUNICIPAL
PA,TAX4898,42-039-1216309-EIT-617203,"Oil Creek, TWP of - EIT",SCHOOL
PA,TAX6626,42-071-1216651-LST-363103,"West Hempfield, TWP of - LST",MUNICIPAL
PA,TAX6626,42-071-1216651-LST-363103,"West Hempfield, TWP of - LST",SCHOOL
PA,TAX3094,42-117-1215625-EIT-597003,"Mansfield, BORO of - EIT",MUNICIPAL
PA,TAX3094,42-117-1215625-EIT-597003,"Mansfield, BORO of - EIT",SCHOOL
PA,TAX6530,42-107-1217023-LST-540803,"Wayne, TWP of - LST (540803)",MUNICIPAL
PA,TAX6530,42-107-1217023-LST-540803,"Wayne, TWP of - LST (540803)",SCHOOL
PA,TAX2868,42-021-1215026-EIT-116003,"Lilly, BORO of - EIT",MUNICIPAL
PA,TAX2868,42-021-1215026-EIT-116003,"Lilly, BORO of - EIT",SCHOOL
PA,TAX3443,42-061-1216515-EIT-312804,"Morris, TWP of - EIT (312804)",MUNICIPAL
PA,TAX3443,42-061-1216515-EIT-312804,"Morris, TWP of - EIT (312804)",SCHOOL
PA,TAX440,42-033-1216227-LST-171003,"Bradford, TWP of - LST (171003)",MUNICIPAL
PA,TAX440,42-033-1216227-LST-171003,"Bradford, TWP of - LST (171003)",SCHOOL
PA,TAX2337,42-047-1215201-LST-243503,"Johnsonburg, BORO of - LST",MUNICIPAL
PA,TAX2337,42-047-1215201-LST-243503,"Johnsonburg, BORO of - LST",SCHOOL
PA,TAX3802,42-045-1215190-EIT-235103,"Norwood, BORO of - EIT",MUNICIPAL
PA,TAX3802,42-045-1215190-EIT-235103,"Norwood, BORO of - EIT",SCHOOL
PA,TAX2148,42-063-1215290-LST-323703,"Indiana, BORO of - LST",MUNICIPAL
PA,TAX2148,42-063-1215290-LST-323703,"Indiana, BORO of - LST",SCHOOL
PA,TAX6558,42-029-1216186-LST-152003,"West Bradford, TWP of - LST",MUNICIPAL
PA,TAX6558,42-029-1216186-LST-152003,"West Bradford, TWP of - LST",SCHOOL
PA,TAX5278,42-089-1216844-EIT-452003,"Price, TWP of - EIT",MUNICIPAL
PA,TAX5278,42-089-1216844-EIT-452003,"Price, TWP of - EIT",SCHOOL
PA,TAX6623,42-093-1216895-EIT-471803,"West Hemlock, TWP of - EIT",MUNICIPAL
PA,TAX6623,42-093-1216895-EIT-471803,"West Hemlock, TWP of - EIT",SCHOOL
PA,TAX1963,42-003-1214801-LST-021752,"Heidelberg, BORO of - LST",MUNICIPAL
PA,TAX1963,42-003-1214801-LST-021752,"Heidelberg, BORO of - LST",SCHOOL
PA,TAX689,42-027-1215055-EIT-147003,"Centre Hall, BORO of - EIT",MUNICIPAL
PA,TAX689,42-027-1215055-EIT-147003,"Centre Hall, BORO of - EIT",SCHOOL
PA,TAX1713,42-105-1216972-EIT-535504,"Genesee, TWP of - EIT",MUNICIPAL
PA,TAX1713,42-105-1216972-EIT-535504,"Genesee, TWP of - EIT",SCHOOL
PA,TAX259,42-037-1216273-EIT-191203,"Beaver, TWP of - EIT (191203)",MUNICIPAL
PA,TAX259,42-037-1216273-EIT-191203,"Beaver, TWP of - EIT (191203)",SCHOOL
PA,TAX5611,42-111-1217326-EIT-566303,"Seven Springs, BORO of - EIT",MUNICIPAL
PA,TAX5611,42-111-1217326-EIT-566303,"Seven Springs, BORO of - EIT",SCHOOL
PA,TAX5141,42-121-1217150-LST-611303,"Pinegrove, TWP of - LST",MUNICIPAL
PA,TAX5141,42-121-1217150-LST-611303,"Pinegrove, TWP of - LST",SCHOOL
PA,TAX120,42-125-1217181-EIT-638003,"Amwell, TWP of - EIT",MUNICIPAL
PA,TAX120,42-125-1217181-EIT-638003,"Amwell, TWP of - EIT",SCHOOL
PA,TAX6376,42-121-1217157-LST-612203,"Victory, TWP of - LST",MUNICIPAL
PA,TAX6376,42-121-1217157-LST-612203,"Victory, TWP of - LST",SCHOOL
PA,TAX1227,42-125-1217190-LST-631003,"East Bethlehem, TWP of - LST",MUNICIPAL
PA,TAX1227,42-125-1217190-LST-631003,"East Bethlehem, TWP of - LST",SCHOOL
PA,TAX3275,42-045-1216386-EIT-237903,"Middletown, TWP of - EIT (237903)",MUNICIPAL
PA,TAX3275,42-045-1216386-EIT-237903,"Middletown, TWP of - EIT (237903)",SCHOOL
PA,TAX6006,42-049-1216423-LST-253553,"Summit, TWP of - LST (253553)",MUNICIPAL
PA,TAX6006,42-049-1216423-LST-253553,"Summit, TWP of - LST (253553)",SCHOOL
PA,TAX5033,42-095-1215500-LST-485603,"Pen Argyl, BORO of - LST",MUNICIPAL
PA,TAX5033,42-095-1215500-LST-485603,"Pen Argyl, BORO of - LST",SCHOOL
PA,TAX2262,42-021-1216085-LST-111303,"Jackson, TWP of - LST (111303)",MUNICIPAL
PA,TAX2262,42-021-1216085-LST-111303,"Jackson, TWP of - LST (111303)",SCHOOL
PA,TAX261,42-065-1216556-EIT-330803,"Beaver, TWP of - EIT (330803)",MUNICIPAL
PA,TAX261,42-065-1216556-EIT-330803,"Beaver, TWP of - EIT (330803)",SCHOOL
PA,TAX6618,42-029-1215080-LST-150503,"West Grove, BORO of - LST",MUNICIPAL
PA,TAX6618,42-029-1215080-LST-150503,"West Grove, BORO of - LST",SCHOOL
PA,TAX6098,42-117-1217124-LST-596003,"Tioga, TWP of - LST",MUNICIPAL
PA,TAX6098,42-117-1217124-LST-596003,"Tioga, TWP of - LST",SCHOOL
PA,TAX965,42-049-1215205-LST-251453,"Corry, City of - LST",MUNICIPAL
PA,TAX965,42-049-1215205-LST-251453,"Corry, City of - LST",SCHOOL
PA,TAX5306,42-111-1217060-LST-565503,"Quemahoning, TWP of - LST",MUNICIPAL
PA,TAX5306,42-111-1217060-LST-565503,"Quemahoning, TWP of - LST",SCHOOL
PA,TAX3349,42-047-1216404-EIT-272003,"Millstone, TWP of - EIT",MUNICIPAL
PA,TAX3349,42-047-1216404-EIT-272003,"Millstone, TWP of - EIT",SCHOOL
PA,TAX3598,42-107-1217007-LST-546803,"New Castle, TWP of - LST",MUNICIPAL
PA,TAX3598,42-107-1217007-LST-546803,"New Castle, TWP of - LST",SCHOOL
PA,TAX3444,42-117-1217117-EIT-597003,"Morris, TWP of - EIT (597003)",MUNICIPAL
PA,TAX3444,42-117-1217117-EIT-597003,"Morris, TWP of - EIT (597003)",SCHOOL
PA,TAX1181,42-033-1213958-LST-172003,"Dubois, City of - LST",MUNICIPAL
PA,TAX1181,42-033-1213958-LST-172003,"Dubois, City of - LST",SCHOOL
PA,TAX6019,42-129-1215725-EIT-658903,"Sutersville, BORO of - EIT",MUNICIPAL
PA,TAX6019,42-129-1215725-EIT-658903,"Sutersville, BORO of - EIT",SCHOOL
PA,TAX562,42-019-1214985-EIT-101252,"Butler, City of - EIT",MUNICIPAL
PA,TAX562,42-019-1214985-EIT-101252,"Butler, City of - EIT",SCHOOL
PA,TAX6550,42-049-1215221-LST-256553,"Wesleyville, BORO of - LST",MUNICIPAL
PA,TAX6550,42-049-1215221-LST-256553,"Wesleyville, BORO of - LST",SCHOOL
PA,TAX6850,42-027-1216142-LST-141003,"Worth, TWP of - LST (141003)",MUNICIPAL
PA,TAX6850,42-027-1216142-LST-141003,"Worth, TWP of - LST (141003)",SCHOOL
PA,TAX1355,42-063-1216542-EIT-328003,"East Wheatfield, TWP of - EIT",MUNICIPAL
PA,TAX1355,42-063-1216542-EIT-328003,"East Wheatfield, TWP of - EIT",SCHOOL
PA,TAX3487,42-011-1214923-LST-060503,"Mount Penn, BORO of - LST",MUNICIPAL
PA,TAX3487,42-011-1214923-LST-060503,"Mount Penn, BORO of - LST",SCHOOL
PA,TAX306,42-047-1216397-EIT-248003,"Benezette, TWP of - EIT",MUNICIPAL
PA,TAX306,42-047-1216397-EIT-248003,"Benezette, TWP of - EIT",SCHOOL
PA,TAX1730,42-115-1217083-LST-584603,"Gibson, TWP of - LST (584603)",MUNICIPAL
PA,TAX1730,42-115-1217083-LST-584603,"Gibson, TWP of - LST (584603)",SCHOOL
PA,TAX5078,42-071-1216640-EIT-365203,"Pequea, TWP of - EIT",MUNICIPAL
PA,TAX5078,42-071-1216640-EIT-365203,"Pequea, TWP of - EIT",SCHOOL
PA,TAX671,42-007-1215868-EIT-042003,"Center, TWP of - EIT (042003)",MUNICIPAL
PA,TAX671,42-007-1215868-EIT-042003,"Center, TWP of - EIT (042003)",SCHOOL
PA,TAX776,42-031-1216203-LST-161703,"Clarion, TWP of - LST",MUNICIPAL
PA,TAX776,42-031-1216203-LST-161703,"Clarion, TWP of - LST",SCHOOL
PA,TAX134,42-005-1214844-EIT-030603,"Apollo, BORO of - EIT",MUNICIPAL
PA,TAX134,42-005-1214844-EIT-030603,"Apollo, BORO of - EIT",SCHOOL
PA,TAX5068,42-029-1216171-LST-150503,"Penn, TWP of - LST (150503)",MUNICIPAL
PA,TAX5068,42-029-1216171-LST-150503,"Penn, TWP of - LST (150503)",SCHOOL
PA,TAX2835,42-087-1215457-LST-444602,"Lewistown, BORO of - LST",MUNICIPAL
PA,TAX2835,42-087-1215457-LST-444602,"Lewistown, BORO of - LST",SCHOOL
PA,TAX565,42-019-1216044-EIT-101252,"Butler, TWP of - EIT (101252)",MUNICIPAL
PA,TAX565,42-019-1216044-EIT-101252,"Butler, TWP of - EIT (101252)",SCHOOL
PA,TAX966,42-065-1215300-EIT-161703,"Corsica, BORO of - EIT",MUNICIPAL
PA,TAX966,42-065-1215300-EIT-161703,"Corsica, BORO of - EIT",SCHOOL
PA,TAX5219,42-097-1216924-LST-496603,"Point, TWP of - LST",MUNICIPAL
PA,TAX5219,42-097-1216924-LST-496603,"Point, TWP of - LST",SCHOOL
PA,TAX6603,42-029-1216189-LST-156503,"West Fallowfield, TWP of-LST (156503)",MUNICIPAL
PA,TAX6603,42-029-1216189-LST-156503,"West Fallowfield, TWP of-LST (156503)",SCHOOL
PA,TAX1643,42-133-1217289-EIT-674603,"Franklin, TWP of - EIT (674603)",MUNICIPAL
PA,TAX1643,42-133-1217289-EIT-674603,"Franklin, TWP of - EIT (674603)",SCHOOL
PA,TAX1303,42-003-1214789-LST-022803,"East McKeesport, BORO of-LST",MUNICIPAL
PA,TAX1303,42-003-1214789-LST-022803,"East McKeesport, BORO of-LST",SCHOOL
PA,TAX650,42-035-1216255-LST-183602,"Castanea, TWP of - LST",MUNICIPAL
PA,TAX650,42-035-1216255-LST-183602,"Castanea, TWP of - LST",SCHOOL
PA,TAX2788,42-075-1215365-EIT-384603,"Lebanon, City of - EIT",MUNICIPAL
PA,TAX2788,42-075-1215365-EIT-384603,"Lebanon, City of - EIT",SCHOOL
PA,TAX1778,42-063-1216543-LST-325203,"Grant, TWP of - LST",MUNICIPAL
PA,TAX1778,42-063-1216543-LST-325203,"Grant, TWP of - LST",SCHOOL
PA,TAX5115,42-029-1215076-LST-157203,"Phoenixville, BORO of - LST",MUNICIPAL
PA,TAX5115,42-029-1215076-LST-157203,"Phoenixville, BORO of - LST",SCHOOL
PA,TAX2408,42-031-1215086-EIT-166503,"Knox, BORO of - EIT",MUNICIPAL
PA,TAX2408,42-031-1215086-EIT-166503,"Knox, BORO of - EIT",SCHOOL
PA,TAX1529,42-123-1217164-EIT-628302,"Farmington, TWP of - EIT (628302)",MUNICIPAL
PA,TAX1529,42-123-1217164-EIT-628302,"Farmington, TWP of - EIT (628302)",SCHOOL
PA,TAX3751,42-125-1217200-LST-638003,"North Franklin, TWP of - LST",MUNICIPAL
PA,TAX3751,42-125-1217200-LST-638003,"North Franklin, TWP of - LST",SCHOOL
PA,TAX476,42-003-1214777-EIT-021752,"Bridgeville, BORO of - EIT",MUNICIPAL
PA,TAX476,42-003-1214777-EIT-021752,"Bridgeville, BORO of - EIT",SCHOOL
PA,TAX380,42-111-1217044-EIT-566303,"Black, TWP of - EIT",MUNICIPAL
PA,TAX380,42-111-1217044-EIT-566303,"Black, TWP of - EIT",SCHOOL
PA,TAX6533,42-077-1216700-EIT-394603,"Weisenberg, TWP of - EIT",MUNICIPAL
PA,TAX6533,42-077-1216700-EIT-394603,"Weisenberg, TWP of - EIT",SCHOOL
PA,TAX805,42-045-1215177-EIT-239452,"Clifton Heights, BORO of-EIT",MUNICIPAL
PA,TAX805,42-045-1215177-EIT-239452,"Clifton Heights, BORO of-EIT",SCHOOL
PA,TAX2296,42-003-1217396-EIT-029553,"Jefferson Hills, BORO of-EIT",MUNICIPAL
PA,TAX2296,42-003-1217396-EIT-029553,"Jefferson Hills, BORO of-EIT",SCHOOL
PA,TAX5568,42-015-1214956-EIT-086003,"Sayre, BORO of - EIT",MUNICIPAL
PA,TAX5568,42-015-1214956-EIT-086003,"Sayre, BORO of - EIT",SCHOOL
PA,TAX2793,42-005-1214853-LST-034503,"Leechburg, BORO of - LST",MUNICIPAL
PA,TAX2793,42-005-1214853-LST-034503,"Leechburg, BORO of - LST",SCHOOL
PA,TAX5980,42-123-1217178-LST-628302,"Sugar Grove, TWP of - LST (628302)",MUNICIPAL
PA,TAX5980,42-123-1217178-LST-628302,"Sugar Grove, TWP of - LST (628302)",SCHOOL
PA,TAX1823,42-085-1215439-EIT-432803,"Greenville, BORO of - EIT",MUNICIPAL
PA,TAX1823,42-085-1215439-EIT-432803,"Greenville, BORO of - EIT",SCHOOL
PA,TAX820,42-131-1217263-LST-665003,"Clinton, TWP of - LST (665003)",MUNICIPAL
PA,TAX820,42-131-1217263-LST-665003,"Clinton, TWP of - LST (665003)",SCHOOL
PA,TAX5707,42-077-1215379-EIT-394503,"Slatington, BORO of - EIT",MUNICIPAL
PA,TAX5707,42-077-1215379-EIT-394503,"Slatington, BORO of - EIT",SCHOOL
PA,TAX2839,42-081-1216753-LST-417202,"Lewis, TWP of - LST (417202)",MUNICIPAL
PA,TAX2839,42-081-1216753-LST-417202,"Lewis, TWP of - LST (417202)",SCHOOL
PA,TAX6372,42-003-1214832-LST-028203,"Verona, BORO of - LST",MUNICIPAL
PA,TAX6372,42-003-1214832-LST-028203,"Verona, BORO of - LST",SCHOOL
PA,TAX639,42-021-1215012-EIT-116303,"Cassandra, BORO of - EIT",MUNICIPAL
PA,TAX639,42-021-1215012-EIT-116303,"Cassandra, BORO of - EIT",SCHOOL
PA,TAX6518,42-059-1216499-EIT-301403,"Wayne, TWP of - EIT (301403)",MUNICIPAL
PA,TAX6518,42-059-1216499-EIT-301403,"Wayne, TWP of - EIT (301403)",SCHOOL
PA,TAX2005,42-073-1216654-LST-374003,"Hickory, TWP of - LST (374003)",MUNICIPAL
PA,TAX2005,42-073-1216654-LST-374003,"Hickory, TWP of - LST (374003)",SCHOOL
PA,TAX2273,42-109-1217032-LST-557103,"Jackson, TWP of - LST (557103)",MUNICIPAL
PA,TAX2273,42-109-1217032-LST-557103,"Jackson, TWP of - LST (557103)",SCHOOL
PA,TAX6294,42-041-1216351-EIT-210503,"Upper Mifflin, TWP of - EIT",MUNICIPAL
PA,TAX6294,42-041-1216351-EIT-210503,"Upper Mifflin, TWP of - EIT",SCHOOL
PA,TAX1678,42-095-1215494-LST-481002,"Freemansburg, BORO of - LST",MUNICIPAL
PA,TAX1678,42-095-1215494-LST-481002,"Freemansburg, BORO of - LST",SCHOOL
PA,TAX6896,42-133-1215772-LST-672203,"Yorkana, BORO of - LST",MUNICIPAL
PA,TAX6896,42-133-1215772-LST-672203,"Yorkana, BORO of - LST",SCHOOL
PA,TAX906,42-133-1217283-LST-674403,"Conewago, TWP of - LST (674403)",MUNICIPAL
PA,TAX906,42-133-1217283-LST-674403,"Conewago, TWP of - LST (674403)",SCHOOL
PA,TAX2340,42-075-1215364-EIT-385003,"Jonestown, BORO of - EIT",MUNICIPAL
PA,TAX2340,42-075-1215364-EIT-385003,"Jonestown, BORO of - EIT",SCHOOL
PA,TAX2242,42-085-1215442-EIT-433903,"Jackson Center, BORO of - EIT",MUNICIPAL
PA,TAX2242,42-085-1215442-EIT-433903,"Jackson Center, BORO of - EIT",SCHOOL
PA,TAX1254,42-003-1215801-EIT-022253,"East Deer, TWP of - EIT",MUNICIPAL
PA,TAX1254,42-003-1215801-EIT-022253,"East Deer, TWP of - EIT",SCHOOL
PA,TAX5666,42-011-1214927-LST-063003,"Shillington, BORO of - LST",MUNICIPAL
PA,TAX5666,42-011-1214927-LST-063003,"Shillington, BORO of - LST",SCHOOL
PA,TAX3273,42-043-1215165-LST-226003,"Middletown, BORO of - LST",MUNICIPAL
PA,TAX3273,42-043-1215165-LST-226003,"Middletown, BORO of - LST",SCHOOL
PA,TAX2363,42-083-1215431-LST-422303,"Kane, BORO of - LST",MUNICIPAL
PA,TAX2363,42-083-1215431-LST-422303,"Kane, BORO of - LST",SCHOOL
PA,TAX5735,42-009-1215905-EIT-051003,"Snake Spring, TWP of - EIT",MUNICIPAL
PA,TAX5735,42-009-1215905-EIT-051003,"Snake Spring, TWP of - EIT",SCHOOL
PA,TAX1668,42-007-1214875-LST-042853,"Freedom, BORO of - LST",MUNICIPAL
PA,TAX1668,42-007-1214875-LST-042853,"Freedom, BORO of - LST",SCHOOL
PA,TAX5430,42-007-1215885-LST-046903,"Rochester, TWP of - LST",MUNICIPAL
PA,TAX5430,42-007-1215885-LST-046903,"Rochester, TWP of - LST",SCHOOL
PA,TAX3774,42-007-1215880-EIT-045853,"North Sewickley, TWP of - EIT",MUNICIPAL
PA,TAX3774,42-007-1215880-EIT-045853,"North Sewickley, TWP of - EIT",SCHOOL
PA,TAX1233,42-029-1216147-LST-152003,"East Brandywine, TWP of - LST",MUNICIPAL
PA,TAX1233,42-029-1216147-LST-152003,"East Brandywine, TWP of - LST",SCHOOL
PA,TAX1681,42-059-1216488-EIT-308503,"Freeport, TWP of - EIT",MUNICIPAL
PA,TAX1681,42-059-1216488-EIT-308503,"Freeport, TWP of - EIT",SCHOOL
PA,TAX1555,42-067-1216581-EIT-343603,"Fermanagh, TWP of - EIT",MUNICIPAL
PA,TAX1555,42-067-1216581-EIT-343603,"Fermanagh, TWP of - EIT",SCHOOL
PA,TAX2743,42-017-1214968-LST-097502,"Langhorne, BORO of - LST",MUNICIPAL
PA,TAX2743,42-017-1214968-LST-097502,"Langhorne, BORO of - LST",SCHOOL
PA,TAX1890,42-077-1216687-EIT-391303,"Hanover, TWP of - EIT (391303)",MUNICIPAL
PA,TAX1890,42-077-1216687-EIT-391303,"Hanover, TWP of - EIT (391303)",SCHOOL
PA,TAX3168,42-049-1215214-EIT-253903,"McKean, BORO of - EIT",MUNICIPAL
PA,TAX3168,42-049-1215214-EIT-253903,"McKean, BORO of - EIT",SCHOOL
PA,TAX196,42-029-1215066-LST-150503,"Avondale, BORO of - LST",MUNICIPAL
PA,TAX196,42-029-1215066-LST-150503,"Avondale, BORO of - LST",SCHOOL
PA,TAX682,42-125-1215656-EIT-631003,"Centerville, BORO of - EIT (631003)",MUNICIPAL
PA,TAX682,42-125-1215656-EIT-631003,"Centerville, BORO of - EIT (631003)",SCHOOL
PA,TAX5277,42-121-1217152-LST-616203,"President, TWP of - LST (616203)",MUNICIPAL
PA,TAX5277,42-121-1217152-LST-616203,"President, TWP of - LST (616203)",SCHOOL
PA,TAX350,42-095-1217330-EIT-486003,"Bethlehem, City of - EIT (486003)",MUNICIPAL
PA,TAX350,42-095-1217330-EIT-486003,"Bethlehem, City of - EIT (486003)",SCHOOL
PA,TAX1412,42-071-1216628-LST-369003,"Elizabeth, TWP of - LST (369003)",MUNICIPAL
PA,TAX1412,42-071-1216628-LST-369003,"Elizabeth, TWP of - LST (369003)",SCHOOL
PA,TAX870,42-071-1216616-LST-367003,"Colerain, TWP of - LST (367003)",MUNICIPAL
PA,TAX870,42-071-1216616-LST-367003,"Colerain, TWP of - LST (367003)",SCHOOL
PA,TAX6522,42-005-1215864-LST-030852,"Wayne, TWP of - LST (030852)",MUNICIPAL
PA,TAX6522,42-005-1215864-LST-030852,"Wayne, TWP of - LST (030852)",SCHOOL
PA,TAX1325,42-003-1214790-LST-029902,"East Pittsburgh, BORO of-LST",MUNICIPAL
PA,TAX1325,42-003-1214790-LST-029902,"East Pittsburgh, BORO of-LST",SCHOOL
PA,TAX1525,42-055-1216460-EIT-282004,"Fannett, TWP of - EIT",MUNICIPAL
PA,TAX1525,42-055-1216460-EIT-282004,"Fannett, TWP of - EIT",SCHOOL
PA,TAX5849,42-123-1217176-EIT-617203,"Southwest, TWP of - EIT",MUNICIPAL
PA,TAX5849,42-123-1217176-EIT-617203,"Southwest, TWP of - EIT",SCHOOL
PA,TAX6482,42-107-1217022-LST-546003,"Washington, TWP of - LST (546003)",MUNICIPAL
PA,TAX6482,42-107-1217022-LST-546003,"Washington, TWP of - LST (546003)",SCHOOL
PA,TAX5671,42-041-1217325-LST-218003,"Shippensburg, BORO of - LST (218003)",MUNICIPAL
PA,TAX5671,42-041-1217325-LST-218003,"Shippensburg, BORO of - LST (218003)",SCHOOL
PA,TAX4912,42-065-1216565-EIT-338003,"Oliver, TWP of - EIT (338003)",MUNICIPAL
PA,TAX4912,42-065-1216565-EIT-338003,"Oliver, TWP of - EIT (338003)",SCHOOL
PA,TAX3720,42-125-1217199-EIT-630903,"North Bethlehem, TWP of - EIT",MUNICIPAL
PA,TAX3720,42-125-1217199-EIT-630903,"North Bethlehem, TWP of - EIT",SCHOOL
PA,TAX2269,42-085-1216804-LST-433903,"Jackson, TWP of - LST (433903)",MUNICIPAL
PA,TAX2269,42-085-1216804-LST-433903,"Jackson, TWP of - LST (433903)",SCHOOL
PA,TAX1319,42-025-1216108-LST-135503,"East Penn, TWP of - LST",MUNICIPAL
PA,TAX1319,42-025-1216108-LST-135503,"East Penn, TWP of - LST",SCHOOL
PA,TAX1162,42-017-1214964-EIT-092102,"Doylestown, BORO of - EIT",MUNICIPAL
PA,TAX1162,42-017-1214964-EIT-092102,"Doylestown, BORO of - EIT",SCHOOL
PA,TAX5767,42-055-1216471-LST-218003,"Southampton, TWP of - LST (218003)",MUNICIPAL
PA,TAX5767,42-055-1216471-LST-218003,"Southampton, TWP of - LST (218003)",SCHOOL
PA,TAX154,42-129-1215691-LST-656303,"Arnold, City of - LST",MUNICIPAL
PA,TAX154,42-129-1215691-LST-656303,"Arnold, City of - LST",SCHOOL
PA,TAX777,42-085-1215436-EIT-435703,"Clark, BORO of - EIT",MUNICIPAL
PA,TAX777,42-085-1215436-EIT-435703,"Clark, BORO of - EIT",SCHOOL
PA,TAX5130,42-035-1216268-EIT-183602,"Pine Creek, TWP of - EIT (183602)",MUNICIPAL
PA,TAX5130,42-035-1216268-EIT-183602,"Pine Creek, TWP of - EIT (183602)",SCHOOL
PA,TAX5904,42-059-1215260-EIT-308503,"Springhill, TWP of - EIT (308503)",MUNICIPAL
PA,TAX5904,42-059-1215260-EIT-308503,"Springhill, TWP of - EIT (308503)",SCHOOL
PA,TAX2293,42-133-1215750-EIT-676703,"Jefferson, BORO of - EIT (676703)",MUNICIPAL
PA,TAX2293,42-133-1215750-EIT-676703,"Jefferson, BORO of - EIT (676703)",SCHOOL
PA,TAX6830,42-039-1216330-EIT-204703,"Woodcock, TWP of - EIT",MUNICIPAL
PA,TAX6830,42-039-1216330-EIT-204703,"Woodcock, TWP of - EIT",SCHOOL
PA,TAX1051,42-045-1215180-LST-239652,"Darby, BORO of - LST",MUNICIPAL
PA,TAX1051,42-045-1215180-LST-239652,"Darby, BORO of - LST",SCHOOL
PA,TAX3430,42-115-1215614-LST-584503,"Montrose, BORO of - LST",MUNICIPAL
PA,TAX3430,42-115-1215614-LST-584503,"Montrose, BORO of - LST",SCHOOL
PA,TAX6579,42-029-1215079-EIT-159002,"West Chester, BORO of - EIT",MUNICIPAL
PA,TAX6579,42-029-1215079-EIT-159002,"West Chester, BORO of - EIT",SCHOOL
PA,TAX925,42-019-1216051-EIT-101252,"Connoquenessing, TWP of - EIT",MUNICIPAL
PA,TAX925,42-019-1216051-EIT-101252,"Connoquenessing, TWP of - EIT",SCHOOL
PA,TAX6493,42-049-1216427-EIT-253553,"Waterford, TWP of - EIT",MUNICIPAL
PA,TAX6493,42-049-1216427-EIT-253553,"Waterford, TWP of - EIT",SCHOOL
PA,TAX3175,42-003-1214808-LST-028853,"McKees Rocks, BORO of - LST",MUNICIPAL
PA,TAX3175,42-003-1214808-LST-028853,"McKees Rocks, BORO of - LST",SCHOOL
PA,TAX1075,42-033-1216232-LST-177003,"Decatur, TWP of - LST (177003)",MUNICIPAL
PA,TAX1075,42-033-1216232-LST-177003,"Decatur, TWP of - LST (177003)",SCHOOL
PA,TAX6890,42-079-1215418-LST-406602,"Yatesville, BORO of - LST",MUNICIPAL
PA,TAX6890,42-079-1215418-LST-406602,"Yatesville, BORO of - LST",SCHOOL
PA,TAX1151,42-079-1216709-LST-401403,"Dorrance, TWP of - LST",MUNICIPAL
PA,TAX1151,42-079-1216709-LST-401403,"Dorrance, TWP of - LST",SCHOOL
PA,TAX5109,42-125-1217203-LST-636503,"Peters, TWP of - LST (636503)",MUNICIPAL
PA,TAX5109,42-125-1217203-LST-636503,"Peters, TWP of - LST (636503)",SCHOOL
PA,TAX1230,42-031-1215083-EIT-103603,"East Brady, BORO of - EIT",MUNICIPAL
PA,TAX1230,42-031-1215083-EIT-103603,"East Brady, BORO of - EIT",SCHOOL
PA,TAX5463,42-089-1216845-EIT-455203,"Ross, TWP of - EIT (455203)",MUNICIPAL
PA,TAX5463,42-089-1216845-EIT-455203,"Ross, TWP of - EIT (455203)",SCHOOL
PA,TAX6436,42-017-1216037-LST-092102,"Warwick, TWP of - LST (092102)",MUNICIPAL
PA,TAX6436,42-017-1216037-LST-092102,"Warwick, TWP of - LST (092102)",SCHOOL
PA,TAX2290,42-079-1215394-EIT-403302,"Jeddo, BORO of - EIT",MUNICIPAL
PA,TAX2290,42-079-1215394-EIT-403302,"Jeddo, BORO of - EIT",SCHOOL
PA,TAX1057,42-007-1215870-LST-041603,"Darlington, TWP of - LST",MUNICIPAL
PA,TAX1057,42-007-1215870-LST-041603,"Darlington, TWP of - LST",SCHOOL
PA,TAX6541,42-015-1216003-EIT-086653,"Wells, TWP of - EIT (086653)",MUNICIPAL
PA,TAX6541,42-015-1216003-EIT-086653,"Wells, TWP of - EIT (086653)",SCHOOL
PA,TAX1434,42-125-1215666-LST-630903,"Ellsworth, BORO of - LST",MUNICIPAL
PA,TAX1434,42-125-1215666-LST-630903,"Ellsworth, BORO of - LST",SCHOOL
PA,TAX5944,42-125-1215678-LST-631803,"Stockdale, BORO of - LST",MUNICIPAL
PA,TAX5944,42-125-1215678-LST-631803,"Stockdale, BORO of - LST",SCHOOL
PA,TAX694,42-099-1216938-LST-508003,"Centre, TWP of - LST (508003)",MUNICIPAL
PA,TAX694,42-099-1216938-LST-508003,"Centre, TWP of - LST (508003)",SCHOOL
PA,TAX1264,42-029-1216150-EIT-151902,"East Fallowfield, TWP of-EIT (151902)",MUNICIPAL
PA,TAX1264,42-029-1216150-EIT-151902,"East Fallowfield, TWP of-EIT (151902)",SCHOOL
PA,TAX985,42-117-1217104-LST-597003,"Covington, TWP of - LST (597003)",MUNICIPAL
PA,TAX985,42-117-1217104-LST-597003,"Covington, TWP of - LST (597003)",SCHOOL
PA,TAX387,42-063-1215283-LST-321103,"Blairsville, BORO of - LST",MUNICIPAL
PA,TAX387,42-063-1215283-LST-321103,"Blairsville, BORO of - LST",SCHOOL
PA,TAX5526,42-127-1217228-EIT-648903,"Salem, TWP of - EIT (648903)",MUNICIPAL
PA,TAX5526,42-127-1217228-EIT-648903,"Salem, TWP of - EIT (648903)",SCHOOL
PA,TAX1902,42-115-1217085-LST-584603,"Harford, TWP of - LST",MUNICIPAL
PA,TAX1902,42-115-1217085-LST-584603,"Harford, TWP of - LST",SCHOOL
PA,TAX1796,42-035-1216262-LST-183602,"Greene, TWP of - LST (183602)",MUNICIPAL
PA,TAX1796,42-035-1216262-LST-183602,"Greene, TWP of - LST (183602)",SCHOOL
PA,TAX3001,42-051-1215230-LST-262903,"Lower Tyrone, TWP of - LST",MUNICIPAL
PA,TAX3001,42-051-1215230-LST-262903,"Lower Tyrone, TWP of - LST",SCHOOL
PA,TAX754,42-033-1216229-EIT-173504,"Chest, TWP of - EIT (173504)",MUNICIPAL
PA,TAX754,42-033-1216229-EIT-173504,"Chest, TWP of - EIT (173504)",SCHOOL
PA,TAX5147,42-037-1216291-EIT-195004,"Pine, TWP of - EIT (195004)",MUNICIPAL
PA,TAX5147,42-037-1216291-EIT-195004,"Pine, TWP of - EIT (195004)",SCHOOL
PA,TAX835,42-061-1215268-EIT-058003,"Coalmont, BORO of - EIT",MUNICIPAL
PA,TAX835,42-061-1215268-EIT-058003,"Coalmont, BORO of - EIT",SCHOOL
PA,TAX6344,42-057-2086651-LST-297504,"Valley-Hi, BORO of (297504)",MUNICIPAL
PA,TAX6344,42-057-2086651-LST-297504,"Valley-Hi, BORO of (297504)",SCHOOL
PA,TAX3561,42-045-1216387-EIT-239603,"Nether Providence, TWP of-EIT",MUNICIPAL
PA,TAX3561,42-045-1216387-EIT-239603,"Nether Providence, TWP of-EIT",SCHOOL
PA,TAX979,42-079-1215383-LST-409302,"Courtdale, BORO of - LST",MUNICIPAL
PA,TAX979,42-079-1215383-LST-409302,"Courtdale, BORO of - LST",SCHOOL
PA,TAX5384,42-039-1216312-LST-204703,"Richmond, TWP of - LST (204703)",MUNICIPAL
PA,TAX5384,42-039-1216312-LST-204703,"Richmond, TWP of - LST (204703)",SCHOOL
PA,TAX2351,42-097-1216918-LST-493503,"Jordan, TWP of - LST (493503)",MUNICIPAL
PA,TAX2351,42-097-1216918-LST-493503,"Jordan, TWP of - LST (493503)",SCHOOL
PA,TAX1857,42-027-1216126-EIT-148002,"Halfmoon, TWP of - EIT",MUNICIPAL
PA,TAX1857,42-027-1216126-EIT-148002,"Halfmoon, TWP of - EIT",SCHOOL
PA,TAX3471,42-083-1215433-LST-422303,"Mount Jewett, BORO of - LST",MUNICIPAL
PA,TAX3471,42-083-1215433-LST-422303,"Mount Jewett, BORO of - LST",SCHOOL
PA,TAX6760,42-079-1215416-EIT-408852,Wilkes Barre City - EIT,MUNICIPAL
PA,TAX6760,42-079-1215416-EIT-408852,Wilkes Barre City - EIT,SCHOOL
PA,TAX3083,42-009-1215902-LST-053003,"Mann, TWP of - LST",MUNICIPAL
PA,TAX3083,42-009-1215902-LST-053003,"Mann, TWP of - LST",SCHOOL
PA,TAX1388,42-021-1216083-LST-111203,"Elder, TWP of - LST",MUNICIPAL
PA,TAX1388,42-021-1216083-LST-111203,"Elder, TWP of - LST",SCHOOL
PA,TAX1406,42-003-1214793-LST-023153,"Elizabeth, BORO of - LST",MUNICIPAL
PA,TAX1406,42-003-1214793-LST-023153,"Elizabeth, BORO of - LST",SCHOOL
PA,TAX667,42-125-1217186-EIT-631703,"Cecil, TWP of - EIT",MUNICIPAL
PA,TAX667,42-125-1217186-EIT-631703,"Cecil, TWP of - EIT",SCHOOL
PA,TAX2936,42-021-1215028-EIT-116003,"Loretto, BORO of - EIT",MUNICIPAL
PA,TAX2936,42-021-1215028-EIT-116003,"Loretto, BORO of - EIT",SCHOOL
PA,TAX3640,42-009-1214901-LST-051503,"New Paris, BORO of - LST",MUNICIPAL
PA,TAX3640,42-009-1214901-LST-051503,"New Paris, BORO of - LST",SCHOOL
PA,TAX1774,42-033-1216235-LST-179003,"Graham, TWP of - LST",MUNICIPAL
PA,TAX1774,42-033-1216235-LST-179003,"Graham, TWP of - LST",SCHOOL
PA,TAX5452,42-125-1215676-LST-631503,"Roscoe, BORO of - LST",MUNICIPAL
PA,TAX5452,42-125-1215676-LST-631503,"Roscoe, BORO of - LST",SCHOOL
PA,TAX6080,42-069-1216602-LST-356503,"Thornhurst, TWP of - LST",MUNICIPAL
PA,TAX6080,42-069-1216602-LST-356503,"Thornhurst, TWP of - LST",SCHOOL
PA,TAX3017,42-079-1215399-LST-409302,"Luzerne, BORO of - LST",MUNICIPAL
PA,TAX3017,42-079-1215399-LST-409302,"Luzerne, BORO of - LST",SCHOOL
PA,TAX5604,42-109-1215578-LST-557103,"Selinsgrove, BORO of - LST",MUNICIPAL
PA,TAX5604,42-109-1215578-LST-557103,"Selinsgrove, BORO of - LST",SCHOOL
PA,TAX1369,42-071-1216627-EIT-367003,"Eden, TWP of - EIT",MUNICIPAL
PA,TAX1369,42-071-1216627-EIT-367003,"Eden, TWP of - EIT",SCHOOL
PA,TAX6833,42-061-1216530-LST-058003,"Wood, TWP of - LST",MUNICIPAL
PA,TAX6833,42-061-1216530-LST-058003,"Wood, TWP of - LST",SCHOOL
PA,TAX900,42-071-1216617-LST-365203,"Conestoga, TWP of - LST",MUNICIPAL
PA,TAX900,42-071-1216617-LST-365203,"Conestoga, TWP of - LST",SCHOOL
PA,TAX5337,42-011-1214924-LST-067002,"Reading, City of - LST",MUNICIPAL
PA,TAX5337,42-011-1214924-LST-067002,"Reading, City of - LST",SCHOOL
PA,TAX6636,42-075-1215370-LST-384603,"West Lebanon, TWP of - LST",MUNICIPAL
PA,TAX6636,42-075-1215370-LST-384603,"West Lebanon, TWP of - LST",SCHOOL
PA,TAX5350,42-043-1216365-EIT-506003,"Reed, TWP of - EIT",MUNICIPAL
PA,TAX5350,42-043-1216365-EIT-506003,"Reed, TWP of - EIT",SCHOOL
PA,TAX1287,42-035-1216260-LST-183602,"East Keating, TWP of - LST",MUNICIPAL
PA,TAX1287,42-035-1216260-LST-183602,"East Keating, TWP of - LST",SCHOOL
PA,TAX3252,42-109-1215577-EIT-555003,"Middleburg, BORO of - EIT",MUNICIPAL
PA,TAX3252,42-109-1215577-EIT-555003,"Middleburg, BORO of - EIT",SCHOOL
PA,TAX3708,42-017-1216027-EIT-092353,"Northampton, TWP of - EIT (092353)",MUNICIPAL
PA,TAX3708,42-017-1216027-EIT-092353,"Northampton, TWP of - EIT (092353)",SCHOOL
PA,TAX6139,42-091-1215484-LST-466103,"Trappe, BORO of - LST",MUNICIPAL
PA,TAX6139,42-091-1215484-LST-466103,"Trappe, BORO of - LST",SCHOOL
PA,TAX2714,42-083-1216788-EIT-420803,"Lafayette, TWP of - EIT",MUNICIPAL
PA,TAX2714,42-083-1216788-EIT-420803,"Lafayette, TWP of - EIT",SCHOOL
PA,TAX3346,42-035-1215118-LST-183602,"Mill Hall, BORO of - LST",MUNICIPAL
PA,TAX3346,42-035-1215118-LST-183602,"Mill Hall, BORO of - LST",SCHOOL
PA,TAX643,42-061-1216504-EIT-317503,"Cass, TWP of - EIT (317503)",MUNICIPAL
PA,TAX643,42-061-1216504-EIT-317503,"Cass, TWP of - EIT (317503)",SCHOOL
PA,TAX6259,42-041-1216349-LST-216503,"Upper Allen, TWP of - LST",MUNICIPAL
PA,TAX6259,42-041-1216349-LST-216503,"Upper Allen, TWP of - LST",SCHOOL
PA,TAX6334,42-121-1215644-EIT-612203,"Utica, BORO of - EIT",MUNICIPAL
PA,TAX6334,42-121-1215644-EIT-612203,"Utica, BORO of - EIT",SCHOOL
PA,TAX1041,42-079-1215384-LST-401603,"Dallas, BORO of - LST",MUNICIPAL
PA,TAX1041,42-079-1215384-LST-401603,"Dallas, BORO of - LST",SCHOOL
PA,TAX1797,42-049-1216414-LST-259703,"Greene, TWP of - LST (259703)",MUNICIPAL
PA,TAX1797,42-049-1216414-LST-259703,"Greene, TWP of - LST (259703)",SCHOOL
PA,TAX5090,42-059-1215257-EIT-301403,"Perry, TWP of - EIT (301403)",MUNICIPAL
PA,TAX5090,42-059-1215257-EIT-301403,"Perry, TWP of - EIT (301403)",SCHOOL
PA,TAX2155,42-007-1214881-LST-049303,"Industry, BORO of - LST",MUNICIPAL
PA,TAX2155,42-007-1214881-LST-049303,"Industry, BORO of - LST",SCHOOL
PA,TAX1332,42-017-1216016-EIT-098103,"East Rockhill, TWP of - EIT",MUNICIPAL
PA,TAX1332,42-017-1216016-EIT-098103,"East Rockhill, TWP of - EIT",SCHOOL
PA,TAX6322,42-011-1215953-EIT-063503,"Upper Tulpehocken, TWP of-EIT",MUNICIPAL
PA,TAX6322,42-011-1215953-EIT-063503,"Upper Tulpehocken, TWP of-EIT",SCHOOL
PA,TAX2987,42-091-1216863-LST-465303,"Lower Providence, TWP of-LST",MUNICIPAL
PA,TAX2987,42-091-1216863-LST-465303,"Lower Providence, TWP of-LST",SCHOOL
PA,TAX5056,42-033-1216244-EIT-171803,"Penn, TWP of - EIT (171803)",MUNICIPAL
PA,TAX5056,42-033-1216244-EIT-171803,"Penn, TWP of - EIT (171803)",SCHOOL
PA,TAX3068,42-029-1215072-LST-153503,"Malvern, BORO of - LST",MUNICIPAL
PA,TAX3068,42-029-1215072-LST-153503,"Malvern, BORO of - LST",SCHOOL
PA,TAX1872,42-083-1216785-EIT-422303,"Hamilton, TWP of - EIT (422303)",MUNICIPAL
PA,TAX1872,42-083-1216785-EIT-422303,"Hamilton, TWP of - EIT (422303)",SCHOOL
PA,TAX5999,42-019-1216067-EIT-101252,"Summit, TWP of - EIT (101252)",MUNICIPAL
PA,TAX5999,42-019-1216067-EIT-101252,"Summit, TWP of - EIT (101252)",SCHOOL
PA,TAX2300,42-043-1216358-EIT-229003,"Jefferson, TWP of - EIT (229003)",MUNICIPAL
PA,TAX2300,42-043-1216358-EIT-229003,"Jefferson, TWP of - EIT (229003)",SCHOOL
PA,TAX02,42-001-1214750-EIT-011603,"Abbottstown, BORO of - EIT",MUNICIPAL
PA,TAX02,42-001-1214750-EIT-011603,"Abbottstown, BORO of - EIT",SCHOOL
PA,TAX3354,42-049-1215215-LST-253553,"Mill Village, BORO of - LST",MUNICIPAL
PA,TAX3354,42-049-1215215-LST-253553,"Mill Village, BORO of - LST",SCHOOL
PA,TAX3007,42-077-1216691-LST-394603,"Lowhill, TWP of - LST",MUNICIPAL
PA,TAX3007,42-077-1216691-LST-394603,"Lowhill, TWP of - LST",SCHOOL
PA,TAX3269,42-089-1216840-LST-452003,"Middle Smithfield, TWP of-LST",MUNICIPAL
PA,TAX3269,42-089-1216840-LST-452003,"Middle Smithfield, TWP of-LST",SCHOOL
PA,TAX6788,42-015-1216005-EIT-089003,"Wilmot, TWP of - EIT",MUNICIPAL
PA,TAX6788,42-015-1216005-EIT-089003,"Wilmot, TWP of - EIT",SCHOOL
PA,TAX6676,42-107-1217026-LST-547603,"West Penn, TWP of - LST",MUNICIPAL
PA,TAX6676,42-107-1217026-LST-547603,"West Penn, TWP of - LST",SCHOOL
PA,TAX4910,42-011-1215938-EIT-066503,"Oley, TWP of - EIT",MUNICIPAL
PA,TAX4910,42-011-1215938-EIT-066503,"Oley, TWP of - EIT",SCHOOL
PA,TAX260,42-039-1216297-EIT-201033,"Beaver, TWP of - EIT (201033)",MUNICIPAL
PA,TAX260,42-039-1216297-EIT-201033,"Beaver, TWP of - EIT (201033)",SCHOOL
PA,TAX6841,42-091-1216886-LST-465303,"Worcester, TWP of - LST",MUNICIPAL
PA,TAX6841,42-091-1216886-LST-465303,"Worcester, TWP of - LST",SCHOOL
PA,TAX5267,42-027-1216135-LST-147003,"Potter, TWP of - LST (147003)",MUNICIPAL
PA,TAX5267,42-027-1216135-LST-147003,"Potter, TWP of - LST (147003)",SCHOOL
PA,TAX4985,42-025-1215049-LST-136503,"Palmerton, BORO of - LST",MUNICIPAL
PA,TAX4985,42-025-1215049-LST-136503,"Palmerton, BORO of - LST",SCHOOL
PA,TAX5931,42-039-1216318-EIT-204703,"Steuben, TWP of - EIT",MUNICIPAL
PA,TAX5931,42-039-1216318-EIT-204703,"Steuben, TWP of - EIT",SCHOOL
PA,TAX5817,42-107-1217017-EIT-547303,"South Manheim, TWP of - EIT",MUNICIPAL
PA,TAX5817,42-107-1217017-EIT-547303,"South Manheim, TWP of - EIT",SCHOOL
PA,TAX221,42-121-1215635-LST-612203,"Barkeyville, BORO of - LST",MUNICIPAL
PA,TAX221,42-121-1215635-LST-612203,"Barkeyville, BORO of - LST",SCHOOL
PA,TAX6368,42-049-1216425-LST-259703,"Venango, TWP of - LST (259703)",MUNICIPAL
PA,TAX6368,42-049-1216425-LST-259703,"Venango, TWP of - LST (259703)",SCHOOL
PA,TAX431,42-003-1214772-LST-024753,"Brackenridge, BORO of - LST",MUNICIPAL
PA,TAX431,42-003-1214772-LST-024753,"Brackenridge, BORO of - LST",SCHOOL
PA,TAX945,42-085-1216794-EIT-435003,"Coolspring, TWP of - EIT",MUNICIPAL
PA,TAX945,42-085-1216794-EIT-435003,"Coolspring, TWP of - EIT",SCHOOL
PA,TAX2791,42-049-1216418-LST-253553,"Le Boeuf, TWP of - LST",MUNICIPAL
PA,TAX2791,42-049-1216418-LST-253553,"Le Boeuf, TWP of - LST",SCHOOL
PA,TAX5284,42-045-1215192-EIT-235103,"Prospect Park, BORO of - EIT",MUNICIPAL
PA,TAX5284,42-045-1215192-EIT-235103,"Prospect Park, BORO of - EIT",SCHOOL
PA,TAX1906,42-019-1214994-LST-107903,"Harmony, BORO of - LST",MUNICIPAL
PA,TAX1906,42-019-1214994-LST-107903,"Harmony, BORO of - LST",SCHOOL
PA,TAX5363,42-079-1216730-LST-401403,"Rice, TWP of - LST",MUNICIPAL
PA,TAX5363,42-079-1216730-LST-401403,"Rice, TWP of - LST",SCHOOL
PA,TAX45,42-045-1215173-LST-239652,"Aldan, BORO of - LST",MUNICIPAL
PA,TAX45,42-045-1215173-LST-239652,"Aldan, BORO of - LST",SCHOOL
PA,TAX3508,42-133-1215754-EIT-674403,"Mount Wolf, BORO of - EIT",MUNICIPAL
PA,TAX3508,42-133-1215754-EIT-674403,"Mount Wolf, BORO of - EIT",SCHOOL
PA,TAX6090,42-065-1215305-LST-338003,"Timblin, BORO of - LST",MUNICIPAL
PA,TAX6090,42-065-1215305-LST-338003,"Timblin, BORO of - LST",SCHOOL
PA,TAX3595,42-073-1215356-EIT-375302,"New Castle, City of - EIT",MUNICIPAL
PA,TAX3595,42-073-1215356-EIT-375302,"New Castle, City of - EIT",SCHOOL
PA,TAX1419,42-113-1217070-EIT-576303,"Elkland, TWP of - EIT",MUNICIPAL
PA,TAX1419,42-113-1217070-EIT-576303,"Elkland, TWP of - EIT",SCHOOL
PA,TAX1290,42-071-1216626-EIT-361703,"East Lampeter, TWP of - EIT",MUNICIPAL
PA,TAX1290,42-071-1216626-EIT-361703,"East Lampeter, TWP of - EIT",SCHOOL
PA,TAX5727,42-089-1216846-EIT-452003,"Smithfield, TWP of - EIT (452003)",MUNICIPAL
PA,TAX5727,42-089-1216846-EIT-452003,"Smithfield, TWP of - EIT (452003)",SCHOOL
PA,TAX5083,42-091-1216868-LST-466103,"Perkiomen, TWP of - LST",MUNICIPAL
PA,TAX5083,42-091-1216868-LST-466103,"Perkiomen, TWP of - LST",SCHOOL
PA,TAX3416,42-055-1215246-LST-289003,"Mont Alto, BORO of - LST",MUNICIPAL
PA,TAX3416,42-055-1215246-LST-289003,"Mont Alto, BORO of - LST",SCHOOL
PA,TAX6737,42-077-1216701-EIT-397803,"Whitehall, TWP of - EIT",MUNICIPAL
PA,TAX6737,42-077-1216701-EIT-397803,"Whitehall, TWP of - EIT",SCHOOL
PA,TAX479,42-007-1214866-LST-041203,"Bridgewater, BORO of - LST",MUNICIPAL
PA,TAX479,42-007-1214866-LST-041203,"Bridgewater, BORO of - LST",SCHOOL
PA,TAX5848,42-099-1216950-LST-508003,"Southwest Madison, TWP of-LST",MUNICIPAL
PA,TAX5848,42-099-1216950-LST-508003,"Southwest Madison, TWP of-LST",SCHOOL
PA,TAX5112,42-027-1215059-EIT-177003,"Philipsburg, BORO of - EIT",MUNICIPAL
PA,TAX5112,42-027-1215059-EIT-177003,"Philipsburg, BORO of - EIT",SCHOOL
PA,TAX6887,42-015-1216008-LST-086503,"Wysox, TWP of - LST",MUNICIPAL
PA,TAX6887,42-015-1216008-LST-086503,"Wysox, TWP of - LST",SCHOOL
PA,TAX1937,42-045-1216383-EIT-234502,"Haverford, TWP of - EIT",MUNICIPAL
PA,TAX1937,42-045-1216383-EIT-234502,"Haverford, TWP of - EIT",SCHOOL
PA,TAX3765,42-063-1216546-LST-338003,"North Mahoning, TWP of - LST",MUNICIPAL
PA,TAX3765,42-063-1216546-LST-338003,"North Mahoning, TWP of - LST",SCHOOL
PA,TAX490,42-061-1215266-EIT-058003,"Broad Top City, BORO of - EIT",MUNICIPAL
PA,TAX490,42-061-1215266-EIT-058003,"Broad Top City, BORO of - EIT",SCHOOL
PA,TAX6491,42-049-1215219-EIT-253553,"Waterford, BORO of - EIT",MUNICIPAL
PA,TAX6491,42-049-1215219-EIT-253553,"Waterford, BORO of - EIT",SCHOOL
PA,TAX597,42-041-1215146-EIT-211003,"Camp Hill, BORO of - EIT",MUNICIPAL
PA,TAX597,42-041-1215146-EIT-211003,"Camp Hill, BORO of - EIT",SCHOOL
PA,TAX6784,42-073-1216669-LST-378003,"Wilmington, TWP of - LST (378003)",MUNICIPAL
PA,TAX6784,42-073-1216669-LST-378003,"Wilmington, TWP of - LST (378003)",SCHOOL
PA,TAX5454,42-095-1215502-LST-480803,"Roseto, BORO of - LST",MUNICIPAL
PA,TAX5454,42-095-1215502-LST-480803,"Roseto, BORO of - LST",SCHOOL
PA,TAX3796,42-133-1215757-EIT-671303,"North York, BORO of - EIT",MUNICIPAL
PA,TAX3796,42-133-1215757-EIT-671303,"North York, BORO of - EIT",SCHOOL
PA,TAX3144,42-093-1216893-EIT-471803,"Mayberry, TWP of - EIT",MUNICIPAL
PA,TAX3144,42-093-1216893-EIT-471803,"Mayberry, TWP of - EIT",SCHOOL
PA,TAX5506,42-039-1216314-LST-201033,"Sadsbury, TWP of - LST (201033)",MUNICIPAL
PA,TAX5506,42-039-1216314-LST-201033,"Sadsbury, TWP of - LST (201033)",SCHOOL
PA,TAX3612,42-133-1215755-LST-676503,"New Freedom, BORO of - LST",MUNICIPAL
PA,TAX3612,42-133-1215755-LST-676503,"New Freedom, BORO of - LST",SCHOOL
PA,TAX1744,42-107-1215550-LST-545003,"Girardville, BORO of - LST",MUNICIPAL
PA,TAX1744,42-107-1215550-LST-545003,"Girardville, BORO of - LST",SCHOOL
PA,TAX1601,42-083-1216784-LST-420803,"Foster, TWP of - LST (420803)",MUNICIPAL
PA,TAX1601,42-083-1216784-LST-420803,"Foster, TWP of - LST (420803)",SCHOOL
PA,TAX11,42-071-1217319-LST-361303,"Adamstown, BORO of - LST",MUNICIPAL
PA,TAX11,42-071-1217319-LST-361303,"Adamstown, BORO of - LST",SCHOOL
PA,TAX936,42-037-1216278-EIT-545003,"Conyngham, TWP of - EIT (545003)",MUNICIPAL
PA,TAX936,42-037-1216278-EIT-545003,"Conyngham, TWP of - EIT (545003)",SCHOOL
PA,TAX392,42-003-1214771-EIT-023912,"Blawnox, BORO of - EIT",MUNICIPAL
PA,TAX392,42-003-1214771-EIT-023912,"Blawnox, BORO of - EIT",SCHOOL
PA,TAX2725,42-127-1217220-LST-648903,"Lake, TWP of - LST (648903)",MUNICIPAL
PA,TAX2725,42-127-1217220-LST-648903,"Lake, TWP of - LST (648903)",SCHOOL
PA,TAX2100,42-001-1215786-EIT-011103,"Huntington, TWP of - EIT (011103)",MUNICIPAL
PA,TAX2100,42-001-1215786-EIT-011103,"Huntington, TWP of - EIT (011103)",SCHOOL
PA,TAX5106,42-055-1216468-EIT-286003,"Peters, TWP of - EIT (286003)",MUNICIPAL
PA,TAX5106,42-055-1216468-EIT-286003,"Peters, TWP of - EIT (286003)",SCHOOL
PA,TAX827,42-117-1217103-EIT-596003,"Clymer, TWP of - EIT",MUNICIPAL
PA,TAX827,42-117-1217103-EIT-596003,"Clymer, TWP of - EIT",SCHOOL
PA,TAX276,42-017-1216009-EIT-098103,"Bedminster, TWP of - EIT",MUNICIPAL
PA,TAX276,42-017-1216009-EIT-098103,"Bedminster, TWP of - EIT",SCHOOL
PA,TAX3356,42-037-1215127-LST-195004,"Millville, BORO of - LST",MUNICIPAL
PA,TAX3356,42-037-1215127-LST-195004,"Millville, BORO of - LST",SCHOOL
PA,TAX2880,42-119-1217134-LST-605003,"Limestone, TWP of - LST (605003)",MUNICIPAL
PA,TAX2880,42-119-1217134-LST-605003,"Limestone, TWP of - LST (605003)",SCHOOL
PA,TAX5894,42-051-1216445-LST-261302,"Springfield, TWP of - LST (261302)",MUNICIPAL
PA,TAX5894,42-051-1216445-LST-261302,"Springfield, TWP of - LST (261302)",SCHOOL
PA,TAX5327,42-069-1216606-LST-350303,"Ransom, TWP of - LST",MUNICIPAL
PA,TAX5327,42-069-1216606-LST-350303,"Ransom, TWP of - LST",SCHOOL
PA,TAX160,42-107-1215543-LST-545003,"Ashland, BORO of - LST",MUNICIPAL
PA,TAX160,42-107-1215543-LST-545003,"Ashland, BORO of - LST",SCHOOL
PA,TAX3529,42-021-1216090-LST-116003,"Munster, TWP of - LST",MUNICIPAL
PA,TAX3529,42-021-1216090-LST-116003,"Munster, TWP of - LST",SCHOOL
PA,TAX6277,42-091-1216875-LST-060753,"Upper Frederick, TWP of - LST",MUNICIPAL
PA,TAX6277,42-091-1216875-LST-060753,"Upper Frederick, TWP of - LST",SCHOOL
PA,TAX5181,42-049-1215217-LST-258503,"Platea, BORO of - LST",MUNICIPAL
PA,TAX5181,42-049-1215217-LST-258503,"Platea, BORO of - LST",SCHOOL
PA,TAX3592,42-033-1215106-EIT-327303,"Newburg, BORO of - EIT (327303)",MUNICIPAL
PA,TAX3592,42-033-1215106-EIT-327303,"Newburg, BORO of - EIT (327303)",SCHOOL
PA,TAX4953,42-033-1215108-EIT-177003,"Osceola Mills, BORO of - EIT",MUNICIPAL
PA,TAX4953,42-033-1215108-EIT-177003,"Osceola Mills, BORO of - EIT",SCHOOL
PA,TAX986,42-005-1215843-EIT-030852,"Cowanshannock, TWP of - EIT",MUNICIPAL
PA,TAX986,42-005-1215843-EIT-030852,"Cowanshannock, TWP of - EIT",SCHOOL
PA,TAX5153,42-005-1215855-LST-030852,"Pine, TWP of - LST (030852)",MUNICIPAL
PA,TAX5153,42-005-1215855-LST-030852,"Pine, TWP of - LST (030852)",SCHOOL
PA,TAX5001,42-133-1217302-LST-676703,"Paradise, TWP of - LST (676703)",MUNICIPAL
PA,TAX5001,42-133-1217302-LST-676703,"Paradise, TWP of - LST (676703)",SCHOOL
PA,TAX1735,42-005-1215845-EIT-034503,"Gilpin, TWP of - EIT",MUNICIPAL
PA,TAX1735,42-005-1215845-EIT-034503,"Gilpin, TWP of - EIT",SCHOOL
PA,TAX6778,42-029-1216199-EIT-153503,"Willistown, TWP of - EIT",MUNICIPAL
PA,TAX6778,42-029-1216199-EIT-153503,"Willistown, TWP of - EIT",SCHOOL
PA,TAX744,42-045-1215176-LST-234103,"Chester Heights, BORO of-LST",MUNICIPAL
PA,TAX744,42-045-1215176-LST-234103,"Chester Heights, BORO of-LST",SCHOOL
PA,TAX5996,42-065-1215303-LST-330803,"Summerville, BORO of - LST",MUNICIPAL
PA,TAX5996,42-065-1215303-LST-330803,"Summerville, BORO of - LST",SCHOOL
PA,TAX5837,42-051-1216444-EIT-264003,"South Union, TWP of - EIT",MUNICIPAL
PA,TAX5837,42-051-1216444-EIT-264003,"South Union, TWP of - EIT",SCHOOL
PA,TAX6301,42-095-1216909-LST-480803,"Upper Mount Bethel, TWP of-LST",MUNICIPAL
PA,TAX6301,42-095-1216909-LST-480803,"Upper Mount Bethel, TWP of-LST",SCHOOL
PA,TAX1211,42-079-1215386-LST-406602,"Duryea, BORO of - LST",MUNICIPAL
PA,TAX1211,42-079-1215386-LST-406602,"Duryea, BORO of - LST",SCHOOL
PA,TAX6122,42-025-1216117-EIT-136503,"Towamensing, TWP of - EIT",MUNICIPAL
PA,TAX6122,42-025-1216117-EIT-136503,"Towamensing, TWP of - EIT",SCHOOL
PA,TAX2045,42-007-1214880-LST-047404,"Hookstown, BORO of - LST",MUNICIPAL
PA,TAX2045,42-007-1214880-LST-047404,"Hookstown, BORO of - LST",SCHOOL
PA,TAX07,42-091-1216850-LST-460302,"Abington, TWP of - LST",MUNICIPAL
PA,TAX07,42-091-1216850-LST-460302,"Abington, TWP of - LST",SCHOOL
PA,TAX6205,42-105-1215542-LST-535504,"Ulysses, BORO of - LST",MUNICIPAL
PA,TAX6205,42-105-1215542-LST-535504,"Ulysses, BORO of - LST",SCHOOL
PA,TAX3681,42-051-1216440-LST-260303,"Nicholson, TWP of - LST (260303)",MUNICIPAL
PA,TAX3681,42-051-1216440-LST-260303,"Nicholson, TWP of - LST (260303)",SCHOOL
PA,TAX449,42-061-1216502-EIT-312503,"Brady, TWP of - EIT (312503)",MUNICIPAL
PA,TAX449,42-061-1216502-EIT-312503,"Brady, TWP of - EIT (312503)",SCHOOL
PA,TAX2884,42-009-1215900-EIT-051503,"Lincoln, TWP of - EIT (051503)",MUNICIPAL
PA,TAX2884,42-009-1215900-EIT-051503,"Lincoln, TWP of - EIT (051503)",SCHOOL
PA,TAX5857,42-039-1215140-EIT-251453,"Spartansburg, BORO of - EIT",MUNICIPAL
PA,TAX5857,42-039-1215140-EIT-251453,"Spartansburg, BORO of - EIT",SCHOOL
PA,TAX2095,42-129-1215701-LST-653802,"Hunker, BORO of - LST",MUNICIPAL
PA,TAX2095,42-129-1215701-LST-653802,"Hunker, BORO of - LST",SCHOOL
PA,TAX76,42-013-1215956-LST-073503,"Allegheny, TWP of - LST (073503)",MUNICIPAL
PA,TAX76,42-013-1215956-LST-073503,"Allegheny, TWP of - LST (073503)",SCHOOL
PA,TAX5338,42-001-1215793-EIT-011103,"Reading, TWP of - EIT",MUNICIPAL
PA,TAX5338,42-001-1215793-EIT-011103,"Reading, TWP of - EIT",SCHOOL
PA,TAX6153,42-039-1216321-EIT-204703,"Troy, TWP of - EIT (204703)",MUNICIPAL
PA,TAX6153,42-039-1216321-EIT-204703,"Troy, TWP of - EIT (204703)",SCHOOL
PA,TAX5387,42-015-1215989-LST-080503,"Ridgebury, TWP of - LST",MUNICIPAL
PA,TAX5387,42-015-1215989-LST-080503,"Ridgebury, TWP of - LST",SCHOOL
PA,TAX1460,42-071-1216629-LST-362603,"Ephrata, TWP of - LST",MUNICIPAL
PA,TAX1460,42-071-1216629-LST-362603,"Ephrata, TWP of - LST",SCHOOL
PA,TAX1212,42-113-1215603-EIT-576303,"Dushore, BORO of - EIT",MUNICIPAL
PA,TAX1212,42-113-1215603-EIT-576303,"Dushore, BORO of - EIT",SCHOOL
PA,TAX462,42-011-1215917-EIT-063003,"Brecknock, TWP of - EIT (063003)",MUNICIPAL
PA,TAX462,42-011-1215917-EIT-063003,"Brecknock, TWP of - EIT (063003)",SCHOOL
PA,TAX5433,42-097-1216926-EIT-496603,"Rockefeller, TWP of - EIT",MUNICIPAL
PA,TAX5433,42-097-1216926-EIT-496603,"Rockefeller, TWP of - EIT",SCHOOL
PA,TAX2925,42-009-1215901-LST-051003,"Londonderry, TWP of - LST (051003)",MUNICIPAL
PA,TAX2925,42-009-1215901-LST-051003,"Londonderry, TWP of - LST (051003)",SCHOOL
PA,TAX2996,42-025-1216113-EIT-136503,"Lower Towamensing, TWP of-EIT",MUNICIPAL
PA,TAX2996,42-025-1216113-EIT-136503,"Lower Towamensing, TWP of-EIT",SCHOOL
PA,TAX419,42-129-1215694-LST-654903,"Bolivar, BORO of - LST",MUNICIPAL
PA,TAX419,42-129-1215694-LST-654903,"Bolivar, BORO of - LST",SCHOOL
PA,TAX2244,42-019-1216057-EIT-107903,"Jackson, TWP of - EIT (107903)",MUNICIPAL
PA,TAX2244,42-019-1216057-EIT-107903,"Jackson, TWP of - EIT (107903)",SCHOOL
PA,TAX2332,42-115-1217089-EIT-584503,"Jessup, TWP of - EIT",MUNICIPAL
PA,TAX2332,42-115-1217089-EIT-584503,"Jessup, TWP of - EIT",SCHOOL
PA,TAX6848,42-085-1216824-EIT-433903,"Worth, TWP of - EIT (433903)",MUNICIPAL
PA,TAX6848,42-085-1216824-EIT-433903,"Worth, TWP of - EIT (433903)",SCHOOL
PA,TAX5762,42-009-1215906-EIT-053003,"Southampton, TWP of - EIT (053003)",MUNICIPAL
PA,TAX5762,42-009-1215906-EIT-053003,"Southampton, TWP of - EIT (053003)",SCHOOL
PA,TAX263,42-031-1216201-LST-166503,"Beaver, TWP of - LST (166503)",MUNICIPAL
PA,TAX263,42-031-1216201-LST-166503,"Beaver, TWP of - LST (166503)",SCHOOL
PA,TAX1719,42-051-1216435-EIT-260303,"German, TWP of - EIT (260303)",MUNICIPAL
PA,TAX1719,42-051-1216435-EIT-260303,"German, TWP of - EIT (260303)",SCHOOL
PA,TAX2087,42-079-1215393-LST-406602,"Hughestown, BORO of - LST",MUNICIPAL
PA,TAX2087,42-079-1215393-LST-406602,"Hughestown, BORO of - LST",SCHOOL
PA,TAX5710,42-031-1215091-LST-169003,"Sligo, BORO of - LST",MUNICIPAL
PA,TAX5710,42-031-1215091-LST-169003,"Sligo, BORO of - LST",SCHOOL
PA,TAX5689,42-011-1214928-EIT-063503,"Shoemakersville, BORO of-EIT",MUNICIPAL
PA,TAX5689,42-011-1214928-EIT-063503,"Shoemakersville, BORO of-EIT",SCHOOL
PA,TAX1605,42-031-1215084-EIT-160303,"Foxburg, BORO of - EIT",MUNICIPAL
PA,TAX1605,42-031-1215084-EIT-160303,"Foxburg, BORO of - EIT",SCHOOL
PA,TAX698,42-083-1216781-LST-537504,"Ceres, TWP of - LST (537504)",MUNICIPAL
PA,TAX698,42-083-1216781-LST-537504,"Ceres, TWP of - LST (537504)",SCHOOL
PA,TAX6662,42-021-1215038-LST-118503,"Westmont, BORO of - LST",MUNICIPAL
PA,TAX6662,42-021-1215038-LST-118503,"Westmont, BORO of - LST",SCHOOL
PA,TAX1413,42-043-1215159-EIT-229003,"Elizabethville, BORO of - EIT",MUNICIPAL
PA,TAX1413,42-043-1215159-EIT-229003,"Elizabethville, BORO of - EIT",SCHOOL
PA,TAX5176,42-073-1216660-EIT-378003,"Plain Grove, TWP of - EIT",MUNICIPAL
PA,TAX5176,42-073-1216660-EIT-378003,"Plain Grove, TWP of - EIT",SCHOOL
PA,TAX5259,42-027-1215060-LST-141003,"Port Matilda, BORO of - LST",MUNICIPAL
PA,TAX5259,42-027-1215060-LST-141003,"Port Matilda, BORO of - LST",SCHOOL
PA,TAX6793,42-111-1215602-LST-569103,"Windber, BORO of - LST",MUNICIPAL
PA,TAX6793,42-111-1215602-LST-569103,"Windber, BORO of - LST",SCHOOL
PA,TAX3680,42-131-1217272-EIT-665003,"Nicholson, TWP of - EIT (665003)",MUNICIPAL
PA,TAX3680,42-131-1217272-EIT-665003,"Nicholson, TWP of - EIT (665003)",SCHOOL
PA,TAX2929,42-029-1216166-LST-150503,"London Grove, TWP of - LST",MUNICIPAL
PA,TAX2929,42-029-1216166-LST-150503,"London Grove, TWP of - LST",SCHOOL
PA,TAX1144,42-125-1217189-LST-633903,"Donegal, TWP of - LST (633903)",MUNICIPAL
PA,TAX1144,42-125-1217189-LST-633903,"Donegal, TWP of - LST (633903)",SCHOOL
PA,TAX6116,42-061-1216525-LST-058003,"Todd, TWP of - LST (058003)",MUNICIPAL
PA,TAX6116,42-061-1216525-LST-058003,"Todd, TWP of - LST (058003)",SCHOOL
PA,TAX1176,42-057-1216478-EIT-292304,"Dublin, TWP of - EIT (292304)",MUNICIPAL
PA,TAX1176,42-057-1216478-EIT-292304,"Dublin, TWP of - EIT (292304)",SCHOOL
PA,TAX1642,42-109-1217031-EIT-555003,"Franklin, TWP of - EIT (555003)",MUNICIPAL
PA,TAX1642,42-109-1217031-EIT-555003,"Franklin, TWP of - EIT (555003)",SCHOOL
PA,TAX5740,42-027-1216137-LST-141003,"Snow Shoe, TWP of - LST",MUNICIPAL
PA,TAX5740,42-027-1216137-LST-141003,"Snow Shoe, TWP of - LST",SCHOOL
PA,TAX944,42-089-1216836-LST-455403,"Coolbaugh, TWP of - LST",MUNICIPAL
PA,TAX944,42-089-1216836-LST-455403,"Coolbaugh, TWP of - LST",SCHOOL
PA,TAX6458,42-097-1216932-EIT-493503,"Washington, TWP of - EIT (493503)",MUNICIPAL
PA,TAX6458,42-097-1216932-EIT-493503,"Washington, TWP of - EIT (493503)",SCHOOL
PA,TAX2039,42-127-1215686-LST-648703,"Honesdale, BORO of - LST",MUNICIPAL
PA,TAX2039,42-127-1215686-LST-648703,"Honesdale, BORO of - LST",SCHOOL
PA,TAX217,42-025-1216107-EIT-403302,"Banks, TWP of - EIT (403302)",MUNICIPAL
PA,TAX217,42-025-1216107-EIT-403302,"Banks, TWP of - EIT (403302)",SCHOOL
PA,TAX6602,42-039-1216329-EIT-201033,"West Fallowfield, TWP of-EIT (201033)",MUNICIPAL
PA,TAX6602,42-039-1216329-EIT-201033,"West Fallowfield, TWP of-EIT (201033)",SCHOOL
PA,TAX2036,42-007-1214879-EIT-041503,"Homewood, BORO of - EIT",MUNICIPAL
PA,TAX2036,42-007-1214879-EIT-041503,"Homewood, BORO of - EIT",SCHOOL
PA,TAX2894,42-071-1215340-EIT-369003,"Lititz, BORO of - EIT",MUNICIPAL
PA,TAX2894,42-071-1215340-EIT-369003,"Lititz, BORO of - EIT",SCHOOL
PA,TAX247,42-079-1217447-LST-408852,"Bear Creek Village, BORO of-LST",MUNICIPAL
PA,TAX247,42-079-1217447-LST-408852,"Bear Creek Village, BORO of-LST",SCHOOL
PA,TAX3637,42-001-1214761-EIT-011603,"New Oxford, BORO of - EIT",MUNICIPAL
PA,TAX3637,42-001-1214761-EIT-011603,"New Oxford, BORO of - EIT",SCHOOL
PA,TAX6315,42-003-1215836-LST-029203,"Upper Saint Clair, TWP of-LST",MUNICIPAL
PA,TAX6315,42-003-1215836-LST-029203,"Upper Saint Clair, TWP of-LST",SCHOOL
PA,TAX1399,42-083-1216783-LST-426003,"Eldred, TWP of - LST (426003)",MUNICIPAL
PA,TAX1399,42-083-1216783-LST-426003,"Eldred, TWP of - LST (426003)",SCHOOL
PA,TAX5499,42-099-1216948-EIT-506003,"Rye, TWP of - EIT",MUNICIPAL
PA,TAX5499,42-099-1216948-EIT-506003,"Rye, TWP of - EIT",SCHOOL
PA,TAX3232,42-085-1215444-EIT-435003,"Mercer, BORO of - EIT",MUNICIPAL
PA,TAX3232,42-085-1215444-EIT-435003,"Mercer, BORO of - EIT",SCHOOL
PA,TAX3428,42-037-1216287-LST-191203,"Montour, TWP of - LST",MUNICIPAL
PA,TAX3428,42-037-1216287-LST-191203,"Montour, TWP of - LST",SCHOOL
PA,TAX5329,42-071-1216642-LST-364403,"Rapho, TWP of - LST",MUNICIPAL
PA,TAX5329,42-071-1216642-LST-364403,"Rapho, TWP of - LST",SCHOOL
PA,TAX5955,42-111-1215599-EIT-565503,"Stoystown, BORO of - EIT",MUNICIPAL
PA,TAX5955,42-111-1215599-EIT-565503,"Stoystown, BORO of - EIT",SCHOOL
PA,TAX5608,42-083-1216792-LST-427503,"Sergeant, TWP of - LST",MUNICIPAL
PA,TAX5608,42-083-1216792-LST-427503,"Sergeant, TWP of - LST",SCHOOL
PA,TAX6651,42-007-1214893-EIT-041603,"West Mayfield, BORO of - EIT",MUNICIPAL
PA,TAX6651,42-007-1214893-EIT-041603,"West Mayfield, BORO of - EIT",SCHOOL
PA,TAX5803,42-043-1216367-EIT-224003,"South Hanover, TWP of - EIT",MUNICIPAL
PA,TAX5803,42-043-1216367-EIT-224003,"South Hanover, TWP of - EIT",SCHOOL
PA,TAX6142,42-107-1215573-EIT-546003,"Tremont, BORO of - EIT",MUNICIPAL
PA,TAX6142,42-107-1215573-EIT-546003,"Tremont, BORO of - EIT",SCHOOL
PA,TAX2886,42-111-1217053-EIT-567703,"Lincoln, TWP of - EIT (567703)",MUNICIPAL
PA,TAX2886,42-111-1217053-EIT-567703,"Lincoln, TWP of - EIT (567703)",SCHOOL
PA,TAX6700,42-039-1216328-LST-433604,"West Shenango, TWP of - LST",MUNICIPAL
PA,TAX6700,42-039-1216328-LST-433604,"West Shenango, TWP of - LST",SCHOOL
PA,TAX1234,42-107-1216997-EIT-540803,"East Brunswick, TWP of - EIT",MUNICIPAL
PA,TAX1234,42-107-1216997-EIT-540803,"East Brunswick, TWP of - EIT",SCHOOL
PA,TAX1961,42-107-1217003-LST-547803,"Hegins, TWP of - LST",MUNICIPAL
PA,TAX1961,42-107-1217003-LST-547803,"Hegins, TWP of - LST",SCHOOL
PA,TAX6755,42-091-1216885-EIT-469303,"Whitpain, TWP of - EIT",MUNICIPAL
PA,TAX6755,42-091-1216885-EIT-469303,"Whitpain, TWP of - EIT",SCHOOL
PA,TAX717,42-117-1217101-EIT-598503,"Charleston, TWP of - EIT",MUNICIPAL
PA,TAX717,42-117-1217101-EIT-598503,"Charleston, TWP of - EIT",SCHOOL
PA,TAX6879,42-079-1215417-EIT-409203,"Wyoming, BORO of - EIT",MUNICIPAL
PA,TAX6879,42-079-1215417-EIT-409203,"Wyoming, BORO of - EIT",SCHOOL
PA,TAX446,42-031-1216202-EIT-103603,"Brady, TWP of - EIT (103603)",MUNICIPAL
PA,TAX446,42-031-1216202-EIT-103603,"Brady, TWP of - EIT (103603)",SCHOOL
PA,TAX1238,42-019-1214990-EIT-101252,"East Butler, BORO of - EIT",MUNICIPAL
PA,TAX1238,42-019-1214990-EIT-101252,"East Butler, BORO of - EIT",SCHOOL
PA,TAX5989,42-021-2086657-EIT-112203,"Summerhill, BORO of - EIT",MUNICIPAL
PA,TAX5989,42-021-2086657-EIT-112203,"Summerhill, BORO of - EIT",SCHOOL
PA,TAX2779,42-049-1216417-LST-256553,"Lawrence Park, TWP of - LST",MUNICIPAL
PA,TAX2779,42-049-1216417-LST-256553,"Lawrence Park, TWP of - LST",SCHOOL
PA,TAX5529,42-079-1216732-LST-191103,"Salem, TWP of - LST (191103)",MUNICIPAL
PA,TAX5529,42-079-1216732-LST-191103,"Salem, TWP of - LST (191103)",SCHOOL
PA,TAX2904,42-099-1215526-EIT-503004,"Liverpool, BORO of - EIT",MUNICIPAL
PA,TAX2904,42-099-1215526-EIT-503004,"Liverpool, BORO of - EIT",SCHOOL
PA,TAX2080,42-053-1216455-EIT-272003,"Howe, TWP of - EIT (272003)",MUNICIPAL
PA,TAX2080,42-053-1216455-EIT-272003,"Howe, TWP of - EIT (272003)",SCHOOL
PA,TAX1468,42-105-1216971-LST-531304,"Eulalia, TWP of - LST",MUNICIPAL
PA,TAX1468,42-105-1216971-LST-531304,"Eulalia, TWP of - LST",SCHOOL
PA,TAX210,42-003-1215798-EIT-021102,"Baldwin, TWP of - EIT",MUNICIPAL
PA,TAX210,42-003-1215798-EIT-021102,"Baldwin, TWP of - EIT",SCHOOL
PA,TAX6042,42-003-1214829-LST-024753,"Tarentum, BORO of - LST",MUNICIPAL
PA,TAX6042,42-003-1214829-LST-024753,"Tarentum, BORO of - LST",SCHOOL
PA,TAX6150,42-015-1214960-EIT-086653,"Troy, BORO of - EIT",MUNICIPAL
PA,TAX6150,42-015-1214960-EIT-086653,"Troy, BORO of - EIT",SCHOOL
PA,TAX1295,42-063-1216541-LST-325203,"East Mahoning, TWP of - LST",MUNICIPAL
PA,TAX1295,42-063-1216541-LST-325203,"East Mahoning, TWP of - LST",SCHOOL
PA,TAX232,42-107-1216991-EIT-547803,"Barry, TWP of - EIT",MUNICIPAL
PA,TAX232,42-107-1216991-EIT-547803,"Barry, TWP of - EIT",SCHOOL
PA,TAX2264,42-043-1216357-LST-222504,"Jackson, TWP of - LST (222504)",MUNICIPAL
PA,TAX2264,42-043-1216357-LST-222504,"Jackson, TWP of - LST (222504)",SCHOOL
PA,TAX3139,42-103-1215534-EIT-522003,"Matamoras, BORO of - EIT",MUNICIPAL
PA,TAX3139,42-103-1215534-EIT-522003,"Matamoras, BORO of - EIT",SCHOOL
PA,TAX1896,42-079-1216715-LST-403003,"Hanover, TWP of - LST (403003)",MUNICIPAL
PA,TAX1896,42-079-1216715-LST-403003,"Hanover, TWP of - LST (403003)",SCHOOL
PA,TAX347,42-075-1216671-LST-385003,"Bethel, TWP of - LST (385003)",MUNICIPAL
PA,TAX347,42-075-1216671-LST-385003,"Bethel, TWP of - LST (385003)",SCHOOL
PA,TAX5555,42-085-1216817-EIT-433903,"Sandy Lake, TWP of - EIT",MUNICIPAL
PA,TAX5555,42-085-1216817-EIT-433903,"Sandy Lake, TWP of - EIT",SCHOOL
PA,TAX1933,42-091-1215471-EIT-465702,"Hatfield, BORO of - EIT",MUNICIPAL
PA,TAX1933,42-091-1215471-EIT-465702,"Hatfield, BORO of - EIT",SCHOOL
PA,TAX1078,42-125-1215661-EIT-631003,"Deemston, BORO of - EIT",MUNICIPAL
PA,TAX1078,42-125-1215661-EIT-631003,"Deemston, BORO of - EIT",SCHOOL
PA,TAX5007,42-029-1215075-EIT-156503,"Parkesburg, BORO of - EIT",MUNICIPAL
PA,TAX5007,42-029-1215075-EIT-156503,"Parkesburg, BORO of - EIT",SCHOOL
PA,TAX5361,42-059-1215258-LST-303503,"Rices Landing, BORO of - LST",MUNICIPAL
PA,TAX5361,42-059-1215258-LST-303503,"Rices Landing, BORO of - LST",SCHOOL
PA,TAX1567,42-011-1214914-EIT-062503,"Fleetwood, BORO of - EIT",MUNICIPAL
PA,TAX1567,42-011-1214914-EIT-062503,"Fleetwood, BORO of - EIT",SCHOOL
PA,TAX6396,42-061-1216527-LST-312503,"Walker, TWP of - LST (312503)",MUNICIPAL
PA,TAX6396,42-061-1216527-LST-312503,"Walker, TWP of - LST (312503)",SCHOOL
PA,TAX1010,42-125-1217188-EIT-630504,"Cross Creek, TWP of - EIT",MUNICIPAL
PA,TAX1010,42-125-1217188-EIT-630504,"Cross Creek, TWP of - EIT",SCHOOL
PA,TAX6503,42-099-1216955-EIT-506003,"Watts, TWP of - EIT",MUNICIPAL
PA,TAX6503,42-099-1216955-EIT-506003,"Watts, TWP of - EIT",SCHOOL
PA,TAX1757,42-003-1214798-EIT-027753,"Glenfield, BORO of - EIT",MUNICIPAL
PA,TAX1757,42-003-1214798-EIT-027753,"Glenfield, BORO of - EIT",SCHOOL
PA,TAX6548,42-011-1214933-LST-061103,"Wernersville, BORO of - LST",MUNICIPAL
PA,TAX6548,42-011-1214933-LST-061103,"Wernersville, BORO of - LST",SCHOOL
PA,TAX6050,42-073-1216665-EIT-375302,"Taylor, TWP of - EIT (375302)",MUNICIPAL
PA,TAX6050,42-073-1216665-EIT-375302,"Taylor, TWP of - EIT (375302)",SCHOOL
PA,TAX3437,42-081-1216762-EIT-412003,"Moreland, TWP of - EIT",MUNICIPAL
PA,TAX3437,42-081-1216762-EIT-412003,"Moreland, TWP of - EIT",SCHOOL
PA,TAX5976,42-123-1215647-LST-628302,"Sugar Grove, BORO of - LST",MUNICIPAL
PA,TAX5976,42-123-1215647-LST-628302,"Sugar Grove, BORO of - LST",SCHOOL
PA,TAX538,42-063-1216535-EIT-328003,"Buffington, TWP of - EIT",MUNICIPAL
PA,TAX538,42-063-1216535-EIT-328003,"Buffington, TWP of - EIT",SCHOOL
PA,TAX5182,42-003-1214819-EIT-021102,"Pleasant Hills, BORO of - EIT (021102)",MUNICIPAL
PA,TAX5182,42-003-1214819-EIT-021102,"Pleasant Hills, BORO of - EIT (021102)",SCHOOL
PA,TAX3115,42-019-1216060-LST-105353,"Marion, TWP of - LST (105353)",MUNICIPAL
PA,TAX3115,42-019-1216060-LST-105353,"Marion, TWP of - LST (105353)",SCHOOL
PA,TAX6075,42-045-1216392-EIT-159002,"Thornbury, TWP of - EIT (159002)",MUNICIPAL
PA,TAX6075,42-045-1216392-EIT-159002,"Thornbury, TWP of - EIT (159002)",SCHOOL
PA,TAX1579,42-115-1215607-EIT-583003,"Forest City, BORO of - EIT",MUNICIPAL
PA,TAX1579,42-115-1215607-EIT-583003,"Forest City, BORO of - EIT",SCHOOL
PA,TAX3613,42-007-1214886-EIT-041503,"New Galilee, BORO of - EIT",MUNICIPAL
PA,TAX3613,42-007-1214886-EIT-041503,"New Galilee, BORO of - EIT",SCHOOL
PA,TAX5800,42-129-1215723-EIT-653802,"South Greensburg, BORO of-EIT (653802)",MUNICIPAL
PA,TAX5800,42-129-1215723-EIT-653802,"South Greensburg, BORO of-EIT (653802)",SCHOOL
PA,TAX18,42-111-1215580-EIT-568404,"Addison, BORO of - EIT",MUNICIPAL
PA,TAX18,42-111-1215580-EIT-568404,"Addison, BORO of - EIT",SCHOOL
PA,TAX3318,42-017-1216023-LST-098403,"Milford, TWP of - LST (098403)",MUNICIPAL
PA,TAX3318,42-017-1216023-LST-098403,"Milford, TWP of - LST (098403)",SCHOOL
PA,TAX1943,42-039-1216307-EIT-204703,"Hayfield, TWP of - EIT",MUNICIPAL
PA,TAX1943,42-039-1216307-EIT-204703,"Hayfield, TWP of - EIT",SCHOOL
PA,TAX3037,42-037-1216284-EIT-195004,"Madison, TWP of - EIT (195004)",MUNICIPAL
PA,TAX3037,42-037-1216284-EIT-195004,"Madison, TWP of - EIT (195004)",SCHOOL
PA,TAX4908,42-081-1216766-EIT-417202,"Old Lycoming, TWP of - EIT",MUNICIPAL
PA,TAX4908,42-081-1216766-EIT-417202,"Old Lycoming, TWP of - EIT",SCHOOL
PA,TAX2369,42-105-1216977-EIT-530304,"Keating, TWP of - EIT (530304)",MUNICIPAL
PA,TAX2369,42-105-1216977-EIT-530304,"Keating, TWP of - EIT (530304)",SCHOOL
PA,TAX1557,42-021-1215020-EIT-112003,"Ferndale, BORO of - EIT",MUNICIPAL
PA,TAX1557,42-021-1215020-EIT-112003,"Ferndale, BORO of - EIT",SCHOOL
PA,TAX128,42-081-1216738-LST-414003,"Anthony, TWP of - LST (414003)",MUNICIPAL
PA,TAX128,42-081-1216738-LST-414003,"Anthony, TWP of - LST (414003)",SCHOOL
PA,TAX6201,42-099-1216954-LST-508003,"Tyrone, TWP of - LST (508003)",MUNICIPAL
PA,TAX6201,42-099-1216954-LST-508003,"Tyrone, TWP of - LST (508003)",SCHOOL
PA,TAX1538,42-133-1217288-EIT-676203,"Fawn, TWP of - EIT (676203)",MUNICIPAL
PA,TAX1538,42-133-1217288-EIT-676203,"Fawn, TWP of - EIT (676203)",SCHOOL
PA,TAX5774,42-005-1215859-EIT-030852,"South Bend, TWP of - EIT",MUNICIPAL
PA,TAX5774,42-005-1215859-EIT-030852,"South Bend, TWP of - EIT",SCHOOL
PA,TAX6363,42-019-1216068-EIT-105353,"Venango, TWP of - EIT (105353)",MUNICIPAL
PA,TAX6363,42-019-1216068-EIT-105353,"Venango, TWP of - EIT (105353)",SCHOOL
PA,TAX3834,42-019-1216063-LST-101252,"Oakland, TWP of - LST (101252)",MUNICIPAL
PA,TAX3834,42-019-1216063-LST-101252,"Oakland, TWP of - LST (101252)",SCHOOL
PA,TAX5421,42-011-1215944-EIT-068103,"Robeson, TWP of - EIT",MUNICIPAL
PA,TAX5421,42-011-1215944-EIT-068103,"Robeson, TWP of - EIT",SCHOOL
PA,TAX1020,42-001-1215779-EIT-013753,"Cumberland, TWP of - EIT (013753)",MUNICIPAL
PA,TAX1020,42-001-1215779-EIT-013753,"Cumberland, TWP of - EIT (013753)",SCHOOL
PA,TAX6173,42-067-1216588-LST-343603,"Turbett, TWP of - LST",MUNICIPAL
PA,TAX6173,42-067-1216588-LST-343603,"Turbett, TWP of - LST",SCHOOL
PA,TAX5110,42-019-1214999-EIT-103603,"Petrolia, BORO of - EIT",MUNICIPAL
PA,TAX5110,42-019-1214999-EIT-103603,"Petrolia, BORO of - EIT",SCHOOL
PA,TAX6256,42-045-1215199-EIT-231232,"Upland, BORO of - EIT",MUNICIPAL
PA,TAX6256,42-045-1215199-EIT-231232,"Upland, BORO of - EIT",SCHOOL
PA,TAX6917,42-019-1215007-EIT-107903,"Zelienople, BORO of - EIT",MUNICIPAL
PA,TAX6917,42-019-1215007-EIT-107903,"Zelienople, BORO of - EIT",SCHOOL
PA,TAX3533,42-075-1215367-LST-382303,"Myerstown, BORO of - LST",MUNICIPAL
PA,TAX3533,42-075-1215367-LST-382303,"Myerstown, BORO of - LST",SCHOOL
PA,TAX3624,42-129-1213651-LST-656303,New Kensington - LST,MUNICIPAL
PA,TAX3624,42-129-1213651-LST-656303,New Kensington - LST,SCHOOL
PA,TAX308,42-027-1216118-EIT-141103,"Benner, TWP of - EIT (141103)",MUNICIPAL
PA,TAX308,42-027-1216118-EIT-141103,"Benner, TWP of - EIT (141103)",SCHOOL
PA,TAX1508,42-019-1216054-LST-103603,"Fairview, TWP of - LST (103603)",MUNICIPAL
PA,TAX1508,42-019-1216054-LST-103603,"Fairview, TWP of - LST (103603)",SCHOOL
PA,TAX6644,42-063-1216551-LST-030852,"West Mahoning, TWP of - LST",MUNICIPAL
PA,TAX6644,42-063-1216551-LST-030852,"West Mahoning, TWP of - LST",SCHOOL
PA,TAX1396,42-123-1217162-EIT-628302,"Eldred, TWP of - EIT (628302)",MUNICIPAL
PA,TAX1396,42-123-1217162-EIT-628302,"Eldred, TWP of - EIT (628302)",SCHOOL
PA,TAX1560,42-003-1215804-LST-029403,"Findlay, TWP of - LST",MUNICIPAL
PA,TAX1560,42-003-1215804-LST-029403,"Findlay, TWP of - LST",SCHOOL
PA,TAX1676,42-079-1215390-LST-403302,"Freeland, BORO of - LST",MUNICIPAL
PA,TAX1676,42-079-1215390-LST-403302,"Freeland, BORO of - LST",SCHOOL
PA,TAX331,42-043-1215157-LST-229003,"Berrysburg, BORO of - LST",MUNICIPAL
PA,TAX331,42-043-1215157-LST-229003,"Berrysburg, BORO of - LST",SCHOOL
PA,TAX1328,42-009-1215892-EIT-053003,"East Providence, TWP of - EIT",MUNICIPAL
PA,TAX1328,42-009-1215892-EIT-053003,"East Providence, TWP of - EIT",SCHOOL
PA,TAX2753,42-069-1178738-LST-665003,"Laplume, TWP of - LST",MUNICIPAL
PA,TAX2753,42-069-1178738-LST-665003,"Laplume, TWP of - LST",SCHOOL
PA,TAX6178,42-003-1214831-EIT-029902,"Turtle Creek, BORO of - EIT",MUNICIPAL
PA,TAX6178,42-003-1214831-EIT-029902,"Turtle Creek, BORO of - EIT",SCHOOL
PA,TAX5047,42-091-1215477-LST-468603,"Pennsburg, BORO of - LST",MUNICIPAL
PA,TAX5047,42-091-1215477-LST-468603,"Pennsburg, BORO of - LST",SCHOOL
PA,TAX1035,42-039-1216301-LST-204703,"Cussewago, TWP of - LST",MUNICIPAL
PA,TAX1035,42-039-1216301-LST-204703,"Cussewago, TWP of - LST",SCHOOL
PA,TAX2942,42-011-1215931-EIT-060503,"Lower Alsace, TWP of - EIT",MUNICIPAL
PA,TAX2942,42-011-1215931-EIT-060503,"Lower Alsace, TWP of - EIT",SCHOOL
PA,TAX2828,42-133-1215751-EIT-219002,"Lewisberry, BORO of - EIT",MUNICIPAL
PA,TAX2828,42-133-1215751-EIT-219002,"Lewisberry, BORO of - EIT",SCHOOL
PA,TAX1801,42-013-1215962-EIT-071504,"Greenfield, TWP of - EIT (071504)",MUNICIPAL
PA,TAX1801,42-013-1215962-EIT-071504,"Greenfield, TWP of - EIT (071504)",SCHOOL
PA,TAX424,42-111-1215583-EIT-565503,"Boswell, BORO of - EIT",MUNICIPAL
PA,TAX424,42-111-1215583-EIT-565503,"Boswell, BORO of - EIT",SCHOOL
PA,TAX6378,42-021-1215037-LST-110603,"Vintondale, BORO of - LST",MUNICIPAL
PA,TAX6378,42-021-1215037-LST-110603,"Vintondale, BORO of - LST",SCHOOL
PA,TAX6227,42-087-1216832-EIT-444602,"Union, TWP of - EIT (444602)",MUNICIPAL
PA,TAX6227,42-087-1216832-EIT-444602,"Union, TWP of - EIT (444602)",SCHOOL
PA,TAX383,42-099-1215522-LST-508003,"Blain, BORO of - LST",MUNICIPAL
PA,TAX383,42-099-1215522-LST-508003,"Blain, BORO of - LST",SCHOOL
PA,TAX6239,42-039-1216323-LST-201352,"Union, TWP of - LST (201352)",MUNICIPAL
PA,TAX6239,42-039-1216323-LST-201352,"Union, TWP of - LST (201352)",SCHOOL
PA,TAX6304,42-029-1216179-EIT-156703,"Upper Oxford, TWP of - EIT",MUNICIPAL
PA,TAX6304,42-029-1216179-EIT-156703,"Upper Oxford, TWP of - EIT",SCHOOL
PA,TAX297,42-129-1217233-LST-654403,"Bell, TWP of - LST (654403)",MUNICIPAL
PA,TAX297,42-129-1217233-LST-654403,"Bell, TWP of - LST (654403)",SCHOOL
PA,TAX295,42-033-1216223-LST-327303,"Bell, TWP of - LST (327303)",MUNICIPAL
PA,TAX295,42-033-1216223-LST-327303,"Bell, TWP of - LST (327303)",SCHOOL
PA,TAX1511,42-079-1216712-LST-401403,"Fairview, TWP of - LST (401403)",MUNICIPAL
PA,TAX1511,42-079-1216712-LST-401403,"Fairview, TWP of - LST (401403)",SCHOOL
PA,TAX239,42-095-1215490-LST-484903,"Bath, BORO of - LST",MUNICIPAL
PA,TAX239,42-095-1215490-LST-484903,"Bath, BORO of - LST",SCHOOL
PA,TAX5443,42-111-1215595-EIT-566303,"Rockwood, BORO of - EIT",MUNICIPAL
PA,TAX5443,42-111-1215595-EIT-566303,"Rockwood, BORO of - EIT",SCHOOL
PA,TAX895,42-111-1217046-EIT-561803,"Conemaugh, TWP of - EIT (561803)",MUNICIPAL
PA,TAX895,42-111-1217046-EIT-561803,"Conemaugh, TWP of - EIT (561803)",SCHOOL
PA,TAX942,42-129-1217234-LST-654903,"Cook, TWP of - LST",MUNICIPAL
PA,TAX942,42-129-1217234-LST-654903,"Cook, TWP of - LST",SCHOOL
PA,TAX6593,42-071-1216649-EIT-362403,"West Donegal, TWP of - EIT",MUNICIPAL
PA,TAX6593,42-071-1216649-EIT-362403,"West Donegal, TWP of - EIT",SCHOOL
PA,TAX1351,42-029-1216157-EIT-156603,"East Vincent, TWP of - EIT",MUNICIPAL
PA,TAX1351,42-029-1216157-EIT-156603,"East Vincent, TWP of - EIT",SCHOOL
PA,TAX5349,42-051-1216442-LST-260803,"Redstone, TWP of - LST",MUNICIPAL
PA,TAX5349,42-051-1216442-LST-260803,"Redstone, TWP of - LST",SCHOOL
PA,TAX2288,42-129-1215704-LST-654103,"Jeannette, City of - LST (654103)",MUNICIPAL
PA,TAX2288,42-129-1215704-LST-654103,"Jeannette, City of - LST (654103)",SCHOOL
PA,TAX450,42-081-1216741-EIT-415004,"Brady, TWP of - EIT (415004)",MUNICIPAL
PA,TAX450,42-081-1216741-EIT-415004,"Brady, TWP of - EIT (415004)",SCHOOL
PA,TAX1433,42-125-1215666-EIT-630903,"Ellsworth, BORO of - EIT",MUNICIPAL
PA,TAX1433,42-125-1215666-EIT-630903,"Ellsworth, BORO of - EIT",SCHOOL
PA,TAX1062,42-113-1217069-EIT-576303,"Davidson, TWP of - EIT",MUNICIPAL
PA,TAX1062,42-113-1217069-EIT-576303,"Davidson, TWP of - EIT",SCHOOL
PA,TAX159,42-107-1215543-EIT-545003,"Ashland, BORO of - EIT",MUNICIPAL
PA,TAX159,42-107-1215543-EIT-545003,"Ashland, BORO of - EIT",SCHOOL
PA,TAX6192,42-001-1215795-EIT-011603,"Tyrone, TWP of - EIT (011603)",MUNICIPAL
PA,TAX6192,42-001-1215795-EIT-011603,"Tyrone, TWP of - EIT (011603)",SCHOOL
PA,TAX6494,42-049-1216427-LST-253553,"Waterford, TWP of - LST",MUNICIPAL
PA,TAX6494,42-049-1216427-LST-253553,"Waterford, TWP of - LST",SCHOOL
PA,TAX1515,42-065-1217324-EIT-172003,"Falls Creek, BORO of - EIT (172003)",MUNICIPAL
PA,TAX1515,42-065-1217324-EIT-172003,"Falls Creek, BORO of - EIT (172003)",SCHOOL
PA,TAX1764,42-003-1214815-LST-027753,"Glen Osborne, BORO of - LST",MUNICIPAL
PA,TAX1764,42-003-1214815-LST-027753,"Glen Osborne, BORO of - LST",SCHOOL
PA,TAX314,42-111-1215581-EIT-561803,"Benson, BORO of - EIT",MUNICIPAL
PA,TAX314,42-111-1215581-EIT-561803,"Benson, BORO of - EIT",SCHOOL
PA,TAX1150,42-079-1216709-EIT-401403,"Dorrance, TWP of - EIT",MUNICIPAL
PA,TAX1150,42-079-1216709-EIT-401403,"Dorrance, TWP of - EIT",SCHOOL
PA,TAX1536,42-133-1215742-LST-676203,"Fawn Grove, BORO of - LST",MUNICIPAL
PA,TAX1536,42-133-1215742-LST-676203,"Fawn Grove, BORO of - LST",SCHOOL
PA,TAX5466,42-089-1216845-LST-455203,"Ross, TWP of - LST (455203)",MUNICIPAL
PA,TAX5466,42-089-1216845-LST-455203,"Ross, TWP of - LST (455203)",SCHOOL
PA,TAX209,42-003-1214765-LST-021102,"Baldwin, BORO of - LST",MUNICIPAL
PA,TAX209,42-003-1214765-LST-021102,"Baldwin, BORO of - LST",SCHOOL
PA,TAX141,42-001-1214751-LST-018523,"Arendtsville, BORO of - LST",MUNICIPAL
PA,TAX141,42-001-1214751-LST-018523,"Arendtsville, BORO of - LST",SCHOOL
PA,TAX5343,42-005-1215858-LST-168003,"Redbank, TWP of - LST (168003)",MUNICIPAL
PA,TAX5343,42-005-1215858-LST-168003,"Redbank, TWP of - LST (168003)",SCHOOL
PA,TAX5553,42-085-1215446-EIT-433903,"Sandy Lake, BORO of - EIT",MUNICIPAL
PA,TAX5553,42-085-1215446-EIT-433903,"Sandy Lake, BORO of - EIT",SCHOOL
PA,TAX4981,42-031-1216213-LST-161203,"Paint, TWP of - LST (161203)",MUNICIPAL
PA,TAX4981,42-031-1216213-LST-161203,"Paint, TWP of - LST (161203)",SCHOOL
PA,TAX6479,42-081-1216775-LST-415004,"Washington, TWP of - LST (415004)",MUNICIPAL
PA,TAX6479,42-081-1216775-LST-415004,"Washington, TWP of - LST (415004)",SCHOOL
PA,TAX5941,42-037-1215129-EIT-191004,"Stillwater, BORO of - EIT",MUNICIPAL
PA,TAX5941,42-037-1215129-EIT-191004,"Stillwater, BORO of - EIT",SCHOOL
PA,TAX3013,42-023-1216104-LST-122703,"Lumber, TWP of - LST",MUNICIPAL
PA,TAX3013,42-023-1216104-LST-122703,"Lumber, TWP of - LST",SCHOOL
PA,TAX1129,42-069-1215319-EIT-355503,"Dickson City, BORO of - EIT",MUNICIPAL
PA,TAX1129,42-069-1215319-EIT-355503,"Dickson City, BORO of - EIT",SCHOOL
PA,TAX348,42-077-1217330-EIT-481002,"Bethlehem, City of - EIT (481002)",MUNICIPAL
PA,TAX348,42-077-1217330-EIT-481002,"Bethlehem, City of - EIT (481002)",SCHOOL
PA,TAX884,42-123-1217160-LST-251453,"Columbus, TWP of - LST",MUNICIPAL
PA,TAX884,42-123-1217160-LST-251453,"Columbus, TWP of - LST",SCHOOL
PA,TAX5794,42-003-1215831-LST-028703,"South Fayette, TWP of - LST",MUNICIPAL
PA,TAX5794,42-003-1215831-LST-028703,"South Fayette, TWP of - LST",SCHOOL
PA,TAX916,42-049-1216409-LST-258503,"Conneaut, TWP of - LST (258503)",MUNICIPAL
PA,TAX916,42-049-1216409-LST-258503,"Conneaut, TWP of - LST (258503)",SCHOOL
PA,TAX1930,42-021-1215024-LST-111203,"Hastings, BORO of - LST",MUNICIPAL
PA,TAX1930,42-021-1215024-LST-111203,"Hastings, BORO of - LST",SCHOOL
PA,TAX452,42-019-1216042-LST-107503,"Brady, TWP of - LST (107503)",MUNICIPAL
PA,TAX452,42-019-1216042-LST-107503,"Brady, TWP of - LST (107503)",SCHOOL
PA,TAX666,42-013-1215959-LST-079004,"Catharine, TWP of - LST",MUNICIPAL
PA,TAX666,42-013-1215959-LST-079004,"Catharine, TWP of - LST",SCHOOL
PA,TAX6348,42-005-1215862-LST-030852,"Valley, TWP of - LST (030852)",MUNICIPAL
PA,TAX6348,42-005-1215862-LST-030852,"Valley, TWP of - LST (030852)",SCHOOL
PA,TAX183,42-107-1215544-EIT-540803,"Auburn, BORO of - EIT",MUNICIPAL
PA,TAX183,42-107-1215544-EIT-540803,"Auburn, BORO of - EIT",SCHOOL
PA,TAX2144,42-125-1217195-EIT-630504,"Independence, TWP of - EIT (630504)",MUNICIPAL
PA,TAX2144,42-125-1217195-EIT-630504,"Independence, TWP of - EIT (630504)",SCHOOL
PA,TAX5457,42-117-1215627-EIT-597003,"Roseville, BORO of - EIT",MUNICIPAL
PA,TAX5457,42-117-1215627-EIT-597003,"Roseville, BORO of - EIT",SCHOOL
PA,TAX898,42-111-1217046-LST-561803,"Conemaugh, TWP of - LST (561803)",MUNICIPAL
PA,TAX898,42-111-1217046-LST-561803,"Conemaugh, TWP of - LST (561803)",SCHOOL
PA,TAX6197,42-001-1215795-LST-011603,"Tyrone, TWP of - LST (011603)",MUNICIPAL
PA,TAX6197,42-001-1215795-LST-011603,"Tyrone, TWP of - LST (011603)",SCHOOL
PA,TAX5768,42-041-1216346-LST-218003,"Southampton, TWP of - LST (218003)",MUNICIPAL
PA,TAX5768,42-041-1216346-LST-218003,"Southampton, TWP of - LST (218003)",SCHOOL
PA,TAX5934,42-015-1215996-LST-089003,"Stevens, TWP of - LST",MUNICIPAL
PA,TAX5934,42-015-1215996-LST-089003,"Stevens, TWP of - LST",SCHOOL
PA,TAX1169,42-127-1217218-LST-648303,"Dreher, TWP of - LST",MUNICIPAL
PA,TAX1169,42-127-1217218-LST-648303,"Dreher, TWP of - LST",SCHOOL
PA,TAX660,42-037-1215125-LST-197503,"Catawissa, BORO of - LST",MUNICIPAL
PA,TAX660,42-037-1215125-LST-197503,"Catawissa, BORO of - LST",SCHOOL
PA,TAX495,42-065-1215298-LST-330703,"Brockway, BORO of - LST",MUNICIPAL
PA,TAX495,42-065-1215298-LST-330703,"Brockway, BORO of - LST",SCHOOL
PA,TAX6785,42-085-1216823-LST-378003,"Wilmington, TWP of - LST (378003)",MUNICIPAL
PA,TAX6785,42-085-1216823-LST-378003,"Wilmington, TWP of - LST (378003)",SCHOOL
PA,TAX2092,42-043-1215164-EIT-224003,"Hummelstown, BORO of - EIT",MUNICIPAL
PA,TAX2092,42-043-1215164-EIT-224003,"Hummelstown, BORO of - EIT",SCHOOL
PA,TAX3332,42-075-1216676-LST-382303,"Millcreek, TWP of - LST (382303)",MUNICIPAL
PA,TAX3332,42-075-1216676-LST-382303,"Millcreek, TWP of - LST (382303)",SCHOOL
PA,TAX181,42-005-1214846-EIT-030852,"Atwood, BORO of - EIT",MUNICIPAL
PA,TAX181,42-005-1214846-EIT-030852,"Atwood, BORO of - EIT",SCHOOL
PA,TAX5029,42-043-1215167-LST-221402,"Paxtang, BORO of - LST",MUNICIPAL
PA,TAX5029,42-043-1215167-LST-221402,"Paxtang, BORO of - LST",SCHOOL
PA,TAX3683,42-081-1216765-EIT-414003,"Nippenose, TWP of - EIT",MUNICIPAL
PA,TAX3683,42-081-1216765-EIT-414003,"Nippenose, TWP of - EIT",SCHOOL
PA,TAX1967,42-133-1217290-EIT-676703,"Heidelberg, TWP of - EIT (676703)",MUNICIPAL
PA,TAX1967,42-133-1217290-EIT-676703,"Heidelberg, TWP of - EIT (676703)",SCHOOL
PA,TAX5547,42-063-1215294-EIT-321103,"Saltsburg, BORO of - EIT",MUNICIPAL
PA,TAX5547,42-063-1215294-EIT-321103,"Saltsburg, BORO of - EIT",SCHOOL
PA,TAX2852,42-117-1217115-EIT-597003,"Liberty, TWP of - EIT (597003)",MUNICIPAL
PA,TAX2852,42-117-1217115-EIT-597003,"Liberty, TWP of - EIT (597003)",SCHOOL
PA,TAX5949,42-021-1216094-EIT-112502,"Stonycreek, TWP of - EIT (112502)",MUNICIPAL
PA,TAX5949,42-021-1216094-EIT-112502,"Stonycreek, TWP of - EIT (112502)",SCHOOL
PA,TAX3149,42-107-1215553-LST-403302,"McAdoo, BORO of - LST",MUNICIPAL
PA,TAX3149,42-107-1215553-LST-403302,"McAdoo, BORO of - LST",SCHOOL
PA,TAX3811,42-079-1215403-LST-401403,"Nuangola, BORO of - LST",MUNICIPAL
PA,TAX3811,42-079-1215403-LST-401403,"Nuangola, BORO of - LST",SCHOOL
PA,TAX6684,42-079-1215413-LST-409203,"West Pittston, BORO of - LST",MUNICIPAL
PA,TAX6684,42-079-1215413-LST-409203,"West Pittston, BORO of - LST",SCHOOL
PA,TAX5237,42-107-1215564-LST-546103,"Port Carbon, BORO of - LST",MUNICIPAL
PA,TAX5237,42-107-1215564-LST-546103,"Port Carbon, BORO of - LST",SCHOOL
PA,TAX1439,42-069-1216596-EIT-356503,"Elmhurst, TWP of - EIT",MUNICIPAL
PA,TAX1439,42-069-1216596-EIT-356503,"Elmhurst, TWP of - EIT",SCHOOL
PA,TAX6681,42-125-1217212-EIT-631503,"West Pike Run, TWP of - EIT",MUNICIPAL
PA,TAX6681,42-125-1217212-EIT-631503,"West Pike Run, TWP of - EIT",SCHOOL
PA,TAX405,42-033-1216225-LST-172003,"Bloom, TWP of - LST",MUNICIPAL
PA,TAX405,42-033-1216225-LST-172003,"Bloom, TWP of - LST",SCHOOL
PA,TAX5352,42-107-1217013-EIT-544703,"Reilly, TWP of - EIT",MUNICIPAL
PA,TAX5352,42-107-1217013-EIT-544703,"Reilly, TWP of - EIT",SCHOOL
PA,TAX224,42-053-1216451-LST-272003,"Barnett, TWP of - LST (272003)",MUNICIPAL
PA,TAX224,42-053-1216451-LST-272003,"Barnett, TWP of - LST (272003)",SCHOOL
PA,TAX3156,42-057-1215249-EIT-291304,"McConnellsburg, BORO of - EIT",MUNICIPAL
PA,TAX3156,42-057-1215249-EIT-291304,"McConnellsburg, BORO of - EIT",SCHOOL
PA,TAX3706,42-095-1215498-EIT-484903,"Northampton, BORO of - EIT",MUNICIPAL
PA,TAX3706,42-095-1215498-EIT-484903,"Northampton, BORO of - EIT",SCHOOL
PA,TAX1779,42-015-1215980-EIT-086653,"Granville, TWP of - EIT (086653)",MUNICIPAL
PA,TAX1779,42-015-1215980-EIT-086653,"Granville, TWP of - EIT (086653)",SCHOOL
PA,TAX5474,42-043-1215170-LST-226003,"Royalton, BORO of - LST",MUNICIPAL
PA,TAX5474,42-043-1215170-LST-226003,"Royalton, BORO of - LST",SCHOOL
PA,TAX1952,42-065-1216561-LST-330803,"Heath, TWP of - LST",MUNICIPAL
PA,TAX1952,42-065-1216561-LST-330803,"Heath, TWP of - LST",SCHOOL
PA,TAX5890,42-015-1215994-LST-086653,"Springfield, TWP of - LST (086653)",MUNICIPAL
PA,TAX5890,42-015-1215994-LST-086653,"Springfield, TWP of - LST (086653)",SCHOOL
PA,TAX6716,42-029-1216198-LST-159002,"West Whiteland, TWP of - LST",MUNICIPAL
PA,TAX6716,42-029-1216198-LST-159002,"West Whiteland, TWP of - LST",SCHOOL
PA,TAX837,42-033-1215097-EIT-173003,"Coalport, BORO of - EIT",MUNICIPAL
PA,TAX837,42-033-1215097-EIT-173003,"Coalport, BORO of - EIT",SCHOOL
PA,TAX3599,42-111-1215593-EIT-566303,"New Centerville, BORO of-EIT",MUNICIPAL
PA,TAX3599,42-111-1215593-EIT-566303,"New Centerville, BORO of-EIT",SCHOOL
PA,TAX6252,42-027-1215064-EIT-141003,"Unionville, BORO of - EIT",MUNICIPAL
PA,TAX6252,42-027-1215064-EIT-141003,"Unionville, BORO of - EIT",SCHOOL
PA,TAX2892,42-015-1215983-EIT-086003,"Litchfield, TWP of - EIT",MUNICIPAL
PA,TAX2892,42-015-1215983-EIT-086003,"Litchfield, TWP of - EIT",SCHOOL
PA,TAX3077,42-133-1217297-EIT-676403,"Manheim, TWP of - EIT (676403)",MUNICIPAL
PA,TAX3077,42-133-1217297-EIT-676403,"Manheim, TWP of - EIT (676403)",SCHOOL
PA,TAX437,42-083-1215429-LST-420803,"Bradford, City of - LST",MUNICIPAL
PA,TAX437,42-083-1215429-LST-420803,"Bradford, City of - LST",SCHOOL
PA,TAX359,42-033-1216224-LST-175003,"Bigler, TWP of - LST",MUNICIPAL
PA,TAX359,42-033-1216224-LST-175003,"Bigler, TWP of - LST",SCHOOL
PA,TAX1966,42-077-1216688-EIT-394603,"Heidelberg, TWP of - EIT (394603)",MUNICIPAL
PA,TAX1966,42-077-1216688-EIT-394603,"Heidelberg, TWP of - EIT (394603)",SCHOOL
PA,TAX823,42-065-1216558-EIT-330803,"Clover, TWP of - EIT",MUNICIPAL
PA,TAX823,42-065-1216558-EIT-330803,"Clover, TWP of - EIT",SCHOOL
PA,TAX5876,42-003-1215834-LST-020603,"Springdale, TWP of - LST",MUNICIPAL
PA,TAX5876,42-003-1215834-LST-020603,"Springdale, TWP of - LST",SCHOOL
PA,TAX6744,42-091-1216884-LST-461602,"Whitemarsh, TWP of - LST",MUNICIPAL
PA,TAX6744,42-091-1216884-LST-461602,"Whitemarsh, TWP of - LST",SCHOOL
PA,TAX2831,42-119-1215632-LST-604003,"Lewisburg, BORO of - LST",MUNICIPAL
PA,TAX2831,42-119-1215632-LST-604003,"Lewisburg, BORO of - LST",SCHOOL
PA,TAX3721,42-125-1217199-LST-630903,"North Bethlehem, TWP of - LST",MUNICIPAL
PA,TAX3721,42-125-1217199-LST-630903,"North Bethlehem, TWP of - LST",SCHOOL
PA,TAX1901,42-115-1217085-EIT-584603,"Harford, TWP of - EIT",MUNICIPAL
PA,TAX1901,42-115-1217085-EIT-584603,"Harford, TWP of - EIT",SCHOOL
PA,TAX6314,42-003-1215836-EIT-029203,"Upper Saint Clair, TWP of-EIT",MUNICIPAL
PA,TAX6314,42-003-1215836-EIT-029203,"Upper Saint Clair, TWP of-EIT",SCHOOL
PA,TAX1324,42-003-1214790-EIT-029902,"East Pittsburgh, BORO of-EIT",MUNICIPAL
PA,TAX1324,42-003-1214790-EIT-029902,"East Pittsburgh, BORO of-EIT",SCHOOL
PA,TAX1964,42-011-1215927-EIT-061103,"Heidelberg, TWP of - EIT (061103)",MUNICIPAL
PA,TAX1964,42-011-1215927-EIT-061103,"Heidelberg, TWP of - EIT (061103)",SCHOOL
PA,TAX5739,42-027-1216137-EIT-141003,"Snow Shoe, TWP of - EIT",MUNICIPAL
PA,TAX5739,42-027-1216137-EIT-141003,"Snow Shoe, TWP of - EIT",SCHOOL
PA,TAX77,42-021-1216072-LST-116003,"Allegheny, TWP of - LST (116003)",MUNICIPAL
PA,TAX77,42-021-1216072-LST-116003,"Allegheny, TWP of - LST (116003)",SCHOOL
PA,TAX1721,42-051-1216435-LST-260303,"German, TWP of - LST (260303)",MUNICIPAL
PA,TAX1721,42-051-1216435-LST-260303,"German, TWP of - LST (260303)",SCHOOL
PA,TAX5650,42-085-1215449-LST-431304,"Sheakleyville, BORO of - LST",MUNICIPAL
PA,TAX5650,42-085-1215449-LST-431304,"Sheakleyville, BORO of - LST",SCHOOL
PA,TAX2261,42-019-1216057-LST-107903,"Jackson, TWP of - LST (107903)",MUNICIPAL
PA,TAX2261,42-019-1216057-LST-107903,"Jackson, TWP of - LST (107903)",SCHOOL
PA,TAX1960,42-107-1217003-EIT-547803,"Hegins, TWP of - EIT",MUNICIPAL
PA,TAX1960,42-107-1217003-EIT-547803,"Hegins, TWP of - EIT",SCHOOL
PA,TAX746,42-033-1215095-LST-177003,"Chester Hill, BORO of - LST",MUNICIPAL
PA,TAX746,42-033-1215095-LST-177003,"Chester Hill, BORO of - LST",SCHOOL
PA,TAX1899,42-049-1216416-EIT-254353,"Harborcreek, TWP of - EIT",MUNICIPAL
PA,TAX1899,42-049-1216416-EIT-254353,"Harborcreek, TWP of - EIT",SCHOOL
PA,TAX756,42-033-1216229-LST-173504,"Chest, TWP of - LST (173504)",MUNICIPAL
PA,TAX756,42-033-1216229-LST-173504,"Chest, TWP of - LST (173504)",SCHOOL
PA,TAX1231,42-031-1215083-LST-103603,"East Brady, BORO of - LST",MUNICIPAL
PA,TAX1231,42-031-1215083-LST-103603,"East Brady, BORO of - LST",SCHOOL
PA,TAX1402,42-123-1217162-LST-628302,"Eldred, TWP of - LST (628302)",MUNICIPAL
PA,TAX1402,42-123-1217162-LST-628302,"Eldred, TWP of - LST (628302)",SCHOOL
PA,TAX6331,42-021-1216097-LST-118503,"Upper Yoder, TWP of - LST",MUNICIPAL
PA,TAX6331,42-021-1216097-LST-118503,"Upper Yoder, TWP of - LST",SCHOOL
PA,TAX1935,42-091-1216855-EIT-465702,"Hatfield, TWP of - EIT",MUNICIPAL
PA,TAX1935,42-091-1216855-EIT-465702,"Hatfield, TWP of - EIT",SCHOOL
PA,TAX212,42-011-1214908-EIT-060753,"Bally, BORO of - EIT",MUNICIPAL
PA,TAX212,42-011-1214908-EIT-060753,"Bally, BORO of - EIT",SCHOOL
PA,TAX3473,42-071-1215344-LST-362203,"Mount Joy, BORO of - LST",MUNICIPAL
PA,TAX3473,42-071-1215344-LST-362203,"Mount Joy, BORO of - LST",SCHOOL
PA,TAX6240,42-049-1216424-LST-259103,"Union, TWP of - LST (259103)",MUNICIPAL
PA,TAX6240,42-049-1216424-LST-259103,"Union, TWP of - LST (259103)",SCHOOL
PA,TAX697,42-083-1216781-LST-426003,"Ceres, TWP of - LST (426003)",MUNICIPAL
PA,TAX697,42-083-1216781-LST-426003,"Ceres, TWP of - LST (426003)",SCHOOL
PA,TAX5403,42-031-1215088-EIT-169003,"Rimersburg, BORO of - EIT",MUNICIPAL
PA,TAX5403,42-031-1215088-EIT-169003,"Rimersburg, BORO of - EIT",SCHOOL
PA,TAX1381,42-021-1215019-EIT-112203,"Ehrenfeld, BORO of - EIT",MUNICIPAL
PA,TAX1381,42-021-1215019-EIT-112203,"Ehrenfeld, BORO of - EIT",SCHOOL
PA,TAX2931,42-125-1215670-LST-631503,"Long Branch, BORO of - LST",MUNICIPAL
PA,TAX2931,42-125-1215670-LST-631503,"Long Branch, BORO of - LST",SCHOOL
PA,TAX4911,42-011-1215938-LST-066503,"Oley, TWP of - LST",MUNICIPAL
PA,TAX4911,42-011-1215938-LST-066503,"Oley, TWP of - LST",SCHOOL
PA,TAX285,42-003-1214766-LST-027753,"Bell Acres, BORO of - LST",MUNICIPAL
PA,TAX285,42-003-1214766-LST-027753,"Bell Acres, BORO of - LST",SCHOOL
PA,TAX5446,42-015-1214955-LST-083004,"Rome, BORO of - LST",MUNICIPAL
PA,TAX5446,42-015-1214955-LST-083004,"Rome, BORO of - LST",SCHOOL
PA,TAX6580,42-029-1215079-LST-159002,"West Chester, BORO of - LST",MUNICIPAL
PA,TAX6580,42-029-1215079-LST-159002,"West Chester, BORO of - LST",SCHOOL
PA,TAX1651,42-037-1216280-LST-197503,"Franklin, TWP of - LST (197503)",MUNICIPAL
PA,TAX1651,42-037-1216280-LST-197503,"Franklin, TWP of - LST (197503)",SCHOOL
PA,TAX3382,42-011-1214922-EIT-063003,"Mohnton, BORO of - EIT",MUNICIPAL
PA,TAX3382,42-011-1214922-EIT-063003,"Mohnton, BORO of - EIT",SCHOOL
PA,TAX29,42-015-1214948-EIT-086653,"Alba, BORO of - EIT",MUNICIPAL
PA,TAX29,42-015-1214948-EIT-086653,"Alba, BORO of - EIT",SCHOOL
PA,TAX3665,42-017-1216025-LST-092353,"Newtown, TWP of - LST (092353)",MUNICIPAL
PA,TAX3665,42-017-1216025-LST-092353,"Newtown, TWP of - LST (092353)",SCHOOL
PA,TAX6794,42-095-1215508-EIT-485603,"Wind Gap, BORO of - EIT",MUNICIPAL
PA,TAX6794,42-095-1215508-EIT-485603,"Wind Gap, BORO of - EIT",SCHOOL
PA,TAX1986,42-051-1216436-EIT-268003,"Henry Clay, TWP of - EIT",MUNICIPAL
PA,TAX1986,42-051-1216436-EIT-268003,"Henry Clay, TWP of - EIT",SCHOOL
PA,TAX5368,42-017-1214977-EIT-098403,"Richlandtown, BORO of - EIT",MUNICIPAL
PA,TAX5368,42-017-1214977-EIT-098403,"Richlandtown, BORO of - EIT",SCHOOL
PA,TAX1467,42-105-1216971-EIT-531304,"Eulalia, TWP of - EIT",MUNICIPAL
PA,TAX1467,42-105-1216971-EIT-531304,"Eulalia, TWP of - EIT",SCHOOL
PA,TAX1822,42-063-1216544-LST-327303,"Green, TWP of - LST (327303)",MUNICIPAL
PA,TAX1822,42-063-1216544-LST-327303,"Green, TWP of - LST (327303)",SCHOOL
PA,TAX5869,42-047-1216406-EIT-246003,"Spring Creek, TWP of - EIT (246003)",MUNICIPAL
PA,TAX5869,42-047-1216406-EIT-246003,"Spring Creek, TWP of - EIT (246003)",SCHOOL
PA,TAX2291,42-079-1215394-LST-403302,"Jeddo, BORO of - LST",MUNICIPAL
PA,TAX2291,42-079-1215394-LST-403302,"Jeddo, BORO of - LST",SCHOOL
PA,TAX1438,42-073-1214872-LST-372003,"Ellwood City, BORO of - LST (372003)",MUNICIPAL
PA,TAX1438,42-073-1214872-LST-372003,"Ellwood City, BORO of - LST (372003)",SCHOOL
PA,TAX2918,42-035-1216266-LST-183602,"Logan, TWP of - LST (183602)",MUNICIPAL
PA,TAX2918,42-035-1216266-LST-183602,"Logan, TWP of - LST (183602)",SCHOOL
PA,TAX3113,42-007-1215878-LST-045853,"Marion, TWP of - LST (045853)",MUNICIPAL
PA,TAX3113,42-007-1215878-LST-045853,"Marion, TWP of - LST (045853)",SCHOOL
PA,TAX1844,42-085-1215440-LST-432903,"Grove City, BORO of - LST",MUNICIPAL
PA,TAX1844,42-085-1215440-LST-432903,"Grove City, BORO of - LST",SCHOOL
PA,TAX384,42-125-1217182-EIT-633903,"Blaine, TWP of - EIT",MUNICIPAL
PA,TAX384,42-125-1217182-EIT-633903,"Blaine, TWP of - EIT",SCHOOL
PA,TAX3439,42-059-1216495-EIT-303503,"Morgan, TWP of - EIT",MUNICIPAL
PA,TAX3439,42-059-1216495-EIT-303503,"Morgan, TWP of - EIT",SCHOOL
PA,TAX6895,42-133-1215772-EIT-672203,"Yorkana, BORO of - EIT",MUNICIPAL
PA,TAX6895,42-133-1215772-EIT-672203,"Yorkana, BORO of - EIT",SCHOOL
PA,TAX1929,42-021-1215024-EIT-111203,"Hastings, BORO of - EIT",MUNICIPAL
PA,TAX1929,42-021-1215024-EIT-111203,"Hastings, BORO of - EIT",SCHOOL
PA,TAX5903,42-051-1216446-EIT-260303,"Springhill, TWP of - EIT (260303)",MUNICIPAL
PA,TAX5903,42-051-1216446-EIT-260303,"Springhill, TWP of - EIT (260303)",SCHOOL
PA,TAX5406,42-065-1216570-LST-338003,"Ringgold, TWP of - LST",MUNICIPAL
PA,TAX5406,42-065-1216570-LST-338003,"Ringgold, TWP of - LST",SCHOOL
PA,TAX2069,42-047-1216401-LST-330703,"Horton, TWP of - LST (330703)",MUNICIPAL
PA,TAX2069,42-047-1216401-LST-330703,"Horton, TWP of - LST (330703)",SCHOOL
PA,TAX2003,42-073-1216654-EIT-374003,"Hickory, TWP of - EIT (374003)",MUNICIPAL
PA,TAX2003,42-073-1216654-EIT-374003,"Hickory, TWP of - EIT (374003)",SCHOOL
PA,TAX1222,42-095-1215492-EIT-480803,"East Bangor, BORO of - EIT",MUNICIPAL
PA,TAX1222,42-095-1215492-EIT-480803,"East Bangor, BORO of - EIT",SCHOOL
PA,TAX6230,42-119-1217135-EIT-604003,"Union, TWP of - EIT (604003)",MUNICIPAL
PA,TAX6230,42-119-1217135-EIT-604003,"Union, TWP of - EIT (604003)",SCHOOL
PA,TAX6630,42-035-1216271-LST-179003,"West Keating, TWP of - LST",MUNICIPAL
PA,TAX6630,42-035-1216271-LST-179003,"West Keating, TWP of - LST",SCHOOL
PA,TAX5307,42-055-1216469-EIT-289003,"Quincy, TWP of - EIT",MUNICIPAL
PA,TAX5307,42-055-1216469-EIT-289003,"Quincy, TWP of - EIT",SCHOOL
PA,TAX525,42-091-1215465-LST-460504,"Bryn Athyn, BORO of - LST",MUNICIPAL
PA,TAX525,42-091-1215465-LST-460504,"Bryn Athyn, BORO of - LST",SCHOOL
PA,TAX3798,42-107-1217010-EIT-546103,"Norwegian, TWP of - EIT",MUNICIPAL
PA,TAX3798,42-107-1217010-EIT-546103,"Norwegian, TWP of - EIT",SCHOOL
PA,TAX892,42-049-1216408-LST-251453,"Concord, TWP of - LST (251453)",MUNICIPAL
PA,TAX892,42-049-1216408-LST-251453,"Concord, TWP of - LST (251453)",SCHOOL
PA,TAX5223,42-089-1216843-EIT-455203,"Polk, TWP of - EIT (455203)",MUNICIPAL
PA,TAX5223,42-089-1216843-EIT-455203,"Polk, TWP of - EIT (455203)",SCHOOL
PA,TAX5319,42-097-1216925-LST-197503,"Ralpho, TWP of - LST",MUNICIPAL
PA,TAX5319,42-097-1216925-LST-197503,"Ralpho, TWP of - LST",SCHOOL
PA,TAX1217,42-071-1216620-EIT-362303,"Earl, TWP of - EIT (362303)",MUNICIPAL
PA,TAX1217,42-071-1216620-EIT-362303,"Earl, TWP of - EIT (362303)",SCHOOL
PA,TAX4921,42-061-1216516-LST-312503,"Oneida, TWP of - LST",MUNICIPAL
PA,TAX4921,42-061-1216516-LST-312503,"Oneida, TWP of - LST",SCHOOL
PA,TAX119,42-049-1216407-LST-259703,"Amity, TWP of - LST (259703)",MUNICIPAL
PA,TAX119,42-049-1216407-LST-259703,"Amity, TWP of - LST (259703)",SCHOOL
PA,TAX6817,42-085-1215453-LST-432903,"Wolf Creek, TWP of - LST",MUNICIPAL
PA,TAX6817,42-085-1215453-LST-432903,"Wolf Creek, TWP of - LST",SCHOOL
PA,TAX3516,42-019-1216062-EIT-107503,"Muddycreek, TWP of - EIT",MUNICIPAL
PA,TAX3516,42-019-1216062-EIT-107503,"Muddycreek, TWP of - EIT",SCHOOL
PA,TAX3209,42-123-1217169-LST-628302,"Mead, TWP of - LST",MUNICIPAL
PA,TAX3209,42-123-1217169-LST-628302,"Mead, TWP of - LST",SCHOOL
PA,TAX2859,42-117-1217115-LST-597003,"Liberty, TWP of - LST (597003)",MUNICIPAL
PA,TAX2859,42-117-1217115-LST-597003,"Liberty, TWP of - LST (597003)",SCHOOL
PA,TAX1947,42-079-1215392-EIT-403302,"Hazleton, City of - EIT",MUNICIPAL
PA,TAX1947,42-079-1215392-EIT-403302,"Hazleton, City of - EIT",SCHOOL
PA,TAX2922,42-009-1215901-EIT-051003,"Londonderry, TWP of - EIT (051003)",MUNICIPAL
PA,TAX2922,42-009-1215901-EIT-051003,"Londonderry, TWP of - EIT (051003)",SCHOOL
PA,TAX6061,42-071-1215350-EIT-362303,"Terre Hill, BORO of - EIT",MUNICIPAL
PA,TAX6061,42-071-1215350-EIT-362303,"Terre Hill, BORO of - EIT",SCHOOL
PA,TAX2238,42-121-1217145-EIT-612203,"Irwin, TWP of - EIT",MUNICIPAL
PA,TAX2238,42-121-1217145-EIT-612203,"Irwin, TWP of - EIT",SCHOOL
PA,TAX6605,42-103-1216966-EIT-522003,"Westfall, TWP of - EIT",MUNICIPAL
PA,TAX6605,42-103-1216966-EIT-522003,"Westfall, TWP of - EIT",SCHOOL
PA,TAX3475,42-001-1215790-EIT-015203,"Mount Joy, TWP of - EIT (015203)",MUNICIPAL
PA,TAX3475,42-001-1215790-EIT-015203,"Mount Joy, TWP of - EIT (015203)",SCHOOL
PA,TAX6355,42-069-1215331-EIT-583003,"Vandling, BORO of - EIT",MUNICIPAL
PA,TAX6355,42-069-1215331-EIT-583003,"Vandling, BORO of - EIT",SCHOOL
PA,TAX6167,42-131-1217277-LST-667503,"Tunkhannock, TWP of - LST (667503)",MUNICIPAL
PA,TAX6167,42-131-1217277-LST-667503,"Tunkhannock, TWP of - LST (667503)",SCHOOL
PA,TAX5065,42-011-1215940-LST-068003,"Penn, TWP of - LST (068003)",MUNICIPAL
PA,TAX5065,42-011-1215940-LST-068003,"Penn, TWP of - LST (068003)",SCHOOL
PA,TAX5386,42-015-1215989-EIT-080503,"Ridgebury, TWP of - EIT",MUNICIPAL
PA,TAX5386,42-015-1215989-EIT-080503,"Ridgebury, TWP of - EIT",SCHOOL
PA,TAX2903,42-001-1214759-LST-015203,"Littlestown, BORO of - LST",MUNICIPAL
PA,TAX2903,42-001-1214759-LST-015203,"Littlestown, BORO of - LST",SCHOOL
PA,TAX1094,42-067-1216579-LST-343603,"Delaware, TWP of - LST (343603)",MUNICIPAL
PA,TAX1094,42-067-1216579-LST-343603,"Delaware, TWP of - LST (343603)",SCHOOL
PA,TAX2038,42-127-1215686-EIT-648703,"Honesdale, BORO of - EIT",MUNICIPAL
PA,TAX2038,42-127-1215686-EIT-648703,"Honesdale, BORO of - EIT",SCHOOL
PA,TAX6353,42-129-1215726-EIT-654403,"Vandergrift, BORO of - EIT",MUNICIPAL
PA,TAX6353,42-129-1215726-EIT-654403,"Vandergrift, BORO of - EIT",SCHOOL
PA,TAX1030,42-027-1216122-EIT-183602,"Curtin, TWP of - EIT",MUNICIPAL
PA,TAX1030,42-027-1216122-EIT-183602,"Curtin, TWP of - EIT",SCHOOL
PA,TAX334,42-001-1215776-EIT-011603,"Berwick, TWP of - EIT",MUNICIPAL
PA,TAX334,42-001-1215776-EIT-011603,"Berwick, TWP of - EIT",SCHOOL
PA,TAX5008,42-029-1215075-LST-156503,"Parkesburg, BORO of - LST",MUNICIPAL
PA,TAX5008,42-029-1215075-LST-156503,"Parkesburg, BORO of - LST",SCHOOL
PA,TAX1141,42-125-1217189-EIT-633903,"Donegal, TWP of - EIT (633903)",MUNICIPAL
PA,TAX1141,42-125-1217189-EIT-633903,"Donegal, TWP of - EIT (633903)",SCHOOL
PA,TAX5517,42-047-1215203-EIT-248003,Saint Marys City - EIT,MUNICIPAL
PA,TAX5517,42-047-1215203-EIT-248003,Saint Marys City - EIT,SCHOOL
PA,TAX2712,42-067-1216583-EIT-343603,"Lack, TWP of - EIT",MUNICIPAL
PA,TAX2712,42-067-1216583-EIT-343603,"Lack, TWP of - EIT",SCHOOL
PA,TAX2048,42-115-1215611-EIT-584603,"Hop Bottom, BORO of - EIT",MUNICIPAL
PA,TAX2048,42-115-1215611-EIT-584603,"Hop Bottom, BORO of - EIT",SCHOOL
PA,TAX2999,42-111-1217054-LST-568404,"Lower Turkeyfoot, TWP of-LST",MUNICIPAL
PA,TAX2999,42-111-1217054-LST-568404,"Lower Turkeyfoot, TWP of-LST",SCHOOL
PA,TAX865,42-035-1216257-EIT-183602,"Colebrook, TWP of - EIT",MUNICIPAL
PA,TAX865,42-035-1216257-EIT-183602,"Colebrook, TWP of - EIT",SCHOOL
PA,TAX6591,42-003-1215837-EIT-022253,"West Deer, TWP of - EIT",MUNICIPAL
PA,TAX6591,42-003-1215837-EIT-022253,"West Deer, TWP of - EIT",SCHOOL
PA,TAX3392,42-125-1215673-LST-637002,"Monongahela, City of - LST",MUNICIPAL
PA,TAX3392,42-125-1215673-LST-637002,"Monongahela, City of - LST",SCHOOL
PA,TAX5160,42-031-1216214-EIT-169003,"Piney, TWP of - EIT",MUNICIPAL
PA,TAX5160,42-031-1216214-EIT-169003,"Piney, TWP of - EIT",SCHOOL
PA,TAX539,42-063-1216535-LST-328003,"Buffington, TWP of - LST",MUNICIPAL
PA,TAX539,42-063-1216535-LST-328003,"Buffington, TWP of - LST",SCHOOL
PA,TAX6413,42-117-1217126-EIT-597003,"Ward, TWP of - EIT",MUNICIPAL
PA,TAX6413,42-117-1217126-EIT-597003,"Ward, TWP of - EIT",SCHOOL
PA,TAX1824,42-085-1215439-LST-432803,"Greenville, BORO of - LST",MUNICIPAL
PA,TAX1824,42-085-1215439-LST-432803,"Greenville, BORO of - LST",SCHOOL
PA,TAX5082,42-091-1216868-EIT-466103,"Perkiomen, TWP of - EIT",MUNICIPAL
PA,TAX5082,42-091-1216868-EIT-466103,"Perkiomen, TWP of - EIT",SCHOOL
PA,TAX1679,42-005-1214851-EIT-033053,"Freeport, BORO of - EIT",MUNICIPAL
PA,TAX1679,42-005-1214851-EIT-033053,"Freeport, BORO of - EIT",SCHOOL
PA,TAX5059,42-071-1216639-EIT-364403,"Penn, TWP of - EIT (364403)",MUNICIPAL
PA,TAX5059,42-071-1216639-EIT-364403,"Penn, TWP of - EIT (364403)",SCHOOL
PA,TAX32,42-015-1215971-EIT-089003,"Albany, TWP of - EIT (089003)",MUNICIPAL
PA,TAX32,42-015-1215971-EIT-089003,"Albany, TWP of - EIT (089003)",SCHOOL
PA,TAX5726,42-061-1216520-EIT-312503,"Smithfield, TWP of - EIT (312503)",MUNICIPAL
PA,TAX5726,42-061-1216520-EIT-312503,"Smithfield, TWP of - EIT (312503)",SCHOOL
PA,TAX1308,42-091-1216853-EIT-465602,"East Norriton, TWP of - EIT",MUNICIPAL
PA,TAX1308,42-091-1216853-EIT-465602,"East Norriton, TWP of - EIT",SCHOOL
PA,TAX752,42-021-1215013-LST-111203,"Chest Springs, BORO of - LST",MUNICIPAL
PA,TAX752,42-021-1215013-LST-111203,"Chest Springs, BORO of - LST",SCHOOL
PA,TAX4993,42-107-1215562-LST-546103,"Palo Alto, BORO of - LST",MUNICIPAL
PA,TAX4993,42-107-1215562-LST-546103,"Palo Alto, BORO of - LST",SCHOOL
PA,TAX1119,42-087-1216828-LST-444602,"Derry, TWP of - LST (444602)",MUNICIPAL
PA,TAX1119,42-087-1216828-LST-444602,"Derry, TWP of - LST (444602)",SCHOOL
PA,TAX3614,42-007-1214886-LST-041503,"New Galilee, BORO of - LST",MUNICIPAL
PA,TAX3614,42-007-1214886-LST-041503,"New Galilee, BORO of - LST",SCHOOL
PA,TAX5850,42-123-1217176-LST-617203,"Southwest, TWP of - LST",MUNICIPAL
PA,TAX5850,42-123-1217176-LST-617203,"Southwest, TWP of - LST",SCHOOL
PA,TAX6547,42-011-1214933-EIT-061103,"Wernersville, BORO of - EIT",MUNICIPAL
PA,TAX6547,42-011-1214933-EIT-061103,"Wernersville, BORO of - EIT",SCHOOL
PA,TAX642,42-111-1215584-LST-566303,"Casselman, BORO of - LST",MUNICIPAL
PA,TAX642,42-111-1215584-LST-566303,"Casselman, BORO of - LST",SCHOOL
PA,TAX2726,42-035-1216264-EIT-183602,"Lamar, TWP of - EIT",MUNICIPAL
PA,TAX2726,42-035-1216264-EIT-183602,"Lamar, TWP of - EIT",SCHOOL
PA,TAX4948,42-015-1215986-EIT-083004,"Orwell, TWP of - EIT",MUNICIPAL
PA,TAX4948,42-015-1215986-EIT-083004,"Orwell, TWP of - EIT",SCHOOL
PA,TAX6698,42-085-1216822-LST-435303,"West Salem, TWP of - LST",MUNICIPAL
PA,TAX6698,42-085-1216822-LST-435303,"West Salem, TWP of - LST",SCHOOL
PA,TAX6119,42-011-1214932-LST-060853,"Topton, BORO of - LST",MUNICIPAL
PA,TAX6119,42-011-1214932-LST-060853,"Topton, BORO of - LST",SCHOOL
PA,TAX360,42-001-1214753-EIT-018523,"Biglerville, BORO of - EIT",MUNICIPAL
PA,TAX360,42-001-1214753-EIT-018523,"Biglerville, BORO of - EIT",SCHOOL
PA,TAX631,42-133-1217280-EIT-674603,"Carroll, TWP of - EIT (674603)",MUNICIPAL
PA,TAX631,42-133-1217280-EIT-674603,"Carroll, TWP of - EIT (674603)",SCHOOL
PA,TAX2258,42-081-1216720-EIT-597003,"Jackson, TWP of - EIT (597003)",MUNICIPAL
PA,TAX2258,42-081-1216720-EIT-597003,"Jackson, TWP of - EIT (597003)",SCHOOL
PA,TAX3050,42-107-1217006-EIT-544503,"Mahanoy, TWP of - EIT",MUNICIPAL
PA,TAX3050,42-107-1217006-EIT-544503,"Mahanoy, TWP of - EIT",SCHOOL
PA,TAX6746,42-003-1214841-EIT-656502,"White Oak, BORO of - EIT (656502)",MUNICIPAL
PA,TAX6746,42-003-1214841-EIT-656502,"White Oak, BORO of - EIT (656502)",SCHOOL
PA,TAX6365,42-049-1216425-EIT-259703,"Venango, TWP of - EIT (259703)",MUNICIPAL
PA,TAX6365,42-049-1216425-EIT-259703,"Venango, TWP of - EIT (259703)",SCHOOL
PA,TAX1662,42-003-1215806-LST-022253,"Frazer, TWP of - LST",MUNICIPAL
PA,TAX1662,42-003-1215806-LST-022253,"Frazer, TWP of - LST",SCHOOL
PA,TAX6392,42-061-1216527-EIT-312503,"Walker, TWP of - EIT (312503)",MUNICIPAL
PA,TAX6392,42-061-1216527-EIT-312503,"Walker, TWP of - EIT (312503)",SCHOOL
PA,TAX1203,42-035-1216259-LST-183602,"Dunnstable, TWP of - LST",MUNICIPAL
PA,TAX1203,42-035-1216259-LST-183602,"Dunnstable, TWP of - LST",SCHOOL
PA,TAX1658,42-133-1217289-LST-674603,"Franklin, TWP of - LST (674603)",MUNICIPAL
PA,TAX1658,42-133-1217289-LST-674603,"Franklin, TWP of - LST (674603)",SCHOOL
PA,TAX5548,42-063-1215294-LST-321103,"Saltsburg, BORO of - LST",MUNICIPAL
PA,TAX5548,42-063-1215294-LST-321103,"Saltsburg, BORO of - LST",SCHOOL
PA,TAX430,42-003-1214772-EIT-024753,"Brackenridge, BORO of - EIT",MUNICIPAL
PA,TAX430,42-003-1214772-EIT-024753,"Brackenridge, BORO of - EIT",SCHOOL
PA,TAX2777,42-025-1216111-LST-139004,"Lausanne, TWP of - LST",MUNICIPAL
PA,TAX2777,42-025-1216111-LST-139004,"Lausanne, TWP of - LST",SCHOOL
PA,TAX6338,42-029-1216181-EIT-152003,"Uwchlan, TWP of - EIT",MUNICIPAL
PA,TAX6338,42-029-1216181-EIT-152003,"Uwchlan, TWP of - EIT",SCHOOL
PA,TAX923,42-019-1214989-EIT-101252,"Connoquenessing, BORO of-EIT",MUNICIPAL
PA,TAX923,42-019-1214989-EIT-101252,"Connoquenessing, BORO of-EIT",SCHOOL
PA,TAX1742,42-049-1216413-LST-254053,"Girard, TWP of - LST (254053)",MUNICIPAL
PA,TAX1742,42-049-1216413-LST-254053,"Girard, TWP of - LST (254053)",SCHOOL
PA,TAX6898,42-133-1215771-LST-679002,"York, City of - LST",MUNICIPAL
PA,TAX6898,42-133-1215771-LST-679002,"York, City of - LST",SCHOOL
PA,TAX6534,42-077-1216700-LST-394603,"Weisenberg, TWP of - LST",MUNICIPAL
PA,TAX6534,42-077-1216700-LST-394603,"Weisenberg, TWP of - LST",SCHOOL
PA,TAX899,42-071-1216617-EIT-365203,"Conestoga, TWP of - EIT",MUNICIPAL
PA,TAX899,42-071-1216617-EIT-365203,"Conestoga, TWP of - EIT",SCHOOL
PA,TAX5585,42-003-1215829-EIT-021752,"Scott, TWP of - EIT (021752)",MUNICIPAL
PA,TAX5585,42-003-1215829-EIT-021752,"Scott, TWP of - EIT (021752)",SCHOOL
PA,TAX1777,42-063-1216543-EIT-325203,"Grant, TWP of - EIT",MUNICIPAL
PA,TAX1777,42-063-1216543-EIT-325203,"Grant, TWP of - EIT",SCHOOL
PA,TAX3528,42-021-1216090-EIT-116003,"Munster, TWP of - EIT",MUNICIPAL
PA,TAX3528,42-021-1216090-EIT-116003,"Munster, TWP of - EIT",SCHOOL
PA,TAX52,42-061-1215264-LST-312804,"Alexandria, BORO of - LST",MUNICIPAL
PA,TAX52,42-061-1215264-LST-312804,"Alexandria, BORO of - LST",SCHOOL
PA,TAX5784,42-029-1215077-EIT-151902,"South Coatesville, BORO of-EIT",MUNICIPAL
PA,TAX5784,42-029-1215077-EIT-151902,"South Coatesville, BORO of-EIT",SCHOOL
PA,TAX6427,42-079-1215411-EIT-403003,"Warrior Run, BORO of - EIT",MUNICIPAL
PA,TAX6427,42-079-1215411-EIT-403003,"Warrior Run, BORO of - EIT",SCHOOL
PA,TAX6343,42-057-2086651-EIT-297504,"Valley-Hi, BORO of (297504)",MUNICIPAL
PA,TAX6343,42-057-2086651-EIT-297504,"Valley-Hi, BORO of (297504)",SCHOOL
PA,TAX1002,42-107-1215546-EIT-540803,"Cressona, BORO of - EIT",MUNICIPAL
PA,TAX1002,42-107-1215546-EIT-540803,"Cressona, BORO of - EIT",SCHOOL
PA,TAX1675,42-079-1215390-EIT-403302,"Freeland, BORO of - EIT",MUNICIPAL
PA,TAX1675,42-079-1215390-EIT-403302,"Freeland, BORO of - EIT",SCHOOL
PA,TAX5875,42-003-1215834-EIT-020603,"Springdale, TWP of - EIT",MUNICIPAL
PA,TAX5875,42-003-1215834-EIT-020603,"Springdale, TWP of - EIT",SCHOOL
PA,TAX5423,42-003-1215827-EIT-026303,"Robinson, TWP of - EIT (026303)",MUNICIPAL
PA,TAX5423,42-003-1215827-EIT-026303,"Robinson, TWP of - EIT (026303)",SCHOOL
PA,TAX5373,42-031-1216218-EIT-160303,"Richland, TWP of - EIT (160303)",MUNICIPAL
PA,TAX5373,42-031-1216218-EIT-160303,"Richland, TWP of - EIT (160303)",SCHOOL
PA,TAX5351,42-043-1216365-LST-506003,"Reed, TWP of - LST",MUNICIPAL
PA,TAX5351,42-043-1216365-LST-506003,"Reed, TWP of - LST",SCHOOL
PA,TAX436,42-083-1215429-EIT-420803,"Bradford, City of - EIT",MUNICIPAL
PA,TAX436,42-083-1215429-EIT-420803,"Bradford, City of - EIT",SCHOOL
PA,TAX3429,42-115-1215614-EIT-584503,"Montrose, BORO of - EIT",MUNICIPAL
PA,TAX3429,42-115-1215614-EIT-584503,"Montrose, BORO of - EIT",SCHOOL
PA,TAX2801,42-025-1215047-LST-135503,"Lehighton, BORO of - LST",MUNICIPAL
PA,TAX2801,42-025-1215047-LST-135503,"Lehighton, BORO of - LST",SCHOOL
PA,TAX1507,42-085-1216798-EIT-433903,"Fairview, TWP of - EIT (433903)",MUNICIPAL
PA,TAX1507,42-085-1216798-EIT-433903,"Fairview, TWP of - EIT (433903)",SCHOOL
PA,TAX5706,42-091-1216871-LST-466103,"Skippack, TWP of - LST",MUNICIPAL
PA,TAX5706,42-091-1216871-LST-466103,"Skippack, TWP of - LST",SCHOOL
PA,TAX349,42-095-1217330-EIT-481002,"Bethlehem, City of - EIT (481002)",MUNICIPAL
PA,TAX349,42-095-1217330-EIT-481002,"Bethlehem, City of - EIT (481002)",SCHOOL
PA,TAX1648,42-019-1216056-LST-107503,"Franklin, TWP of - LST (107503)",MUNICIPAL
PA,TAX1648,42-019-1216056-LST-107503,"Franklin, TWP of - LST (107503)",SCHOOL
PA,TAX2857,42-085-1216808-LST-432903,"Liberty, TWP of - LST (432903)",MUNICIPAL
PA,TAX2857,42-085-1216808-LST-432903,"Liberty, TWP of - LST (432903)",SCHOOL
PA,TAX5103,42-109-1217036-LST-555003,"Perry, TWP of - LST (555003)",MUNICIPAL
PA,TAX5103,42-109-1217036-LST-555003,"Perry, TWP of - LST (555003)",SCHOOL
PA,TAX3041,42-037-1216284-LST-195004,"Madison, TWP of - LST (195004)",MUNICIPAL
PA,TAX3041,42-037-1216284-LST-195004,"Madison, TWP of - LST (195004)",SCHOOL
PA,TAX3039,42-005-1215849-LST-168003,"Madison, TWP of - LST (168003)",MUNICIPAL
PA,TAX3039,42-005-1215849-LST-168003,"Madison, TWP of - LST (168003)",SCHOOL
PA,TAX5525,42-085-1216815-EIT-431304,"Salem, TWP of - EIT (431304)",MUNICIPAL
PA,TAX5525,42-085-1216815-EIT-431304,"Salem, TWP of - EIT (431304)",SCHOOL
PA,TAX24,42-071-1215332-LST-362603,"Akron, BORO of - LST",MUNICIPAL
PA,TAX24,42-071-1215332-LST-362603,"Akron, BORO of - LST",SCHOOL
PA,TAX3104,42-071-1215342-LST-362203,"Marietta, BORO of - LST",MUNICIPAL
PA,TAX3104,42-071-1215342-LST-362203,"Marietta, BORO of - LST",SCHOOL
PA,TAX420,42-001-1214754-EIT-011603,"Bonneauville, BORO of - EIT (011603)",MUNICIPAL
PA,TAX420,42-001-1214754-EIT-011603,"Bonneauville, BORO of - EIT (011603)",SCHOOL
PA,TAX5514,42-129-1217255-LST-654903,"Saint Clair, TWP of - LST",MUNICIPAL
PA,TAX5514,42-129-1217255-LST-654903,"Saint Clair, TWP of - LST",SCHOOL
PA,TAX6108,42-099-1216952-LST-282004,"Toboyne, TWP of - LST (282004)",MUNICIPAL
PA,TAX6108,42-099-1216952-LST-282004,"Toboyne, TWP of - LST (282004)",SCHOOL
PA,TAX2367,42-033-1216240-LST-179003,"Karthaus, TWP of - LST",MUNICIPAL
PA,TAX2367,42-033-1216240-LST-179003,"Karthaus, TWP of - LST",SCHOOL
PA,TAX3279,42-115-1217247-LST-582503,"Middletown, TWP of - LST (582503)",MUNICIPAL
PA,TAX3279,42-115-1217247-LST-582503,"Middletown, TWP of - LST (582503)",SCHOOL
PA,TAX6126,42-015-1215998-EIT-086503,"Towanda, TWP of - EIT",MUNICIPAL
PA,TAX6126,42-015-1215998-EIT-086503,"Towanda, TWP of - EIT",SCHOOL
PA,TAX372,42-079-1216703-EIT-403302,"Black Creek, TWP of - EIT",MUNICIPAL
PA,TAX372,42-079-1216703-EIT-403302,"Black Creek, TWP of - EIT",SCHOOL
PA,TAX79,42-111-1217043-LST-561003,"Allegheny, TWP of - LST (561003)",MUNICIPAL
PA,TAX79,42-111-1217043-LST-561003,"Allegheny, TWP of - LST (561003)",SCHOOL
PA,TAX3284,42-125-1215672-LST-632403,"Midway, BORO of - LST",MUNICIPAL
PA,TAX3284,42-125-1215672-LST-632403,"Midway, BORO of - LST",SCHOOL
PA,TAX3701,42-017-1216026-LST-098003,"Nockamixon, TWP of - LST",MUNICIPAL
PA,TAX3701,42-017-1216026-LST-098003,"Nockamixon, TWP of - LST",SCHOOL
PA,TAX5076,42-129-1217253-LST-657103,"Penn, TWP of - LST (657103)",MUNICIPAL
PA,TAX5076,42-129-1217253-LST-657103,"Penn, TWP of - LST (657103)",SCHOOL
PA,TAX4979,42-111-1217059-EIT-561803,"Paint, TWP of - EIT (561803)",MUNICIPAL
PA,TAX4979,42-111-1217059-EIT-561803,"Paint, TWP of - EIT (561803)",SCHOOL
PA,TAX5755,42-125-1217206-EIT-630903,"Somerset, TWP of - EIT (630903)",MUNICIPAL
PA,TAX5755,42-125-1217206-EIT-630903,"Somerset, TWP of - EIT (630903)",SCHOOL
PA,TAX5530,42-085-1216815-LST-431304,"Salem, TWP of - LST (431304)",MUNICIPAL
PA,TAX5530,42-085-1216815-LST-431304,"Salem, TWP of - LST (431304)",SCHOOL
PA,TAX3272,42-043-1215165-EIT-226003,"Middletown, BORO of - EIT",MUNICIPAL
PA,TAX3272,42-043-1215165-EIT-226003,"Middletown, BORO of - EIT",SCHOOL
PA,TAX903,42-133-1217283-EIT-674403,"Conewago, TWP of - EIT (674403)",MUNICIPAL
PA,TAX903,42-133-1217283-EIT-674403,"Conewago, TWP of - EIT (674403)",SCHOOL
PA,TAX3470,42-083-1215433-EIT-422303,"Mount Jewett, BORO of - EIT",MUNICIPAL
PA,TAX3470,42-083-1215433-EIT-422303,"Mount Jewett, BORO of - EIT",SCHOOL
PA,TAX5439,42-011-1215945-LST-060853,"Rockland, TWP of - LST (060853)",MUNICIPAL
PA,TAX5439,42-011-1215945-LST-060853,"Rockland, TWP of - LST (060853)",SCHOOL
PA,TAX1357,42-029-1216158-EIT-153503,"East Whiteland, TWP of - EIT",MUNICIPAL
PA,TAX1357,42-029-1216158-EIT-153503,"East Whiteland, TWP of - EIT",SCHOOL
PA,TAX3803,42-045-1215190-LST-235103,"Norwood, BORO of - LST",MUNICIPAL
PA,TAX3803,42-045-1215190-LST-235103,"Norwood, BORO of - LST",SCHOOL
PA,TAX1956,42-105-1216975-EIT-532804,"Hector, TWP of - EIT (532804)",MUNICIPAL
PA,TAX1956,42-105-1216975-EIT-532804,"Hector, TWP of - EIT (532804)",SCHOOL
PA,TAX5381,42-039-1216312-EIT-204703,"Richmond, TWP of - EIT (204703)",MUNICIPAL
PA,TAX5381,42-039-1216312-EIT-204703,"Richmond, TWP of - EIT (204703)",SCHOOL
PA,TAX1128,42-041-1216332-LST-211103,"Dickinson, TWP of - LST",MUNICIPAL
PA,TAX1128,42-041-1216332-LST-211103,"Dickinson, TWP of - LST",SCHOOL
PA,TAX1334,42-009-1215893-EIT-051503,"East Saint Clair, TWP of-EIT",MUNICIPAL
PA,TAX1334,42-009-1215893-EIT-051503,"East Saint Clair, TWP of-EIT",SCHOOL
PA,TAX2106,42-033-1216238-EIT-172003,"Huston, TWP of - EIT (172003)",MUNICIPAL
PA,TAX2106,42-033-1216238-EIT-172003,"Huston, TWP of - EIT (172003)",SCHOOL
PA,TAX6625,42-071-1216651-EIT-363103,"West Hempfield, TWP of - EIT",MUNICIPAL
PA,TAX6625,42-071-1216651-EIT-363103,"West Hempfield, TWP of - EIT",SCHOOL
PA,TAX2873,42-081-1216754-EIT-414003,"Limestone, TWP of - EIT (414003)",MUNICIPAL
PA,TAX2873,42-081-1216754-EIT-414003,"Limestone, TWP of - EIT (414003)",SCHOOL
PA,TAX5902,42-133-1215762-LST-676703,"Spring Grove, BORO of - LST",MUNICIPAL
PA,TAX5902,42-133-1215762-LST-676703,"Spring Grove, BORO of - LST",SCHOOL
PA,TAX882,42-015-1215978-LST-086653,"Columbia, TWP of - LST",MUNICIPAL
PA,TAX882,42-015-1215978-LST-086653,"Columbia, TWP of - LST",SCHOOL
PA,TAX427,42-025-1215043-LST-136503,"Bowmanstown, BORO of - LST",MUNICIPAL
PA,TAX427,42-025-1215043-LST-136503,"Bowmanstown, BORO of - LST",SCHOOL
PA,TAX2778,42-049-1216417-EIT-256553,"Lawrence Park, TWP of - EIT",MUNICIPAL
PA,TAX2778,42-049-1216417-EIT-256553,"Lawrence Park, TWP of - EIT",SCHOOL
PA,TAX5027,42-009-1183394-LST-051503,"Pavia, TWP of - LST",MUNICIPAL
PA,TAX5027,42-009-1183394-LST-051503,"Pavia, TWP of - LST",SCHOOL
PA,TAX1908,42-053-1216453-EIT-272003,"Harmony, TWP of - EIT (272003)",MUNICIPAL
PA,TAX1908,42-053-1216453-EIT-272003,"Harmony, TWP of - EIT (272003)",SCHOOL
PA,TAX5835,42-125-1217208-EIT-638003,"South Strabane, TWP of - EIT",MUNICIPAL
PA,TAX5835,42-125-1217208-EIT-638003,"South Strabane, TWP of - EIT",SCHOOL
PA,TAX6723,42-051-1216450-EIT-268003,"Wharton, TWP of - EIT (268003)",MUNICIPAL
PA,TAX6723,42-051-1216450-EIT-268003,"Wharton, TWP of - EIT (268003)",SCHOOL
PA,TAX2147,42-063-1215290-EIT-323703,"Indiana, BORO of - EIT",MUNICIPAL
PA,TAX2147,42-063-1215290-EIT-323703,"Indiana, BORO of - EIT",SCHOOL
PA,TAX1165,42-017-1216014-LST-092102,"Doylestown, TWP of - LST",MUNICIPAL
PA,TAX1165,42-017-1216014-LST-092102,"Doylestown, TWP of - LST",SCHOOL
PA,TAX826,42-063-1215285-LST-326303,"Clymer, BORO of - LST",MUNICIPAL
PA,TAX826,42-063-1215285-LST-326303,"Clymer, BORO of - LST",SCHOOL
PA,TAX6489,42-093-1215488-LST-471803,"Washingtonville, BORO of-LST",MUNICIPAL
PA,TAX6489,42-093-1215488-LST-471803,"Washingtonville, BORO of-LST",SCHOOL
PA,TAX1609,42-047-1216399-EIT-248003,"Fox, TWP of - EIT (248003)",MUNICIPAL
PA,TAX1609,42-047-1216399-EIT-248003,"Fox, TWP of - EIT (248003)",SCHOOL
PA,TAX5347,42-133-1215759-LST-675503,"Red Lion, BORO of - LST",MUNICIPAL
PA,TAX5347,42-133-1215759-LST-675503,"Red Lion, BORO of - LST",SCHOOL
PA,TAX2411,42-033-1216241-EIT-171003,"Knox, TWP of - EIT (171003)",MUNICIPAL
PA,TAX2411,42-033-1216241-EIT-171003,"Knox, TWP of - EIT (171003)",SCHOOL
PA,TAX5018,42-007-1214888-LST-041603,"Patterson Heights, BORO of-LST",MUNICIPAL
PA,TAX5018,42-007-1214888-LST-041603,"Patterson Heights, BORO of-LST",SCHOOL
PA,TAX6176,42-097-1215520-EIT-498003,"Turbotville, BORO of - EIT",MUNICIPAL
PA,TAX6176,42-097-1215520-EIT-498003,"Turbotville, BORO of - EIT",SCHOOL
PA,TAX6669,42-029-1216193-EIT-156703,"West Nottingham, TWP of - EIT",MUNICIPAL
PA,TAX6669,42-029-1216193-EIT-156703,"West Nottingham, TWP of - EIT",SCHOOL
PA,TAX773,42-031-1215082-EIT-161203,"Clarion, BORO of - EIT",MUNICIPAL
PA,TAX773,42-031-1215082-EIT-161203,"Clarion, BORO of - EIT",SCHOOL
PA,TAX6519,42-087-1216833-EIT-316003,"Wayne, TWP of - EIT (316003)",MUNICIPAL
PA,TAX6519,42-087-1216833-EIT-316003,"Wayne, TWP of - EIT (316003)",SCHOOL
PA,TAX3176,42-081-1216759-EIT-081003,"McNett, TWP of - EIT",MUNICIPAL
PA,TAX3176,42-081-1216759-EIT-081003,"McNett, TWP of - EIT",SCHOOL
PA,TAX6608,42-117-1215630-LST-596003,"Westfield, BORO of - LST",MUNICIPAL
PA,TAX6608,42-117-1215630-LST-596003,"Westfield, BORO of - LST",SCHOOL
PA,TAX464,42-011-1215917-LST-063003,"Brecknock, TWP of - LST (063003)",MUNICIPAL
PA,TAX464,42-011-1215917-LST-063003,"Brecknock, TWP of - LST (063003)",SCHOOL
PA,TAX3274,42-017-1216022-EIT-097502,"Middletown, TWP of - EIT (097502)",MUNICIPAL
PA,TAX3274,42-017-1216022-EIT-097502,"Middletown, TWP of - EIT (097502)",SCHOOL
PA,TAX3631,42-115-1215615-EIT-581003,"New Milford, BORO of - EIT",MUNICIPAL
PA,TAX3631,42-115-1215615-EIT-581003,"New Milford, BORO of - EIT",SCHOOL
PA,TAX454,42-061-1216502-LST-312503,"Brady, TWP of - LST (312503)",MUNICIPAL
PA,TAX454,42-061-1216502-LST-312503,"Brady, TWP of - LST (312503)",SCHOOL
PA,TAX2989,42-091-1216864-LST-467103,"Lower Salford, TWP of - LST",MUNICIPAL
PA,TAX2989,42-091-1216864-LST-467103,"Lower Salford, TWP of - LST",SCHOOL
PA,TAX6633,42-071-1216652-EIT-363603,"West Lampeter, TWP of - EIT",MUNICIPAL
PA,TAX6633,42-071-1216652-EIT-363603,"West Lampeter, TWP of - EIT",SCHOOL
PA,TAX1841,42-027-1216124-LST-147003,"Gregg, TWP of - LST (147003)",MUNICIPAL
PA,TAX1841,42-027-1216124-LST-147003,"Gregg, TWP of - LST (147003)",SCHOOL
PA,TAX1542,42-051-1215229-LST-650603,"Fayette City, BORO of - LST",MUNICIPAL
PA,TAX1542,42-051-1215229-LST-650603,"Fayette City, BORO of - LST",SCHOOL
PA,TAX5412,42-097-1215516-LST-471803,"Riverside, BORO of - LST",MUNICIPAL
PA,TAX5412,42-097-1215516-LST-471803,"Riverside, BORO of - LST",SCHOOL
PA,TAX362,42-065-1215297-EIT-338003,"Big Run, BORO of - EIT",MUNICIPAL
PA,TAX362,42-065-1215297-EIT-338003,"Big Run, BORO of - EIT",SCHOOL
PA,TAX2082,42-053-1216455-LST-272003,"Howe, TWP of - LST (272003)",MUNICIPAL
PA,TAX2082,42-053-1216455-LST-272003,"Howe, TWP of - LST (272003)",SCHOOL
PA,TAX1262,42-039-1216302-EIT-201352,"East Fairfield, TWP of - EIT",MUNICIPAL
PA,TAX1262,42-039-1216302-EIT-201352,"East Fairfield, TWP of - EIT",SCHOOL
PA,TAX3008,42-129-1217241-EIT-321103,"Loyalhanna, TWP of - EIT",MUNICIPAL
PA,TAX3008,42-129-1217241-EIT-321103,"Loyalhanna, TWP of - EIT",SCHOOL
PA,TAX388,42-013-1215958-EIT-073503,"Blair, TWP of - EIT",MUNICIPAL
PA,TAX388,42-013-1215958-EIT-073503,"Blair, TWP of - EIT",SCHOOL
PA,TAX396,42-009-1215888-EIT-056004,"Bloomfield, TWP of - EIT (056004)",MUNICIPAL
PA,TAX396,42-009-1215888-EIT-056004,"Bloomfield, TWP of - EIT (056004)",SCHOOL
PA,TAX481,42-115-1217078-LST-584503,"Bridgewater, TWP of - LST",MUNICIPAL
PA,TAX481,42-115-1217078-LST-584503,"Bridgewater, TWP of - LST",SCHOOL
PA,TAX1697,42-021-1215022-EIT-116003,"Gallitzin, BORO of - EIT",MUNICIPAL
PA,TAX1697,42-021-1215022-EIT-116003,"Gallitzin, BORO of - EIT",SCHOOL
PA,TAX1338,42-089-1215460-EIT-452003,"East Stroudsburg, BORO of-EIT",MUNICIPAL
PA,TAX1338,42-089-1215460-EIT-452003,"East Stroudsburg, BORO of-EIT",SCHOOL
PA,TAX3536,42-021-1215029-EIT-110603,"Nanty Glo, BORO of - EIT",MUNICIPAL
PA,TAX3536,42-021-1215029-EIT-110603,"Nanty Glo, BORO of - EIT",SCHOOL
PA,TAX6741,42-059-1216500-EIT-301403,"Whiteley, TWP of - EIT",MUNICIPAL
PA,TAX6741,42-059-1216500-EIT-301403,"Whiteley, TWP of - EIT",SCHOOL
PA,TAX1591,42-079-1215389-EIT-409302,"Forty Fort, BORO of - EIT",MUNICIPAL
PA,TAX1591,42-079-1215389-EIT-409302,"Forty Fort, BORO of - EIT",SCHOOL
PA,TAX6901,42-001-1214762-EIT-011103,"York Springs, BORO of - EIT",MUNICIPAL
PA,TAX6901,42-001-1214762-EIT-011103,"York Springs, BORO of - EIT",SCHOOL
PA,TAX5825,42-041-1216348-EIT-210503,"South Newton, TWP of - EIT",MUNICIPAL
PA,TAX5825,42-041-1216348-EIT-210503,"South Newton, TWP of - EIT",SCHOOL
PA,TAX3503,42-089-1215461-LST-455403,"Mount Pocono, BORO of - LST",MUNICIPAL
PA,TAX3503,42-089-1215461-LST-455403,"Mount Pocono, BORO of - LST",SCHOOL
PA,TAX3647,42-107-1215560-EIT-540803,"New Ringgold, BORO of - EIT",MUNICIPAL
PA,TAX3647,42-107-1215560-EIT-540803,"New Ringgold, BORO of - EIT",SCHOOL
PA,TAX1443,42-121-1217323-EIT-160303,"Emlenton, BORO of - EIT",MUNICIPAL
PA,TAX1443,42-121-1217323-EIT-160303,"Emlenton, BORO of - EIT",SCHOOL
PA,TAX1549,42-133-1215743-EIT-675503,"Felton, BORO of - EIT",MUNICIPAL
PA,TAX1549,42-133-1215743-EIT-675503,"Felton, BORO of - EIT",SCHOOL
PA,TAX3666,42-045-1216388-LST-235502,"Newtown, TWP of - LST (235502)",MUNICIPAL
PA,TAX3666,42-045-1216388-LST-235502,"Newtown, TWP of - LST (235502)",SCHOOL
PA,TAX1389,42-083-1215430-EIT-426003,"Eldred, BORO of - EIT",MUNICIPAL
PA,TAX1389,42-083-1215430-EIT-426003,"Eldred, BORO of - EIT",SCHOOL
PA,TAX5625,42-061-1215279-EIT-317503,"Shade Gap, BORO of - EIT",MUNICIPAL
PA,TAX5625,42-061-1215279-EIT-317503,"Shade Gap, BORO of - EIT",SCHOOL
PA,TAX1232,42-029-1216147-EIT-152003,"East Brandywine, TWP of - EIT",MUNICIPAL
PA,TAX1232,42-029-1216147-EIT-152003,"East Brandywine, TWP of - EIT",SCHOOL
PA,TAX3579,42-031-1215087-EIT-168003,"New Bethlehem, BORO of - EIT",MUNICIPAL
PA,TAX3579,42-031-1215087-EIT-168003,"New Bethlehem, BORO of - EIT",SCHOOL
PA,TAX6044,42-095-1215504-LST-484803,"Tatamy, BORO of - LST",MUNICIPAL
PA,TAX6044,42-095-1215504-LST-484803,"Tatamy, BORO of - LST",SCHOOL
PA,TAX444,42-005-1217462-EIT-103603,"Bradys Bend, TWP of - EIT",MUNICIPAL
PA,TAX444,42-005-1217462-EIT-103603,"Bradys Bend, TWP of - EIT",SCHOOL
PA,TAX3742,42-099-1216945-EIT-508003,"Northeast Madison, TWP of-EIT",MUNICIPAL
PA,TAX3742,42-099-1216945-EIT-508003,"Northeast Madison, TWP of-EIT",SCHOOL
PA,TAX633,42-125-1217185-LST-637002,"Carroll, TWP of - LST (637002)",MUNICIPAL
PA,TAX633,42-125-1217185-LST-637002,"Carroll, TWP of - LST (637002)",SCHOOL
PA,TAX2906,42-099-1216943-EIT-503004,"Liverpool, TWP of - EIT",MUNICIPAL
PA,TAX2906,42-099-1216943-EIT-503004,"Liverpool, TWP of - EIT",SCHOOL
PA,TAX3448,42-061-1216515-LST-312804,"Morris, TWP of - LST (312804)",MUNICIPAL
PA,TAX3448,42-061-1216515-LST-312804,"Morris, TWP of - LST (312804)",SCHOOL
PA,TAX6196,42-099-1216954-EIT-508003,"Tyrone, TWP of - EIT (508003)",MUNICIPAL
PA,TAX6196,42-099-1216954-EIT-508003,"Tyrone, TWP of - EIT (508003)",SCHOOL
PA,TAX478,42-007-1214866-EIT-041203,"Bridgewater, BORO of - EIT",MUNICIPAL
PA,TAX478,42-007-1214866-EIT-041203,"Bridgewater, BORO of - EIT",SCHOOL
PA,TAX3095,42-117-1215625-LST-597003,"Mansfield, BORO of - LST",MUNICIPAL
PA,TAX3095,42-117-1215625-LST-597003,"Mansfield, BORO of - LST",SCHOOL
PA,TAX2096,42-079-1216718-EIT-406003,"Hunlock, TWP of - EIT",MUNICIPAL
PA,TAX2096,42-079-1216718-EIT-406003,"Hunlock, TWP of - EIT",SCHOOL
PA,TAX1776,42-033-1215101-LST-171803,"Grampian, BORO of - LST",MUNICIPAL
PA,TAX1776,42-033-1215101-LST-171803,"Grampian, BORO of - LST",SCHOOL
PA,TAX5821,42-021-1215035-EIT-118503,"Southmont, BORO of - EIT",MUNICIPAL
PA,TAX5821,42-021-1215035-EIT-118503,"Southmont, BORO of - EIT",SCHOOL
PA,TAX537,42-125-1217183-LST-633903,"Buffalo, TWP of - LST (633903)",MUNICIPAL
PA,TAX537,42-125-1217183-LST-633903,"Buffalo, TWP of - LST (633903)",SCHOOL
PA,TAX2792,42-005-1214853-EIT-034503,"Leechburg, BORO of - EIT",MUNICIPAL
PA,TAX2792,42-005-1214853-EIT-034503,"Leechburg, BORO of - EIT",SCHOOL
PA,TAX1710,42-021-1215023-EIT-116503,"Geistown, BORO of - EIT (116503)",MUNICIPAL
PA,TAX1710,42-021-1215023-EIT-116503,"Geistown, BORO of - EIT (116503)",SCHOOL
PA,TAX1561,42-085-1216801-EIT-435003,"Findley, TWP of - EIT",MUNICIPAL
PA,TAX1561,42-085-1216801-EIT-435003,"Findley, TWP of - EIT",SCHOOL
PA,TAX6078,42-045-1216392-LST-159002,"Thornbury, TWP of - LST (159002)",MUNICIPAL
PA,TAX6078,42-045-1216392-LST-159002,"Thornbury, TWP of - LST (159002)",SCHOOL
PA,TAX3620,42-071-1215346-LST-362303,"New Holland, BORO of - LST",MUNICIPAL
PA,TAX3620,42-071-1215346-LST-362303,"New Holland, BORO of - LST",SCHOOL
PA,TAX6285,42-077-1216696-LST-395103,"Upper Macungie, TWP of - LST",MUNICIPAL
PA,TAX6285,42-077-1216696-LST-395103,"Upper Macungie, TWP of - LST",SCHOOL
PA,TAX2967,42-091-1216860-LST-464502,"Lower Merion, TWP of - LST",MUNICIPAL
PA,TAX2967,42-091-1216860-LST-464502,"Lower Merion, TWP of - LST",SCHOOL
PA,TAX3227,42-051-1216439-LST-264003,"Menallen, TWP of - LST (264003)",MUNICIPAL
PA,TAX3227,42-051-1216439-LST-264003,"Menallen, TWP of - LST (264003)",SCHOOL
PA,TAX5743,42-097-1215518-EIT-496603,"Snydertown, BORO of - EIT",MUNICIPAL
PA,TAX5743,42-097-1215518-EIT-496603,"Snydertown, BORO of - EIT",SCHOOL
PA,TAX5704,42-011-1214929-LST-069103,"Sinking Spring, BORO of - LST",MUNICIPAL
PA,TAX5704,42-011-1214929-LST-069103,"Sinking Spring, BORO of - LST",SCHOOL
PA,TAX5974,42-005-1215861-LST-103603,"Sugarcreek, TWP of - LST",MUNICIPAL
PA,TAX5974,42-005-1215861-LST-103603,"Sugarcreek, TWP of - LST",SCHOOL
PA,TAX3664,42-045-1216388-EIT-235502,"Newtown, TWP of - EIT (235502)",MUNICIPAL
PA,TAX3664,42-045-1216388-EIT-235502,"Newtown, TWP of - EIT (235502)",SCHOOL
PA,TAX1117,42-129-1217235-EIT-651603,"Derry, TWP of - EIT (651603)",MUNICIPAL
PA,TAX1117,42-129-1217235-EIT-651603,"Derry, TWP of - EIT (651603)",SCHOOL
PA,TAX6143,42-107-1215573-LST-546003,"Tremont, BORO of - LST",MUNICIPAL
PA,TAX6143,42-107-1215573-LST-546003,"Tremont, BORO of - LST",SCHOOL
PA,TAX3331,42-049-1216420-LST-257602,"Millcreek, TWP of - LST (257602)",MUNICIPAL
PA,TAX3331,42-049-1216420-LST-257602,"Millcreek, TWP of - LST (257602)",SCHOOL
PA,TAX6430,42-061-1216528-LST-078003,"Warriors Mark, TWP of - LST",MUNICIPAL
PA,TAX6430,42-061-1216528-LST-078003,"Warriors Mark, TWP of - LST",SCHOOL
PA,TAX5911,42-109-1217037-EIT-555003,"Spring, TWP of - EIT (555003)",MUNICIPAL
PA,TAX5911,42-109-1217037-EIT-555003,"Spring, TWP of - EIT (555003)",SCHOOL
PA,TAX1361,42-019-1214991-EIT-105353,"Eau Claire, BORO of - EIT",MUNICIPAL
PA,TAX1361,42-019-1214991-EIT-105353,"Eau Claire, BORO of - EIT",SCHOOL
PA,TAX3098,42-061-1215271-LST-316003,"Mapleton, BORO of - LST",MUNICIPAL
PA,TAX3098,42-061-1215271-LST-316003,"Mapleton, BORO of - LST",SCHOOL
PA,TAX550,42-033-1215094-EIT-327303,"Burnside, BORO of - EIT",MUNICIPAL
PA,TAX550,42-033-1215094-EIT-327303,"Burnside, BORO of - EIT",SCHOOL
PA,TAX6762,42-079-1216736-EIT-408852,"Wilkes Barre, TWP of - EIT",MUNICIPAL
PA,TAX6762,42-079-1216736-EIT-408852,"Wilkes Barre, TWP of - EIT",SCHOOL
PA,TAX3350,42-047-1216404-LST-272003,"Millstone, TWP of - LST",MUNICIPAL
PA,TAX3350,42-047-1216404-LST-272003,"Millstone, TWP of - LST",SCHOOL
PA,TAX5675,42-023-1216106-EIT-122703,"Shippen, TWP of - EIT (122703)",MUNICIPAL
PA,TAX5675,42-023-1216106-EIT-122703,"Shippen, TWP of - EIT (122703)",SCHOOL
PA,TAX3494,42-125-1217198-EIT-632403,"Mount Pleasant, TWP of - EIT (632403)",MUNICIPAL
PA,TAX3494,42-125-1217198-EIT-632403,"Mount Pleasant, TWP of - EIT (632403)",SCHOOL
PA,TAX1429,42-117-1217108-LST-532804,"Elk, TWP of - LST (532804)",MUNICIPAL
PA,TAX1429,42-117-1217108-LST-532804,"Elk, TWP of - LST (532804)",SCHOOL
PA,TAX1587,42-095-1216900-LST-483302,"Forks, TWP of - LST (483302)",MUNICIPAL
PA,TAX1587,42-095-1216900-LST-483302,"Forks, TWP of - LST (483302)",SCHOOL
PA,TAX1335,42-009-1215893-LST-051503,"East Saint Clair, TWP of-LST",MUNICIPAL
PA,TAX1335,42-009-1215893-LST-051503,"East Saint Clair, TWP of-LST",SCHOOL
PA,TAX1466,42-003-1214795-LST-028302,"Etna, BORO of - LST",MUNICIPAL
PA,TAX1466,42-003-1214795-LST-028302,"Etna, BORO of - LST",SCHOOL
PA,TAX5686,42-061-1215280-LST-316003,"Shirleysburg, BORO of - LST",MUNICIPAL
PA,TAX5686,42-061-1215280-LST-316003,"Shirleysburg, BORO of - LST",SCHOOL
PA,TAX5776,42-005-1214858-EIT-168003,"South Bethlehem, BORO of-EIT",MUNICIPAL
PA,TAX5776,42-005-1214858-EIT-168003,"South Bethlehem, BORO of-EIT",SCHOOL
PA,TAX801,42-037-1216277-EIT-197503,"Cleveland, TWP of - EIT",MUNICIPAL
PA,TAX801,42-037-1216277-EIT-197503,"Cleveland, TWP of - EIT",SCHOOL
PA,TAX3140,42-103-1215534-LST-522003,"Matamoras, BORO of - LST",MUNICIPAL
PA,TAX3140,42-103-1215534-LST-522003,"Matamoras, BORO of - LST",SCHOOL
PA,TAX949,42-121-1215637-EIT-618603,"Cooperstown, BORO of - EIT",MUNICIPAL
PA,TAX949,42-121-1215637-EIT-618603,"Cooperstown, BORO of - EIT",SCHOOL
PA,TAX6915,42-129-1215730-EIT-653802,"Youngwood, BORO of - EIT",MUNICIPAL
PA,TAX6915,42-129-1215730-EIT-653802,"Youngwood, BORO of - EIT",SCHOOL
PA,TAX1384,42-125-1215665-LST-631503,"Elco, BORO of - LST",MUNICIPAL
PA,TAX1384,42-125-1215665-LST-631503,"Elco, BORO of - LST",SCHOOL
PA,TAX5234,42-083-1215434-EIT-426303,"Port Allegany, BORO of - EIT",MUNICIPAL
PA,TAX5234,42-083-1215434-EIT-426303,"Port Allegany, BORO of - EIT",SCHOOL
PA,TAX5399,42-017-1214978-EIT-098003,"Riegelsville, BORO of - EIT",MUNICIPAL
PA,TAX5399,42-017-1214978-EIT-098003,"Riegelsville, BORO of - EIT",SCHOOL
PA,TAX951,42-033-1216230-EIT-179003,"Cooper, TWP of - EIT (179003)",MUNICIPAL
PA,TAX951,42-033-1216230-EIT-179003,"Cooper, TWP of - EIT (179003)",SCHOOL
PA,TAX236,42-081-1216740-EIT-414003,"Bastress, TWP of - EIT",MUNICIPAL
PA,TAX236,42-081-1216740-EIT-414003,"Bastress, TWP of - EIT",SCHOOL
PA,TAX1527,42-031-1216205-EIT-167504,"Farmington, TWP of - EIT (167504)",MUNICIPAL
PA,TAX1527,42-031-1216205-EIT-167504,"Farmington, TWP of - EIT (167504)",SCHOOL
PA,TAX1163,42-017-1214964-LST-092102,"Doylestown, BORO of - LST",MUNICIPAL
PA,TAX1163,42-017-1214964-LST-092102,"Doylestown, BORO of - LST",SCHOOL
PA,TAX5199,42-017-1216028-LST-092102,"Plumstead, TWP of - LST",MUNICIPAL
PA,TAX5199,42-017-1216028-LST-092102,"Plumstead, TWP of - LST",SCHOOL
PA,TAX5858,42-039-1215140-LST-251453,"Spartansburg, BORO of - LST",MUNICIPAL
PA,TAX5858,42-039-1215140-LST-251453,"Spartansburg, BORO of - LST",SCHOOL
PA,TAX714,42-109-1217030-LST-557103,"Chapman, TWP of - LST (557103)",MUNICIPAL
PA,TAX714,42-109-1217030-LST-557103,"Chapman, TWP of - LST (557103)",SCHOOL
PA,TAX6751,42-063-1216553-EIT-323703,"White, TWP of - EIT (323703)",MUNICIPAL
PA,TAX6751,42-063-1216553-EIT-323703,"White, TWP of - EIT (323703)",SCHOOL
PA,TAX4991,42-075-1215368-LST-385303,"Palmyra, BORO of - LST",MUNICIPAL
PA,TAX4991,42-075-1215368-LST-385303,"Palmyra, BORO of - LST",SCHOOL
PA,TAX5896,42-085-1216820-LST-432903,"Springfield, TWP of - LST (432903)",MUNICIPAL
PA,TAX5896,42-085-1216820-LST-432903,"Springfield, TWP of - LST (432903)",SCHOOL
PA,TAX80,42-121-1217138-LST-617203,"Allegheny, TWP of - LST (617203)",MUNICIPAL
PA,TAX80,42-121-1217138-LST-617203,"Allegheny, TWP of - LST (617203)",SCHOOL
PA,TAX1811,42-059-1215254-EIT-306503,"Greensboro, BORO of - EIT",MUNICIPAL
PA,TAX1811,42-059-1215254-EIT-306503,"Greensboro, BORO of - EIT",SCHOOL
PA,TAX1258,42-071-1216623-EIT-367003,"East Drumore, TWP of - EIT",MUNICIPAL
PA,TAX1258,42-071-1216623-EIT-367003,"East Drumore, TWP of - EIT",SCHOOL
PA,TAX316,42-125-1215652-EIT-630903,"Bentleyville, BORO of - EIT",MUNICIPAL
PA,TAX316,42-125-1215652-EIT-630903,"Bentleyville, BORO of - EIT",SCHOOL
PA,TAX4984,42-025-1215049-EIT-136503,"Palmerton, BORO of - EIT",MUNICIPAL
PA,TAX4984,42-025-1215049-EIT-136503,"Palmerton, BORO of - EIT",SCHOOL
PA,TAX5524,42-079-1216732-EIT-191103,"Salem, TWP of - EIT (191103)",MUNICIPAL
PA,TAX5524,42-079-1216732-EIT-191103,"Salem, TWP of - EIT (191103)",SCHOOL
PA,TAX266,42-065-1216556-LST-330803,"Beaver, TWP of - LST (330803)",MUNICIPAL
PA,TAX266,42-065-1216556-LST-330803,"Beaver, TWP of - LST (330803)",SCHOOL
PA,TAX5515,42-011-1214926-EIT-062003,"Saint Lawrence, BORO of - EIT",MUNICIPAL
PA,TAX5515,42-011-1214926-EIT-062003,"Saint Lawrence, BORO of - EIT",SCHOOL
PA,TAX1342,42-029-1216156-EIT-157802,"Easttown, TWP of - EIT",MUNICIPAL
PA,TAX1342,42-029-1216156-EIT-157802,"Easttown, TWP of - EIT",SCHOOL
PA,TAX2946,42-129-2086676-EIT-650703,"Lower Burrell, City of - EIT",MUNICIPAL
PA,TAX2946,42-129-2086676-EIT-650703,"Lower Burrell, City of - EIT",SCHOOL
PA,TAX5312,42-045-1216389-LST-237603,"Radnor, TWP of - LST",MUNICIPAL
PA,TAX5312,42-045-1216389-LST-237603,"Radnor, TWP of - LST",SCHOOL
PA,TAX740,42-019-1214987-LST-105353,"Cherry Valley, BORO of - LST",MUNICIPAL
PA,TAX740,42-019-1214987-LST-105353,"Cherry Valley, BORO of - LST",SCHOOL
PA,TAX6557,42-029-1216186-EIT-152003,"West Bradford, TWP of - EIT",MUNICIPAL
PA,TAX6557,42-029-1216186-EIT-152003,"West Bradford, TWP of - EIT",SCHOOL
PA,TAX3597,42-107-1217007-EIT-546803,"New Castle, TWP of - EIT",MUNICIPAL
PA,TAX3597,42-107-1217007-EIT-546803,"New Castle, TWP of - EIT",SCHOOL
PA,TAX5370,42-003-1215826-EIT-021003,"Richland, TWP of - EIT (021003)",MUNICIPAL
PA,TAX5370,42-003-1215826-EIT-021003,"Richland, TWP of - EIT (021003)",SCHOOL
PA,TAX2353,42-087-1215455-LST-444602,"Juniata Terrace, BORO of-LST",MUNICIPAL
PA,TAX2353,42-087-1215455-LST-444602,"Juniata Terrace, BORO of-LST",SCHOOL
PA,TAX686,42-111-1215585-LST-567204,"Central City, BORO of - LST",MUNICIPAL
PA,TAX686,42-111-1215585-LST-567204,"Central City, BORO of - LST",SCHOOL
PA,TAX5121,42-015-1215988-EIT-083004,"Pike, TWP of - EIT (083004)",MUNICIPAL
PA,TAX5121,42-015-1215988-EIT-083004,"Pike, TWP of - EIT (083004)",SCHOOL
PA,TAX1101,42-129-1215695-EIT-652603,"Delmont, BORO of - EIT (652603)",MUNICIPAL
PA,TAX1101,42-129-1215695-EIT-652603,"Delmont, BORO of - EIT (652603)",SCHOOL
PA,TAX1418,42-117-1215621-LST-596003,"Elkland, BORO of - LST",MUNICIPAL
PA,TAX1418,42-117-1215621-LST-596003,"Elkland, BORO of - LST",SCHOOL
PA,TAX6106,42-099-1216952-EIT-282004,"Toboyne, TWP of - EIT (282004)",MUNICIPAL
PA,TAX6106,42-099-1216952-EIT-282004,"Toboyne, TWP of - EIT (282004)",SCHOOL
PA,TAX5426,42-125-1217204-LST-632403,"Robinson, TWP of - LST (632403)",MUNICIPAL
PA,TAX5426,42-125-1217204-LST-632403,"Robinson, TWP of - LST (632403)",SCHOOL
PA,TAX2723,42-079-1216723-LST-403903,"Lake, TWP of - LST (403903)",MUNICIPAL
PA,TAX2723,42-079-1216723-LST-403903,"Lake, TWP of - LST (403903)",SCHOOL
PA,TAX6631,42-005-1214859-EIT-030852,"West Kittanning, BORO of-EIT",MUNICIPAL
PA,TAX6631,42-005-1214859-EIT-030852,"West Kittanning, BORO of-EIT",SCHOOL
PA,TAX6513,42-005-1215864-EIT-030852,"Wayne, TWP of - EIT (030852)",MUNICIPAL
PA,TAX6513,42-005-1215864-EIT-030852,"Wayne, TWP of - EIT (030852)",SCHOOL
PA,TAX3159,42-003-1217317-EIT-632403,"Mcdonald, BORO of - EIT (632403)",MUNICIPAL
PA,TAX3159,42-003-1217317-EIT-632403,"Mcdonald, BORO of - EIT (632403)",SCHOOL
PA,TAX262,42-109-1217028-EIT-555003,"Beaver, TWP of - EIT (555003)",MUNICIPAL
PA,TAX262,42-109-1217028-EIT-555003,"Beaver, TWP of - EIT (555003)",SCHOOL
PA,TAX5305,42-111-1217060-EIT-565503,"Quemahoning, TWP of - EIT",MUNICIPAL
PA,TAX5305,42-111-1217060-EIT-565503,"Quemahoning, TWP of - EIT",SCHOOL
PA,TAX2916,42-061-1216513-EIT-312804,"Logan, TWP of - EIT (312804)",MUNICIPAL
PA,TAX2916,42-061-1216513-EIT-312804,"Logan, TWP of - EIT (312804)",SCHOOL
PA,TAX568,42-001-1215777-LST-018523,"Butler, TWP of - LST (018523)",MUNICIPAL
PA,TAX568,42-001-1215777-LST-018523,"Butler, TWP of - LST (018523)",SCHOOL
PA,TAX637,42-081-1216743-EIT-415103,"Cascade, TWP of - EIT",MUNICIPAL
PA,TAX637,42-081-1216743-EIT-415103,"Cascade, TWP of - EIT",SCHOOL
PA,TAX2928,42-029-1216166-EIT-150503,"London Grove, TWP of - EIT",MUNICIPAL
PA,TAX2928,42-029-1216166-EIT-150503,"London Grove, TWP of - EIT",SCHOOL
PA,TAX946,42-085-1216794-LST-435003,"Coolspring, TWP of - LST",MUNICIPAL
PA,TAX946,42-085-1216794-LST-435003,"Coolspring, TWP of - LST",SCHOOL
PA,TAX1242,42-097-1216915-EIT-496503,"East Cameron, TWP of - EIT",MUNICIPAL
PA,TAX1242,42-097-1216915-EIT-496503,"East Cameron, TWP of - EIT",SCHOOL
PA,TAX5429,42-007-1215885-EIT-046903,"Rochester, TWP of - EIT",MUNICIPAL
PA,TAX5429,42-007-1215885-EIT-046903,"Rochester, TWP of - EIT",SCHOOL
PA,TAX3554,42-079-1216725-LST-191103,"Nescopeck, TWP of - LST",MUNICIPAL
PA,TAX3554,42-079-1216725-LST-191103,"Nescopeck, TWP of - LST",SCHOOL
PA,TAX3682,42-131-1217272-LST-665003,"Nicholson, TWP of - LST (665003)",MUNICIPAL
PA,TAX3682,42-131-1217272-LST-665003,"Nicholson, TWP of - LST (665003)",SCHOOL
PA,TAX1889,42-007-1215874-EIT-047404,"Hanover, TWP of - EIT (047404)",MUNICIPAL
PA,TAX1889,42-007-1215874-EIT-047404,"Hanover, TWP of - EIT (047404)",SCHOOL
PA,TAX3076,42-071-1216634-EIT-364503,"Manheim, TWP of - EIT (364503)",MUNICIPAL
PA,TAX3076,42-071-1216634-EIT-364503,"Manheim, TWP of - EIT (364503)",SCHOOL
PA,TAX4923,42-011-1215939-LST-067503,"Ontelaunee, TWP of - LST",MUNICIPAL
PA,TAX4923,42-011-1215939-LST-067503,"Ontelaunee, TWP of - LST",SCHOOL
PA,TAX617,42-069-1216593-EIT-354603,"Carbondale, TWP of - EIT",MUNICIPAL
PA,TAX617,42-069-1216593-EIT-354603,"Carbondale, TWP of - EIT",SCHOOL
PA,TAX5935,42-105-1216984-EIT-183602,"Stewardson, TWP of - EIT",MUNICIPAL
PA,TAX5935,42-105-1216984-EIT-183602,"Stewardson, TWP of - EIT",SCHOOL
PA,TAX707,42-133-1217281-EIT-675503,"Chanceford, TWP of - EIT",MUNICIPAL
PA,TAX707,42-133-1217281-EIT-675503,"Chanceford, TWP of - EIT",SCHOOL
PA,TAX5299,42-085-1216814-EIT-435303,"Pymatuning, TWP of - EIT",MUNICIPAL
PA,TAX5299,42-085-1216814-EIT-435303,"Pymatuning, TWP of - EIT",SCHOOL
PA,TAX5275,42-121-1217152-EIT-616203,"President, TWP of - EIT (616203)",MUNICIPAL
PA,TAX5275,42-121-1217152-EIT-616203,"President, TWP of - EIT (616203)",SCHOOL
PA,TAX6278,42-091-1216876-EIT-465702,"Upper Gwynedd, TWP of - EIT",MUNICIPAL
PA,TAX6278,42-091-1216876-EIT-465702,"Upper Gwynedd, TWP of - EIT",SCHOOL
PA,TAX6248,42-109-1217038-LST-557103,"Union, TWP of - LST (557103)",MUNICIPAL
PA,TAX6248,42-109-1217038-LST-557103,"Union, TWP of - LST (557103)",SCHOOL
PA,TAX6907,42-123-1215649-EIT-628302,"Youngsville, BORO of - EIT",MUNICIPAL
PA,TAX6907,42-123-1215649-EIT-628302,"Youngsville, BORO of - EIT",SCHOOL
PA,TAX762,42-007-1215869-LST-041603,"Chippewa, TWP of - LST",MUNICIPAL
PA,TAX762,42-007-1215869-LST-041603,"Chippewa, TWP of - LST",SCHOOL
PA,TAX2115,42-009-1214899-LST-051003,"Hyndman, BORO of - LST",MUNICIPAL
PA,TAX2115,42-009-1214899-LST-051003,"Hyndman, BORO of - LST",SCHOOL
PA,TAX6730,42-085-1215452-LST-432503,"Wheatland, BORO of - LST",MUNICIPAL
PA,TAX6730,42-085-1215452-LST-432503,"Wheatland, BORO of - LST",SCHOOL
PA,TAX2341,42-075-1215364-LST-385003,"Jonestown, BORO of - LST",MUNICIPAL
PA,TAX2341,42-075-1215364-LST-385003,"Jonestown, BORO of - LST",SCHOOL
PA,TAX1594,42-019-1216055-EIT-107903,"Forward, TWP of - EIT (107903)",MUNICIPAL
PA,TAX1594,42-019-1216055-EIT-107903,"Forward, TWP of - EIT (107903)",SCHOOL
PA,TAX5491,42-107-1217014-LST-544503,"Rush, TWP of - LST (544503)",MUNICIPAL
PA,TAX5491,42-107-1217014-LST-544503,"Rush, TWP of - LST (544503)",SCHOOL
PA,TAX1058,42-007-1215871-EIT-045653,"Daugherty, TWP of - EIT",MUNICIPAL
PA,TAX1058,42-007-1215871-EIT-045653,"Daugherty, TWP of - EIT",SCHOOL
PA,TAX646,42-107-1216995-LST-544703,"Cass, TWP of - LST (544703)",MUNICIPAL
PA,TAX646,42-107-1216995-LST-544703,"Cass, TWP of - LST (544703)",SCHOOL
PA,TAX461,42-087-1216826-LST-444602,"Bratton, TWP of - LST",MUNICIPAL
PA,TAX461,42-087-1216826-LST-444602,"Bratton, TWP of - LST",SCHOOL
PA,TAX2418,42-007-1214882-EIT-041503,"Koppel, BORO of - EIT",MUNICIPAL
PA,TAX2418,42-007-1214882-EIT-041503,"Koppel, BORO of - EIT",SCHOOL
PA,TAX887,42-019-1216050-EIT-105353,"Concord, TWP of - EIT (105353)",MUNICIPAL
PA,TAX887,42-019-1216050-EIT-105353,"Concord, TWP of - EIT (105353)",SCHOOL
PA,TAX1657,42-109-1217031-LST-555003,"Franklin, TWP of - LST (555003)",MUNICIPAL
PA,TAX1657,42-109-1217031-LST-555003,"Franklin, TWP of - LST (555003)",SCHOOL
PA,TAX2709,42-131-1215732-LST-089003,"Laceyville, BORO of - LST",MUNICIPAL
PA,TAX2709,42-131-1215732-LST-089003,"Laceyville, BORO of - LST",SCHOOL
PA,TAX1650,42-029-1216160-LST-150503,"Franklin, TWP of - LST (150503)",MUNICIPAL
PA,TAX1650,42-029-1216160-LST-150503,"Franklin, TWP of - LST (150503)",SCHOOL
PA,TAX2882,42-003-1214806-EIT-028653,"Lincoln, BORO of - EIT",MUNICIPAL
PA,TAX2882,42-003-1214806-EIT-028653,"Lincoln, BORO of - EIT",SCHOOL
PA,TAX5470,42-105-1216982-LST-426303,"Roulette, TWP of - LST",MUNICIPAL
PA,TAX5470,42-105-1216982-LST-426303,"Roulette, TWP of - LST",SCHOOL
PA,TAX1245,42-021-1216081-LST-111203,"East Carroll, TWP of - LST",MUNICIPAL
PA,TAX1245,42-021-1216081-LST-111203,"East Carroll, TWP of - LST",SCHOOL
PA,TAX1053,42-045-1216381-LST-238402,"Darby, TWP of - LST",MUNICIPAL
PA,TAX1053,42-045-1216381-LST-238402,"Darby, TWP of - LST",SCHOOL
PA,TAX917,42-039-1215135-EIT-201033,"Conneautville, BORO of - EIT",MUNICIPAL
PA,TAX917,42-039-1215135-EIT-201033,"Conneautville, BORO of - EIT",SCHOOL
PA,TAX3153,42-003-1215814-LST-026852,"McCandless, TWP of - LST",MUNICIPAL
PA,TAX3153,42-003-1215814-LST-026852,"McCandless, TWP of - LST",SCHOOL
PA,TAX641,42-111-1215584-EIT-566303,"Casselman, BORO of - EIT",MUNICIPAL
PA,TAX641,42-111-1215584-EIT-566303,"Casselman, BORO of - EIT",SCHOOL
PA,TAX5936,42-105-1216984-LST-183602,"Stewardson, TWP of - LST",MUNICIPAL
PA,TAX5936,42-105-1216984-LST-183602,"Stewardson, TWP of - LST",SCHOOL
PA,TAX6582,42-097-1216934-LST-495003,"West Chillisquaque, TWP of-LST",MUNICIPAL
PA,TAX6582,42-097-1216934-LST-495003,"West Chillisquaque, TWP of-LST",SCHOOL
PA,TAX5620,42-003-1214824-LST-027753,"Sewickley Heights, BORO of-LST",MUNICIPAL
PA,TAX5620,42-003-1214824-LST-027753,"Sewickley Heights, BORO of-LST",SCHOOL
PA,TAX2416,42-117-1215622-EIT-596003,"Knoxville, BORO of - EIT",MUNICIPAL
PA,TAX2416,42-117-1215622-EIT-596003,"Knoxville, BORO of - EIT",SCHOOL
PA,TAX6020,42-129-1215725-LST-658903,"Sutersville, BORO of - LST",MUNICIPAL
PA,TAX6020,42-129-1215725-LST-658903,"Sutersville, BORO of - LST",SCHOOL
PA,TAX4906,42-069-1215326-EIT-356603,"Old Forge, BORO of - EIT",MUNICIPAL
PA,TAX4906,42-069-1215326-EIT-356603,"Old Forge, BORO of - EIT",SCHOOL
PA,TAX252,42-007-1214865-EIT-041503,"Beaver Falls, City of - EIT",MUNICIPAL
PA,TAX252,42-007-1214865-EIT-041503,"Beaver Falls, City of - EIT",SCHOOL
PA,TAX5674,42-041-1216344-LST-218003,"Shippensburg, TWP of - LST",MUNICIPAL
PA,TAX5674,42-041-1216344-LST-218003,"Shippensburg, TWP of - LST",SCHOOL
PA,TAX6442,42-133-1217310-LST-674603,"Washington, Township of - LST - Northern York Co S D (674603)",MUNICIPAL
PA,TAX6442,42-133-1217310-LST-674603,"Washington, Township of - LST - Northern York Co S D (674603)",SCHOOL
PA,TAX736,42-113-1217067-EIT-576303,"Cherry, TWP of - EIT (576303)",MUNICIPAL
PA,TAX736,42-113-1217067-EIT-576303,"Cherry, TWP of - EIT (576303)",SCHOOL
PA,TAX3119,42-051-1215231-EIT-268003,"Markleysburg, BORO of - EIT",MUNICIPAL
PA,TAX3119,42-051-1215231-EIT-268003,"Markleysburg, BORO of - EIT",SCHOOL
PA,TAX6409,42-073-1215361-EIT-375003,"Wampum, BORO of - EIT (375003)",MUNICIPAL
PA,TAX6409,42-073-1215361-EIT-375003,"Wampum, BORO of - EIT (375003)",SCHOOL
PA,TAX5639,42-085-1215447-EIT-435603,"Sharon, City of - EIT",MUNICIPAL
PA,TAX5639,42-085-1215447-EIT-435603,"Sharon, City of - EIT",SCHOOL
PA,TAX5400,42-017-1214978-LST-098003,"Riegelsville, BORO of - LST",MUNICIPAL
PA,TAX5400,42-017-1214978-LST-098003,"Riegelsville, BORO of - LST",SCHOOL
PA,TAX1056,42-007-1215870-EIT-041603,"Darlington, TWP of - EIT",MUNICIPAL
PA,TAX1056,42-007-1215870-EIT-041603,"Darlington, TWP of - EIT",SCHOOL
PA,TAX6342,42-019-1215004-LST-105003,"Valencia, BORO of - LST",MUNICIPAL
PA,TAX6342,42-019-1215004-LST-105003,"Valencia, BORO of - LST",SCHOOL
PA,TAX1680,42-005-1214851-LST-033053,"Freeport, BORO of - LST",MUNICIPAL
PA,TAX1680,42-005-1214851-LST-033053,"Freeport, BORO of - LST",SCHOOL
PA,TAX5099,42-059-1215257-LST-301403,"Perry, TWP of - LST (301403)",MUNICIPAL
PA,TAX5099,42-059-1215257-LST-301403,"Perry, TWP of - LST (301403)",SCHOOL
PA,TAX6235,42-117-1217125-LST-081003,"Union, TWP of - LST (081003)",MUNICIPAL
PA,TAX6235,42-117-1217125-LST-081003,"Union, TWP of - LST (081003)",SCHOOL
PA,TAX2302,42-059-1216493-EIT-303503,"Jefferson, TWP of - EIT (303503)",MUNICIPAL
PA,TAX2302,42-059-1216493-EIT-303503,"Jefferson, TWP of - EIT (303503)",SCHOOL
PA,TAX5172,42-079-1216727-EIT-406602,"Pittston, TWP of - EIT",MUNICIPAL
PA,TAX5172,42-079-1216727-EIT-406602,"Pittston, TWP of - EIT",SCHOOL
PA,TAX6099,42-053-1215242-EIT-272003,"Tionesta, BORO of - EIT",MUNICIPAL
PA,TAX6099,42-053-1215242-EIT-272003,"Tionesta, BORO of - EIT",SCHOOL
PA,TAX5092,42-073-1216659-EIT-372003,"Perry, TWP of - EIT (372003)",MUNICIPAL
PA,TAX5092,42-073-1216659-EIT-372003,"Perry, TWP of - EIT (372003)",SCHOOL
PA,TAX6540,42-117-1215629-LST-598503,"Wellsboro, BORO of - LST",MUNICIPAL
PA,TAX6540,42-117-1215629-LST-598503,"Wellsboro, BORO of - LST",SCHOOL
PA,TAX5072,42-071-1216639-LST-364403,"Penn, TWP of - LST (364403)",MUNICIPAL
PA,TAX5072,42-071-1216639-LST-364403,"Penn, TWP of - LST (364403)",SCHOOL
PA,TAX6085,42-123-1217398-EIT-628302,"Tidioute, BORO of - EIT",MUNICIPAL
PA,TAX6085,42-123-1217398-EIT-628302,"Tidioute, BORO of - EIT",SCHOOL
PA,TAX6620,42-043-1216373-LST-221402,"West Hanover, TWP of - LST",MUNICIPAL
PA,TAX6620,42-043-1216373-LST-221402,"West Hanover, TWP of - LST",SCHOOL
PA,TAX6742,42-059-1216500-LST-301403,"Whiteley, TWP of - LST",MUNICIPAL
PA,TAX6742,42-059-1216500-LST-301403,"Whiteley, TWP of - LST",SCHOOL
PA,TAX1993,42-085-1176876-EIT-432503,"Hermitage, City of - EIT (432503)",MUNICIPAL
PA,TAX1993,42-085-1176876-EIT-432503,"Hermitage, City of - EIT (432503)",SCHOOL
PA,TAX1995,42-085-1176876-LST-432503,"Hermitage, City of - LST (432503)",MUNICIPAL
PA,TAX1995,42-085-1176876-LST-432503,"Hermitage, City of - LST (432503)",SCHOOL
PA,TAX3314,42-103-1215535-LST-522003,"Milford, BORO of - LST (522003)",MUNICIPAL
PA,TAX3314,42-103-1215535-LST-522003,"Milford, BORO of - LST (522003)",SCHOOL
PA,TAX6465,42-133-1217310-EIT-674603,"Washington, TWP of EIT (674603)",MUNICIPAL
PA,TAX6465,42-133-1217310-EIT-674603,"Washington, TWP of EIT (674603)",SCHOOL
PA,TAX3313,42-103-1215535-EIT-522003,"Milford, BORO of - EIT (522003)",MUNICIPAL
PA,TAX3313,42-103-1215535-EIT-522003,"Milford, BORO of - EIT (522003)",SCHOOL
PA,TAX2729,42-071-1215339-EIT-361703,"Lancaster, City of - EIT (361703)",MUNICIPAL
PA,TAX2729,42-071-1215339-EIT-361703,"Lancaster, City of - EIT (361703)",SCHOOL
PA,TAX2326,42-069-1215321-EIT-354603,"Jermyn, BORO of - EIT",MUNICIPAL
PA,TAX2326,42-069-1215321-EIT-354603,"Jermyn, BORO of - EIT",SCHOOL
PA,TAX6224,42-073-1216666-EIT-377003,"Union, TWP of - EIT (377003)",MUNICIPAL
PA,TAX6224,42-073-1216666-EIT-377003,"Union, TWP of - EIT (377003)",SCHOOL
PA,TAX5708,42-077-1215379-LST-394503,"Slatington, BORO of - LST",MUNICIPAL
PA,TAX5708,42-077-1215379-LST-394503,"Slatington, BORO of - LST",SCHOOL
PA,TAX1441,42-029-1215069-EIT-068103,"Elverson, BORO of - EIT",MUNICIPAL
PA,TAX1441,42-029-1215069-EIT-068103,"Elverson, BORO of - EIT",SCHOOL
PA,TAX6131,42-039-1215143-LST-204703,"Townville, BORO of - LST",MUNICIPAL
PA,TAX6131,42-039-1215143-LST-204703,"Townville, BORO of - LST",SCHOOL
PA,TAX6202,42-015-1216001-EIT-080503,"Ulster, TWP of - EIT",MUNICIPAL
PA,TAX6202,42-015-1216001-EIT-080503,"Ulster, TWP of - EIT",SCHOOL
PA,TAX1588,42-113-1217071-LST-576303,"Forks, TWP of - LST (576303)",MUNICIPAL
PA,TAX1588,42-113-1217071-LST-576303,"Forks, TWP of - LST (576303)",SCHOOL
PA,TAX2878,42-081-1216754-LST-414003,"Limestone, TWP of - LST (414003)",MUNICIPAL
PA,TAX2878,42-081-1216754-LST-414003,"Limestone, TWP of - LST (414003)",SCHOOL
PA,TAX983,42-033-1216231-LST-171003,"Covington, TWP of - LST (171003)",MUNICIPAL
PA,TAX983,42-033-1216231-LST-171003,"Covington, TWP of - LST (171003)",SCHOOL
PA,TAX1096,42-097-1216914-LST-498003,"Delaware, TWP of - LST (498003)",MUNICIPAL
PA,TAX1096,42-097-1216914-LST-498003,"Delaware, TWP of - LST (498003)",SCHOOL
PA,TAX2864,42-129-1215706-EIT-654903,"Ligonier, BORO of - EIT",MUNICIPAL
PA,TAX2864,42-129-1215706-EIT-654903,"Ligonier, BORO of - EIT",SCHOOL
PA,TAX2789,42-075-1215365-LST-384603,"Lebanon, City of - LST",MUNICIPAL
PA,TAX2789,42-075-1215365-LST-384603,"Lebanon, City of - LST",SCHOOL
PA,TAX5483,42-027-1216136-EIT-177003,"Rush, TWP of - EIT (177003)",MUNICIPAL
PA,TAX5483,42-027-1216136-EIT-177003,"Rush, TWP of - EIT (177003)",SCHOOL
PA,TAX6115,42-057-1216482-EIT-291304,"Todd, TWP of - EIT (291304)",MUNICIPAL
PA,TAX6115,42-057-1216482-EIT-291304,"Todd, TWP of - EIT (291304)",SCHOOL
PA,TAX3525,42-081-1216763-LST-415303,"Muncy, TWP of - LST",MUNICIPAL
PA,TAX3525,42-081-1216763-LST-415303,"Muncy, TWP of - LST",SCHOOL
PA,TAX757,42-003-1214781-EIT-020603,"Cheswick, BORO of - EIT",MUNICIPAL
PA,TAX757,42-003-1214781-EIT-020603,"Cheswick, BORO of - EIT",SCHOOL
PA,TAX1358,42-029-1216158-LST-153503,"East Whiteland, TWP of - LST",MUNICIPAL
PA,TAX1358,42-029-1216158-LST-153503,"East Whiteland, TWP of - LST",SCHOOL
PA,TAX6268,42-045-1216394-EIT-239452,"Upper Darby, TWP of - EIT",MUNICIPAL
PA,TAX6268,42-045-1216394-EIT-239452,"Upper Darby, TWP of - EIT",SCHOOL
PA,TAX3727,42-005-1215852-LST-030852,"North Buffalo, TWP of - LST",MUNICIPAL
PA,TAX3727,42-005-1215852-LST-030852,"North Buffalo, TWP of - LST",SCHOOL
PA,TAX6222,42-057-1217243-EIT-297504,"Union, TWP of - EIT (297504)",MUNICIPAL
PA,TAX6222,42-057-1217243-EIT-297504,"Union, TWP of - EIT (297504)",SCHOOL
PA,TAX2995,42-043-1216361-LST-226003,"Lower Swatara, TWP of - LST",MUNICIPAL
PA,TAX2995,42-043-1216361-LST-226003,"Lower Swatara, TWP of - LST",SCHOOL
PA,TAX5114,42-029-1215076-EIT-157203,"Phoenixville, BORO of - EIT",MUNICIPAL
PA,TAX5114,42-029-1215076-EIT-157203,"Phoenixville, BORO of - EIT",SCHOOL
PA,TAX934,42-079-1215382-LST-403302,"Conyngham, BORO of - LST",MUNICIPAL
PA,TAX934,42-079-1215382-LST-403302,"Conyngham, BORO of - LST",SCHOOL
PA,TAX1320,42-071-1215336-EIT-363103,"East Petersburg, BORO of-EIT",MUNICIPAL
PA,TAX1320,42-071-1215336-EIT-363103,"East Petersburg, BORO of-EIT",SCHOOL
PA,TAX1143,42-019-1216053-LST-103603,"Donegal, TWP of - LST (103603)",MUNICIPAL
PA,TAX1143,42-019-1216053-LST-103603,"Donegal, TWP of - LST (103603)",SCHOOL
PA,TAX2768,42-129-1215705-EIT-653102,"Latrobe, BORO of - EIT",MUNICIPAL
PA,TAX2768,42-129-1215705-EIT-653102,"Latrobe, BORO of - EIT",SCHOOL
PA,TAX6902,42-001-1214762-LST-011103,"York Springs, BORO of - LST",MUNICIPAL
PA,TAX6902,42-001-1214762-LST-011103,"York Springs, BORO of - LST",SCHOOL
PA,TAX1634,42-025-1216109-EIT-135503,"Franklin, TWP of - EIT (135503)",MUNICIPAL
PA,TAX1634,42-025-1216109-EIT-135503,"Franklin, TWP of - EIT (135503)",SCHOOL
PA,TAX3809,42-035-1216267-LST-183602,"Noyes, TWP of - LST",MUNICIPAL
PA,TAX3809,42-035-1216267-LST-183602,"Noyes, TWP of - LST",SCHOOL
PA,TAX929,42-091-1215467-EIT-461602,"Conshohocken, BORO of - EIT",MUNICIPAL
PA,TAX929,42-091-1215467-EIT-461602,"Conshohocken, BORO of - EIT",SCHOOL
PA,TAX143,42-063-1215282-EIT-328003,"Armagh, BORO of - EIT",MUNICIPAL
PA,TAX143,42-063-1215282-EIT-328003,"Armagh, BORO of - EIT",SCHOOL
PA,TAX5630,42-003-1215830-LST-028302,"Shaler, TWP of - LST",MUNICIPAL
PA,TAX5630,42-003-1215830-LST-028302,"Shaler, TWP of - LST",SCHOOL
PA,TAX445,42-005-1217462-LST-103603,"Bradys Bend, TWP of - LST",MUNICIPAL
PA,TAX445,42-005-1217462-LST-103603,"Bradys Bend, TWP of - LST",SCHOOL
PA,TAX3241,42-131-1217270-LST-582503,"Meshoppen, TWP of - LST",MUNICIPAL
PA,TAX3241,42-131-1217270-LST-582503,"Meshoppen, TWP of - LST",SCHOOL
PA,TAX5204,42-081-1216770-EIT-415103,"Plunketts Creek, TWP of - EIT",MUNICIPAL
PA,TAX5204,42-081-1216770-EIT-415103,"Plunketts Creek, TWP of - EIT",SCHOOL
PA,TAX5405,42-065-1216570-EIT-338003,"Ringgold, TWP of - EIT",MUNICIPAL
PA,TAX5405,42-065-1216570-EIT-338003,"Ringgold, TWP of - EIT",SCHOOL
PA,TAX6135,42-003-1217318-LST-657103,"Trafford, BORO of - LST (657103)",MUNICIPAL
PA,TAX6135,42-003-1217318-LST-657103,"Trafford, BORO of - LST (657103)",SCHOOL
PA,TAX6041,42-003-1214829-EIT-024753,"Tarentum, BORO of - EIT",MUNICIPAL
PA,TAX6041,42-003-1214829-EIT-024753,"Tarentum, BORO of - EIT",SCHOOL
PA,TAX922,42-051-1216431-LST-261302,"Connellsville, TWP of - LST",MUNICIPAL
PA,TAX922,42-051-1216431-LST-261302,"Connellsville, TWP of - LST",SCHOOL
PA,TAX3663,42-017-1216025-EIT-092353,"Newtown, TWP of - EIT (092353)",MUNICIPAL
PA,TAX3663,42-017-1216025-EIT-092353,"Newtown, TWP of - EIT (092353)",SCHOOL
PA,TAX1239,42-019-1214990-LST-101252,"East Butler, BORO of - LST",MUNICIPAL
PA,TAX1239,42-019-1214990-LST-101252,"East Butler, BORO of - LST",SCHOOL
PA,TAX451,42-031-1216202-LST-103603,"Brady, TWP of - LST (103603)",MUNICIPAL
PA,TAX451,42-031-1216202-LST-103603,"Brady, TWP of - LST (103603)",SCHOOL
PA,TAX2915,42-035-1216266-EIT-183602,"Logan, TWP of - EIT (183602)",MUNICIPAL
PA,TAX2915,42-035-1216266-EIT-183602,"Logan, TWP of - EIT (183602)",SCHOOL
PA,TAX2247,42-043-1216357-EIT-222504,"Jackson, TWP of - EIT (222504)",MUNICIPAL
PA,TAX2247,42-043-1216357-EIT-222504,"Jackson, TWP of - EIT (222504)",SCHOOL
PA,TAX2871,42-091-1216857-LST-467303,"Limerick, TWP of - LST",MUNICIPAL
PA,TAX2871,42-091-1216857-LST-467303,"Limerick, TWP of - LST",SCHOOL
PA,TAX6521,42-107-1217023-EIT-540803,"Wayne, TWP of - EIT (540803)",MUNICIPAL
PA,TAX6521,42-107-1217023-EIT-540803,"Wayne, TWP of - EIT (540803)",SCHOOL
PA,TAX2893,42-015-1215983-LST-086003,"Litchfield, TWP of - LST",MUNICIPAL
PA,TAX2893,42-015-1215983-LST-086003,"Litchfield, TWP of - LST",SCHOOL
PA,TAX5193,42-121-1215640-LST-617203,"Pleasantville, BORO of - LST (617203)",MUNICIPAL
PA,TAX5193,42-121-1215640-LST-617203,"Pleasantville, BORO of - LST (617203)",SCHOOL
PA,TAX5028,42-043-1215167-EIT-221402,"Paxtang, BORO of - EIT",MUNICIPAL
PA,TAX5028,42-043-1215167-EIT-221402,"Paxtang, BORO of - EIT",SCHOOL
PA,TAX5285,42-045-1215192-LST-235103,"Prospect Park, BORO of - LST",MUNICIPAL
PA,TAX5285,42-045-1215192-LST-235103,"Prospect Park, BORO of - LST",SCHOOL
PA,TAX5871,42-047-1216406-LST-246003,"Spring Creek, TWP of - LST (246003)",MUNICIPAL
PA,TAX5871,42-047-1216406-LST-246003,"Spring Creek, TWP of - LST (246003)",SCHOOL
PA,TAX5341,42-005-1215858-EIT-168003,"Redbank, TWP of - EIT (168003)",MUNICIPAL
PA,TAX5341,42-005-1215858-EIT-168003,"Redbank, TWP of - EIT (168003)",SCHOOL
PA,TAX3611,42-133-1215755-EIT-676503,"New Freedom, BORO of - EIT",MUNICIPAL
PA,TAX3611,42-133-1215755-EIT-676503,"New Freedom, BORO of - EIT",SCHOOL
PA,TAX5728,42-015-1215992-LST-080503,"Smithfield, TWP of - LST (080503)",MUNICIPAL
PA,TAX5728,42-015-1215992-LST-080503,"Smithfield, TWP of - LST (080503)",SCHOOL
PA,TAX1251,42-021-1215017-LST-111403,"East Conemaugh, BORO of - LST",MUNICIPAL
PA,TAX1251,42-021-1215017-LST-111403,"East Conemaugh, BORO of - LST",SCHOOL
PA,TAX901,42-001-1215778-EIT-011603,"Conewago, TWP of - EIT (011603)",MUNICIPAL
PA,TAX901,42-001-1215778-EIT-011603,"Conewago, TWP of - EIT (011603)",SCHOOL
PA,TAX220,42-121-1215635-EIT-612203,"Barkeyville, BORO of - EIT",MUNICIPAL
PA,TAX220,42-121-1215635-EIT-612203,"Barkeyville, BORO of - EIT",SCHOOL
PA,TAX470,42-037-1216275-EIT-191103,"Briar Creek, TWP of - EIT",MUNICIPAL
PA,TAX470,42-037-1216275-EIT-191103,"Briar Creek, TWP of - EIT",SCHOOL
PA,TAX193,42-079-1215381-EIT-406602,"Avoca, BORO of - EIT",MUNICIPAL
PA,TAX193,42-079-1215381-EIT-406602,"Avoca, BORO of - EIT",SCHOOL
PA,TAX6029,42-003-1214828-EIT-029902,"Swissvale, BORO of - EIT",MUNICIPAL
PA,TAX6029,42-003-1214828-EIT-029902,"Swissvale, BORO of - EIT",SCHOOL
PA,TAX6211,42-115-1215619-LST-583003,"Uniondale, BORO of - LST",MUNICIPAL
PA,TAX6211,42-115-1215619-LST-583003,"Uniondale, BORO of - LST",SCHOOL
PA,TAX4897,42-121-1217149-EIT-617203,"Oilcreek, TWP of - EIT",MUNICIPAL
PA,TAX4897,42-121-1217149-EIT-617203,"Oilcreek, TWP of - EIT",SCHOOL
PA,TAX2818,42-011-1214920-EIT-064003,"Lenhartsville, BORO of - EIT",MUNICIPAL
PA,TAX2818,42-011-1214920-EIT-064003,"Lenhartsville, BORO of - EIT",SCHOOL
PA,TAX1792,42-055-1216461-EIT-281302,"Greene, TWP of - EIT (281302)",MUNICIPAL
PA,TAX1792,42-055-1216461-EIT-281302,"Greene, TWP of - EIT (281302)",SCHOOL
PA,TAX591,42-021-1216075-EIT-111303,"Cambria, TWP of - EIT",MUNICIPAL
PA,TAX591,42-021-1216075-EIT-111303,"Cambria, TWP of - EIT",SCHOOL
PA,TAX5458,42-117-1215627-LST-597003,"Roseville, BORO of - LST",MUNICIPAL
PA,TAX5458,42-117-1215627-LST-597003,"Roseville, BORO of - LST",SCHOOL
PA,TAX2249,42-061-1216511-EIT-312503,"Jackson, TWP of - EIT (312503)",MUNICIPAL
PA,TAX2249,42-061-1216511-EIT-312503,"Jackson, TWP of - EIT (312503)",SCHOOL
PA,TAX6624,42-093-1216895-LST-471803,"West Hemlock, TWP of - LST",MUNICIPAL
PA,TAX6624,42-093-1216895-LST-471803,"West Hemlock, TWP of - LST",SCHOOL
PA,TAX5143,42-123-1217170-LST-628302,"Pine Grove, TWP of - LST (628302)",MUNICIPAL
PA,TAX5143,42-123-1217170-LST-628302,"Pine Grove, TWP of - LST (628302)",SCHOOL
PA,TAX5492,42-107-1217014-LST-547603,"Rush, TWP of - LST (547603)",MUNICIPAL
PA,TAX5492,42-107-1217014-LST-547603,"Rush, TWP of - LST (547603)",SCHOOL
PA,TAX5348,42-051-1216442-EIT-260803,"Redstone, TWP of - EIT",MUNICIPAL
PA,TAX5348,42-051-1216442-EIT-260803,"Redstone, TWP of - EIT",SCHOOL
PA,TAX5183,42-003-1214819-EIT-029553,"Pleasant Hills, BORO of - EIT (029553)",MUNICIPAL
PA,TAX5183,42-003-1214819-EIT-029553,"Pleasant Hills, BORO of - EIT (029553)",SCHOOL
PA,TAX2764,42-115-1217090-EIT-584603,"Lathrop, TWP of - EIT",MUNICIPAL
PA,TAX2764,42-115-1217090-EIT-584603,"Lathrop, TWP of - EIT",SCHOOL
PA,TAX794,42-033-1215096-LST-171003,"Clearfield, BORO of - LST",MUNICIPAL
PA,TAX794,42-033-1215096-LST-171003,"Clearfield, BORO of - LST",SCHOOL
PA,TAX6900,42-133-1215773-LST-674403,"York Haven, BORO of - LST",MUNICIPAL
PA,TAX6900,42-133-1215773-LST-674403,"York Haven, BORO of - LST",SCHOOL
PA,TAX3719,42-129-1215716-LST-650603,"North Belle Vernon, BORO of-LST",MUNICIPAL
PA,TAX3719,42-129-1215716-LST-650603,"North Belle Vernon, BORO of-LST",SCHOOL
PA,TAX3127,42-003-1215815-EIT-026852,"Marshall, TWP of - EIT",MUNICIPAL
PA,TAX3127,42-003-1215815-EIT-026852,"Marshall, TWP of - EIT",SCHOOL
PA,TAX101,42-011-1215913-LST-066503,"Alsace, TWP of - LST",MUNICIPAL
PA,TAX101,42-011-1215913-LST-066503,"Alsace, TWP of - LST",SCHOOL
PA,TAX6432,42-065-1216573-LST-330803,"Warsaw, TWP of - LST",MUNICIPAL
PA,TAX6432,42-065-1216573-LST-330803,"Warsaw, TWP of - LST",SCHOOL
PA,TAX1219,42-071-1216620-LST-362303,"Earl, TWP of - LST (362303)",MUNICIPAL
PA,TAX1219,42-071-1216620-LST-362303,"Earl, TWP of - LST (362303)",SCHOOL
PA,TAX3169,42-049-1215214-LST-253903,"McKean, BORO of - LST",MUNICIPAL
PA,TAX3169,42-049-1215214-LST-253903,"McKean, BORO of - LST",SCHOOL
PA,TAX1349,42-129-1215698-EIT-654403,"East Vandergrift, BORO of-EIT",MUNICIPAL
PA,TAX1349,42-129-1215698-EIT-654403,"East Vandergrift, BORO of-EIT",SCHOOL
PA,TAX292,42-033-1216223-EIT-327303,"Bell, TWP of - EIT (327303)",MUNICIPAL
PA,TAX292,42-033-1216223-EIT-327303,"Bell, TWP of - EIT (327303)",SCHOOL
PA,TAX1087,42-107-1215547-LST-540803,"Deer Lake, BORO of - LST",MUNICIPAL
PA,TAX1087,42-107-1215547-LST-540803,"Deer Lake, BORO of - LST",SCHOOL
PA,TAX2949,42-133-1217294-LST-675503,"Lower Chanceford, TWP of-LST",MUNICIPAL
PA,TAX2949,42-133-1217294-LST-675503,"Lower Chanceford, TWP of-LST",SCHOOL
PA,TAX628,42-021-1215011-LST-111203,"Carrolltown, BORO of - LST",MUNICIPAL
PA,TAX628,42-021-1215011-LST-111203,"Carrolltown, BORO of - LST",SCHOOL
PA,TAX1590,42-113-1215605-LST-576303,"Forksville, BORO of - LST",MUNICIPAL
PA,TAX1590,42-113-1215605-LST-576303,"Forksville, BORO of - LST",SCHOOL
PA,TAX2373,42-119-1217132-LST-604003,"Kelly, TWP of - LST",MUNICIPAL
PA,TAX2373,42-119-1217132-LST-604003,"Kelly, TWP of - LST",SCHOOL
PA,TAX5654,42-063-1215295-LST-323703,"Shelocta, BORO of - LST",MUNICIPAL
PA,TAX5654,42-063-1215295-LST-323703,"Shelocta, BORO of - LST",SCHOOL
PA,TAX6158,42-017-1214982-EIT-098202,"Tullytown, BORO of - EIT",MUNICIPAL
PA,TAX6158,42-017-1214982-EIT-098202,"Tullytown, BORO of - EIT",SCHOOL
PA,TAX3234,42-055-1215245-EIT-286003,"Mercersburg, BORO of - EIT",MUNICIPAL
PA,TAX3234,42-055-1215245-EIT-286003,"Mercersburg, BORO of - EIT",SCHOOL
PA,TAX3402,42-067-1216585-EIT-343603,"Monroe, TWP of - EIT (343603)",MUNICIPAL
PA,TAX3402,42-067-1216585-EIT-343603,"Monroe, TWP of - EIT (343603)",SCHOOL
PA,TAX1604,42-077-1215377-LST-481002,"Fountain Hill, BORO of - LST",MUNICIPAL
PA,TAX1604,42-077-1215377-LST-481002,"Fountain Hill, BORO of - LST",SCHOOL
PA,TAX121,42-125-1217181-LST-638003,"Amwell, TWP of - LST",MUNICIPAL
PA,TAX121,42-125-1217181-LST-638003,"Amwell, TWP of - LST",SCHOOL
PA,TAX5475,42-091-1215481-EIT-467303,"Royersford, BORO of - EIT",MUNICIPAL
PA,TAX5475,42-091-1215481-EIT-467303,"Royersford, BORO of - EIT",SCHOOL
PA,TAX1569,42-035-1215115-EIT-183602,"Flemington, BORO of - EIT",MUNICIPAL
PA,TAX1569,42-035-1215115-EIT-183602,"Flemington, BORO of - EIT",SCHOOL
PA,TAX4961,42-085-1216811-EIT-431304,"Otter Creek, TWP of - EIT",MUNICIPAL
PA,TAX4961,42-085-1216811-EIT-431304,"Otter Creek, TWP of - EIT",SCHOOL
PA,TAX608,42-125-1215655-LST-631703,"Canonsburg, BORO of - LST",MUNICIPAL
PA,TAX608,42-125-1215655-LST-631703,"Canonsburg, BORO of - LST",SCHOOL
PA,TAX3449,42-117-1217117-LST-597003,"Morris, TWP of - LST (597003)",MUNICIPAL
PA,TAX3449,42-117-1217117-LST-597003,"Morris, TWP of - LST (597003)",SCHOOL
PA,TAX3622,42-017-1214972-LST-097604,"New Hope, BORO of - LST",MUNICIPAL
PA,TAX3622,42-017-1214972-LST-097604,"New Hope, BORO of - LST",SCHOOL
PA,TAX1773,42-033-1216235-EIT-179003,"Graham, TWP of - EIT",MUNICIPAL
PA,TAX1773,42-033-1216235-EIT-179003,"Graham, TWP of - EIT",SCHOOL
PA,TAX6688,42-009-1215909-LST-053003,"West Providence, TWP of - LST",MUNICIPAL
PA,TAX6688,42-009-1215909-LST-053003,"West Providence, TWP of - LST",SCHOOL
PA,TAX1107,42-079-1216708-EIT-401403,"Dennison, TWP of - EIT",MUNICIPAL
PA,TAX1107,42-079-1216708-EIT-401403,"Dennison, TWP of - EIT",SCHOOL
PA,TAX2295,42-133-1215750-LST-676703,"Jefferson, BORO of - LST (676703)",MUNICIPAL
PA,TAX2295,42-133-1215750-LST-676703,"Jefferson, BORO of - LST (676703)",SCHOOL
PA,TAX6160,42-011-1215950-EIT-068003,"Tulpehocken, TWP of - EIT",MUNICIPAL
PA,TAX6160,42-011-1215950-EIT-068003,"Tulpehocken, TWP of - EIT",SCHOOL
PA,TAX711,42-035-1216256-EIT-183602,"Chapman, TWP of - EIT (183602)",MUNICIPAL
PA,TAX711,42-035-1216256-EIT-183602,"Chapman, TWP of - EIT (183602)",SCHOOL
PA,TAX5647,42-085-1215448-EIT-435703,"Sharpsville, BORO of - EIT",MUNICIPAL
PA,TAX5647,42-085-1215448-EIT-435703,"Sharpsville, BORO of - EIT",SCHOOL
PA,TAX2336,42-047-1215201-EIT-243503,"Johnsonburg, BORO of - EIT",MUNICIPAL
PA,TAX2336,42-047-1215201-EIT-243503,"Johnsonburg, BORO of - EIT",SCHOOL
PA,TAX3713,42-075-1216677-LST-380303,"North Annville, TWP of - LST",MUNICIPAL
PA,TAX3713,42-075-1216677-LST-380303,"North Annville, TWP of - LST",SCHOOL
PA,TAX6847,42-027-1216142-EIT-141003,"Worth, TWP of - EIT (141003)",MUNICIPAL
PA,TAX6847,42-027-1216142-EIT-141003,"Worth, TWP of - EIT (141003)",SCHOOL
PA,TAX816,42-081-1216744-LST-415004,"Clinton, TWP of - LST (415004)",MUNICIPAL
PA,TAX816,42-081-1216744-LST-415004,"Clinton, TWP of - LST (415004)",SCHOOL
PA,TAX6238,42-033-1216247-LST-172003,"Union, TWP of - LST (172003)",MUNICIPAL
PA,TAX6238,42-033-1216247-LST-172003,"Union, TWP of - LST (172003)",SCHOOL
PA,TAX1323,42-029-1216155-LST-157203,"East Pikeland, TWP of - LST",MUNICIPAL
PA,TAX1323,42-029-1216155-LST-157203,"East Pikeland, TWP of - LST",SCHOOL
PA,TAX3087,42-129-1215708-LST-657103,"Manor, BORO of - LST (657103)",MUNICIPAL
PA,TAX3087,42-129-1215708-LST-657103,"Manor, BORO of - LST (657103)",SCHOOL
PA,TAX6404,42-003-1214834-LST-022803,"Wall, BORO of - LST",MUNICIPAL
PA,TAX6404,42-003-1214834-LST-022803,"Wall, BORO of - LST",SCHOOL
PA,TAX1834,42-033-1216236-LST-171803,"Greenwood, TWP of - LST (171803)",MUNICIPAL
PA,TAX1834,42-033-1216236-LST-171803,"Greenwood, TWP of - LST (171803)",SCHOOL
PA,TAX353,42-095-1217330-LST-486003,"Bethlehem, City of - LST (486003)",MUNICIPAL
PA,TAX353,42-095-1217330-LST-486003,"Bethlehem, City of - LST (486003)",SCHOOL
PA,TAX364,42-105-1216969-EIT-535504,"Bingham, TWP of - EIT",MUNICIPAL
PA,TAX364,42-105-1216969-EIT-535504,"Bingham, TWP of - EIT",SCHOOL
PA,TAX5829,42-085-1216819-EIT-435703,"South Pymatuning, TWP of-EIT",MUNICIPAL
PA,TAX5829,42-085-1216819-EIT-435703,"South Pymatuning, TWP of-EIT",SCHOOL
PA,TAX3478,42-001-1215790-LST-013753,"Mount Joy, TWP of - LST (013753)",MUNICIPAL
PA,TAX3478,42-001-1215790-LST-013753,"Mount Joy, TWP of - LST (013753)",SCHOOL
PA,TAX5797,42-125-1217207-EIT-633903,"South Franklin, TWP of - EIT",MUNICIPAL
PA,TAX5797,42-125-1217207-EIT-633903,"South Franklin, TWP of - EIT",SCHOOL
PA,TAX1716,42-051-1216434-LST-260303,"Georges, TWP of - LST",MUNICIPAL
PA,TAX1716,42-051-1216434-LST-260303,"Georges, TWP of - LST",SCHOOL
PA,TAX1072,42-021-1216080-LST-116003,"Dean, TWP of - LST",MUNICIPAL
PA,TAX1072,42-021-1216080-LST-116003,"Dean, TWP of - LST",SCHOOL
PA,TAX3147,42-069-1215323-LST-354603,"Mayfield, BORO of - LST",MUNICIPAL
PA,TAX3147,42-069-1215323-LST-354603,"Mayfield, BORO of - LST",SCHOOL
PA,TAX414,42-033-1216226-EIT-177003,"Boggs, TWP of - EIT (177003)",MUNICIPAL
PA,TAX414,42-033-1216226-EIT-177003,"Boggs, TWP of - EIT (177003)",SCHOOL
PA,TAX3509,42-133-1215754-LST-674403,"Mount Wolf, BORO of - LST",MUNICIPAL
PA,TAX3509,42-133-1215754-LST-674403,"Mount Wolf, BORO of - LST",SCHOOL
PA,TAX655,42-003-1214779-LST-021252,"Castle Shannon, BORO of - LST (021252)",MUNICIPAL
PA,TAX655,42-003-1214779-LST-021252,"Castle Shannon, BORO of - LST (021252)",SCHOOL
PA,TAX270,42-011-1214909-EIT-060753,"Bechtelsville, BORO of - EIT",MUNICIPAL
PA,TAX270,42-011-1214909-EIT-060753,"Bechtelsville, BORO of - EIT",SCHOOL
PA,TAX3400,42-031-1216212-EIT-168003,"Monroe, TWP of - EIT (168003)",MUNICIPAL
PA,TAX3400,42-031-1216212-EIT-168003,"Monroe, TWP of - EIT (168003)",SCHOOL
PA,TAX480,42-115-1217078-EIT-584503,"Bridgewater, TWP of - EIT",MUNICIPAL
PA,TAX480,42-115-1217078-EIT-584503,"Bridgewater, TWP of - EIT",SCHOOL
PA,TAX2812,42-035-1216265-EIT-183602,"Leidy, TWP of - EIT",MUNICIPAL
PA,TAX2812,42-035-1216265-EIT-183602,"Leidy, TWP of - EIT",SCHOOL
PA,TAX467,42-003-1214776-LST-021453,"Brentwood, BORO of - LST",MUNICIPAL
PA,TAX467,42-003-1214776-LST-021453,"Brentwood, BORO of - LST",SCHOOL
PA,TAX6394,42-107-1217021-EIT-547603,"Walker, TWP of - EIT (547603)",MUNICIPAL
PA,TAX6394,42-107-1217021-EIT-547603,"Walker, TWP of - EIT (547603)",SCHOOL
PA,TAX1307,42-029-1216153-LST-156603,"East Nantmeal, TWP of - LST",MUNICIPAL
PA,TAX1307,42-029-1216153-LST-156603,"East Nantmeal, TWP of - LST",SCHOOL
PA,TAX2245,42-021-1216085-EIT-111303,"Jackson, TWP of - EIT (111303)",MUNICIPAL
PA,TAX2245,42-021-1216085-EIT-111303,"Jackson, TWP of - EIT (111303)",SCHOOL
PA,TAX4966,42-131-1217276-LST-667503,"Overfield, TWP of - LST",MUNICIPAL
PA,TAX4966,42-131-1217276-LST-667503,"Overfield, TWP of - LST",SCHOOL
PA,TAX1502,42-019-1214993-LST-103603,"Fairview, BORO of - LST",MUNICIPAL
PA,TAX1502,42-019-1214993-LST-103603,"Fairview, BORO of - LST",SCHOOL
PA,TAX5064,42-133-1217304-EIT-676403,"Penn, TWP of - EIT (676403)",MUNICIPAL
PA,TAX5064,42-133-1217304-EIT-676403,"Penn, TWP of - EIT (676403)",SCHOOL
PA,TAX5227,42-021-1215031-LST-116303,"Portage, BORO of - LST",MUNICIPAL
PA,TAX5227,42-021-1215031-LST-116303,"Portage, BORO of - LST",SCHOOL
PA,TAX5161,42-031-1216214-LST-169003,"Piney, TWP of - LST",MUNICIPAL
PA,TAX5161,42-031-1216214-LST-169003,"Piney, TWP of - LST",SCHOOL
PA,TAX6092,42-045-1216393-EIT-235103,"Tinicum, TWP of - EIT (235103)",MUNICIPAL
PA,TAX6092,42-045-1216393-EIT-235103,"Tinicum, TWP of - EIT (235103)",SCHOOL
PA,TAX880,42-071-1215334-LST-361503,"Columbia, BORO of - LST",MUNICIPAL
PA,TAX880,42-071-1215334-LST-361503,"Columbia, BORO of - LST",SCHOOL
PA,TAX5697,42-113-1217075-LST-576303,"Shrewsbury, TWP of - LST (576303)",MUNICIPAL
PA,TAX5697,42-113-1217075-LST-576303,"Shrewsbury, TWP of - LST (576303)",SCHOOL
PA,TAX6059,42-061-1216524-EIT-317503,"Tell, TWP of - EIT",MUNICIPAL
PA,TAX6059,42-061-1216524-EIT-317503,"Tell, TWP of - EIT",SCHOOL
PA,TAX5721,42-063-1215296-EIT-030852,"Smicksburg, BORO of - EIT",MUNICIPAL
PA,TAX5721,42-063-1215296-EIT-030852,"Smicksburg, BORO of - EIT",SCHOOL
PA,TAX5245,42-065-1216569-EIT-338003,"Porter, TWP of - EIT (338003)",MUNICIPAL
PA,TAX5245,42-065-1216569-EIT-338003,"Porter, TWP of - EIT (338003)",SCHOOL
PA,TAX1479,42-079-1216710-EIT-409203,"Exeter, TWP of - EIT (409203)",MUNICIPAL
PA,TAX1479,42-079-1216710-EIT-409203,"Exeter, TWP of - EIT (409203)",SCHOOL
PA,TAX2750,42-025-1215046-EIT-136603,"Lansford, BORO of - EIT",MUNICIPAL
PA,TAX2750,42-025-1215046-EIT-136603,"Lansford, BORO of - EIT",SCHOOL
PA,TAX1509,42-133-1217287-LST-219002,"Fairview, TWP of - LST (219002)",MUNICIPAL
PA,TAX1509,42-133-1217287-LST-219002,"Fairview, TWP of - LST (219002)",SCHOOL
PA,TAX5536,42-111-1215596-LST-567004,"Salisbury, BORO of - LST",MUNICIPAL
PA,TAX5536,42-111-1215596-LST-567004,"Salisbury, BORO of - LST",SCHOOL
PA,TAX6792,42-111-1215602-EIT-569103,"Windber, BORO of - EIT",MUNICIPAL
PA,TAX6792,42-111-1215602-EIT-569103,"Windber, BORO of - EIT",SCHOOL
PA,TAX6886,42-015-1216008-EIT-086503,"Wysox, TWP of - EIT",MUNICIPAL
PA,TAX6886,42-015-1216008-EIT-086503,"Wysox, TWP of - EIT",SCHOOL
PA,TAX2953,42-041-1216337-LST-210503,"Lower Frankford, TWP of - LST",MUNICIPAL
PA,TAX2953,42-041-1216337-LST-210503,"Lower Frankford, TWP of - LST",SCHOOL
PA,TAX298,42-013-1214940-EIT-071003,"Bellwood, BORO of - EIT",MUNICIPAL
PA,TAX298,42-013-1214940-EIT-071003,"Bellwood, BORO of - EIT",SCHOOL
PA,TAX5024,42-027-1216133-LST-148002,"Patton, TWP of - LST",MUNICIPAL
PA,TAX5024,42-027-1216133-LST-148002,"Patton, TWP of - LST",SCHOOL
PA,TAX520,42-057-1729680-EIT-297504,"Brush Creek, TWP of - EIT",MUNICIPAL
PA,TAX520,42-057-1729680-EIT-297504,"Brush Creek, TWP of - EIT",SCHOOL
PA,TAX2771,42-011-1214918-LST-065503,"Laureldale, BORO of - LST",MUNICIPAL
PA,TAX2771,42-011-1214918-LST-065503,"Laureldale, BORO of - LST",SCHOOL
PA,TAX3596,42-073-1215356-LST-375302,"New Castle, City of - LST",MUNICIPAL
PA,TAX3596,42-073-1215356-LST-375302,"New Castle, City of - LST",SCHOOL
PA,TAX5993,42-021-1216095-LST-112203,"Summerhill, TWP of - LST (112203)",MUNICIPAL
PA,TAX5993,42-021-1216095-LST-112203,"Summerhill, TWP of - LST (112203)",SCHOOL
PA,TAX1370,42-071-1216627-LST-367003,"Eden, TWP of - LST",MUNICIPAL
PA,TAX1370,42-071-1216627-LST-367003,"Eden, TWP of - LST",SCHOOL
PA,TAX3310,42-027-1215057-LST-141003,"Milesburg, BORO of - LST",MUNICIPAL
PA,TAX3310,42-027-1215057-LST-141003,"Milesburg, BORO of - LST",SCHOOL
PA,TAX5451,42-125-1215676-EIT-631503,"Roscoe, BORO of - EIT",MUNICIPAL
PA,TAX5451,42-125-1215676-EIT-631503,"Roscoe, BORO of - EIT",SCHOOL
PA,TAX3731,42-037-1216289-LST-191503,"North Centre, TWP of - LST",MUNICIPAL
PA,TAX3731,42-037-1216289-LST-191503,"North Centre, TWP of - LST",SCHOOL
PA,TAX4263,42-007-1214887-EIT-049303,"Ohioville, BORO of - EIT",MUNICIPAL
PA,TAX4263,42-007-1214887-EIT-049303,"Ohioville, BORO of - EIT",SCHOOL
PA,TAX2807,42-095-1216902-LST-484903,"Lehigh, TWP of - LST (484903)",MUNICIPAL
PA,TAX2807,42-095-1216902-LST-484903,"Lehigh, TWP of - LST (484903)",SCHOOL
PA,TAX3277,42-017-1216022-LST-097502,"Middletown, TWP of - LST (097502)",MUNICIPAL
PA,TAX3277,42-017-1216022-LST-097502,"Middletown, TWP of - LST (097502)",SCHOOL
PA,TAX5287,42-071-1216641-LST-367003,"Providence, TWP of - LST",MUNICIPAL
PA,TAX5287,42-071-1216641-LST-367003,"Providence, TWP of - LST",SCHOOL
PA,TAX1034,42-039-1216301-EIT-204703,"Cussewago, TWP of - EIT",MUNICIPAL
PA,TAX1034,42-039-1216301-EIT-204703,"Cussewago, TWP of - EIT",SCHOOL
PA,TAX1997,42-097-1215509-LST-493503,"Herndon, BORO of - LST",MUNICIPAL
PA,TAX1997,42-097-1215509-LST-493503,"Herndon, BORO of - LST",SCHOOL
PA,TAX6728,42-099-1216956-LST-506003,"Wheatfield, TWP of - LST",MUNICIPAL
PA,TAX6728,42-099-1216956-LST-506003,"Wheatfield, TWP of - LST",SCHOOL
PA,TAX3659,42-069-1216604-EIT-350303,"Newton, TWP of - EIT",MUNICIPAL
PA,TAX3659,42-069-1216604-EIT-350303,"Newton, TWP of - EIT",SCHOOL
PA,TAX1464,42-063-1215287-LST-325203,"Ernest, BORO of - LST",MUNICIPAL
PA,TAX1464,42-063-1215287-LST-325203,"Ernest, BORO of - LST",SCHOOL
PA,TAX302,42-003-1214769-EIT-020753,"Ben Avon Heights, BORO of-EIT",MUNICIPAL
PA,TAX302,42-003-1214769-EIT-020753,"Ben Avon Heights, BORO of-EIT",SCHOOL
PA,TAX1039,42-021-1215016-LST-112003,"Dale, BORO of - LST",MUNICIPAL
PA,TAX1039,42-021-1215016-LST-112003,"Dale, BORO of - LST",SCHOOL
PA,TAX6812,42-133-1215768-EIT-675503,"Winterstown, BORO of - EIT",MUNICIPAL
PA,TAX6812,42-133-1215768-EIT-675503,"Winterstown, BORO of - EIT",SCHOOL
PA,TAX5953,42-003-1215835-EIT-028853,"Stowe, TWP of - EIT",MUNICIPAL
PA,TAX5953,42-003-1215835-EIT-028853,"Stowe, TWP of - EIT",SCHOOL
PA,TAX5026,42-009-1183394-EIT-051503,"Pavia, TWP of - EIT",MUNICIPAL
PA,TAX5026,42-009-1183394-EIT-051503,"Pavia, TWP of - EIT",SCHOOL
PA,TAX6795,42-095-1215508-LST-485603,"Wind Gap, BORO of - LST",MUNICIPAL
PA,TAX6795,42-095-1215508-LST-485603,"Wind Gap, BORO of - LST",SCHOOL
PA,TAX6446,42-021-1216098-EIT-116003,"Washington, TWP of - EIT (116003)",MUNICIPAL
PA,TAX6446,42-021-1216098-EIT-116003,"Washington, TWP of - EIT (116003)",SCHOOL
PA,TAX3010,42-081-1216755-EIT-414203,"Loyalsock, TWP of - EIT",MUNICIPAL
PA,TAX3010,42-081-1216755-EIT-414203,"Loyalsock, TWP of - EIT",SCHOOL
PA,TAX555,42-033-2086591-LST-173504,"Burnside, TWP of - LST (173504)",MUNICIPAL
PA,TAX555,42-033-2086591-LST-173504,"Burnside, TWP of - LST (173504)",SCHOOL
PA,TAX1903,42-003-1215808-EIT-020603,"Harmar, TWP of - EIT",MUNICIPAL
PA,TAX1903,42-003-1215808-EIT-020603,"Harmar, TWP of - EIT",SCHOOL
PA,TAX5969,42-089-1216847-EIT-456003,"Stroud, TWP of - EIT",MUNICIPAL
PA,TAX5969,42-089-1216847-EIT-456003,"Stroud, TWP of - EIT",SCHOOL
PA,TAX3566,42-015-1214954-LST-089003,"New Albany, BORO of - LST",MUNICIPAL
PA,TAX3566,42-015-1214954-LST-089003,"New Albany, BORO of - LST",SCHOOL
PA,TAX1060,42-043-1215158-EIT-221402,"Dauphin, BORO of - EIT",MUNICIPAL
PA,TAX1060,42-043-1215158-EIT-221402,"Dauphin, BORO of - EIT",SCHOOL
PA,TAX1207,42-003-1214788-LST-022503,"Duquesne, City of - LST",MUNICIPAL
PA,TAX1207,42-003-1214788-LST-022503,"Duquesne, City of - LST",SCHOOL
PA,TAX3484,42-003-1214810-EIT-027451,"Mount Oliver, BORO of - EIT",MUNICIPAL
PA,TAX3484,42-003-1214810-EIT-027451,"Mount Oliver, BORO of - EIT",SCHOOL
PA,TAX283,42-057-1216475-LST-297504,"Belfast, TWP of - LST",MUNICIPAL
PA,TAX283,42-057-1216475-LST-297504,"Belfast, TWP of - LST",SCHOOL
PA,TAX1922,42-019-1214995-LST-107503,"Harrisville, BORO of - LST",MUNICIPAL
PA,TAX1922,42-019-1214995-LST-107503,"Harrisville, BORO of - LST",SCHOOL
PA,TAX6802,42-133-1215767-EIT-675503,"Windsor, BORO of - EIT",MUNICIPAL
PA,TAX6802,42-133-1215767-EIT-675503,"Windsor, BORO of - EIT",SCHOOL
PA,TAX265,42-039-1216297-LST-201033,"Beaver, TWP of - LST (201033)",MUNICIPAL
PA,TAX265,42-039-1216297-LST-201033,"Beaver, TWP of - LST (201033)",SCHOOL
PA,TAX5734,42-125-1217205-LST-631203,"Smith, TWP of - LST",MUNICIPAL
PA,TAX5734,42-125-1217205-LST-631203,"Smith, TWP of - LST",SCHOOL
PA,TAX1692,42-117-1217111-LST-532804,"Gaines, TWP of - LST",MUNICIPAL
PA,TAX1692,42-117-1217111-LST-532804,"Gaines, TWP of - LST",SCHOOL
PA,TAX6068,42-127-1217231-LST-648703,"Texas, TWP of - LST (648703)",MUNICIPAL
PA,TAX6068,42-127-1217231-LST-648703,"Texas, TWP of - LST (648703)",SCHOOL
PA,TAX1518,42-033-1217324-LST-172003,"Falls Creek, BORO of - LST (172003)",MUNICIPAL
PA,TAX1518,42-033-1217324-LST-172003,"Falls Creek, BORO of - LST (172003)",SCHOOL
PA,TAX6719,42-133-1215766-EIT-678503,"West York, BORO of - EIT",MUNICIPAL
PA,TAX6719,42-133-1215766-EIT-678503,"West York, BORO of - EIT",SCHOOL
PA,TAX590,42-029-1216144-LST-151902,"Caln, TWP of - LST",MUNICIPAL
PA,TAX590,42-029-1216144-LST-151902,"Caln, TWP of - LST",SCHOOL
PA,TAX768,42-003-1214783-LST-021903,"Clairton, City of - LST",MUNICIPAL
PA,TAX768,42-003-1214783-LST-021903,"Clairton, City of - LST",SCHOOL
PA,TAX1114,42-043-1216354-EIT-221753,"Derry, TWP of - EIT (221753)",MUNICIPAL
PA,TAX1114,42-043-1216354-EIT-221753,"Derry, TWP of - EIT (221753)",SCHOOL
PA,TAX6223,42-061-1216526-EIT-316003,"Union, TWP of - EIT (316003)",MUNICIPAL
PA,TAX6223,42-061-1216526-EIT-316003,"Union, TWP of - EIT (316003)",SCHOOL
PA,TAX5612,42-111-1217326-LST-566303,"Seven Springs, BORO of - LST",MUNICIPAL
PA,TAX5612,42-111-1217326-LST-566303,"Seven Springs, BORO of - LST",SCHOOL
PA,TAX3380,42-029-1215073-LST-151902,"Modena, BORO of - LST",MUNICIPAL
PA,TAX3380,42-029-1215073-LST-151902,"Modena, BORO of - LST",SCHOOL
PA,TAX3177,42-081-1216759-LST-081003,"McNett, TWP of - LST",MUNICIPAL
PA,TAX3177,42-081-1216759-LST-081003,"McNett, TWP of - LST",SCHOOL
PA,TAX1340,42-021-1216082-EIT-111403,"East Taylor, TWP of - EIT",MUNICIPAL
PA,TAX1340,42-021-1216082-EIT-111403,"East Taylor, TWP of - EIT",SCHOOL
PA,TAX6399,42-033-1215111-EIT-177003,"Wallaceton, BORO of - EIT",MUNICIPAL
PA,TAX6399,42-033-1215111-EIT-177003,"Wallaceton, BORO of - EIT",SCHOOL
PA,TAX1409,42-003-1215802-EIT-023153,"Elizabeth, TWP of - EIT (023153)",MUNICIPAL
PA,TAX1409,42-003-1215802-EIT-023153,"Elizabeth, TWP of - EIT (023153)",SCHOOL
PA,TAX1856,42-027-1216125-LST-147003,"Haines, TWP of - LST",MUNICIPAL
PA,TAX1856,42-027-1216125-LST-147003,"Haines, TWP of - LST",SCHOOL
PA,TAX2754,42-113-1215606-EIT-576303,"Laporte, BORO of - EIT",MUNICIPAL
PA,TAX2754,42-113-1215606-EIT-576303,"Laporte, BORO of - EIT",SCHOOL
PA,TAX1487,42-051-1215228-EIT-260303,"Fairchance, BORO of - EIT",MUNICIPAL
PA,TAX1487,42-051-1215228-EIT-260303,"Fairchance, BORO of - EIT",SCHOOL
PA,TAX703,42-017-1214963-EIT-092102,"Chalfont, BORO of - EIT",MUNICIPAL
PA,TAX703,42-017-1214963-EIT-092102,"Chalfont, BORO of - EIT",SCHOOL
PA,TAX6253,42-027-1215064-LST-141003,"Unionville, BORO of - LST",MUNICIPAL
PA,TAX6253,42-027-1215064-LST-141003,"Unionville, BORO of - LST",SCHOOL
PA,TAX1105,42-133-1215738-EIT-676203,"Delta, BORO of - EIT",MUNICIPAL
PA,TAX1105,42-133-1215738-EIT-676203,"Delta, BORO of - EIT",SCHOOL
PA,TAX5918,42-115-1217097-LST-582503,"Springville, TWP of - LST",MUNICIPAL
PA,TAX5918,42-115-1217097-LST-582503,"Springville, TWP of - LST",SCHOOL
PA,TAX2306,42-125-1217196-EIT-631203,"Jefferson, TWP of - EIT (631203)",MUNICIPAL
PA,TAX2306,42-125-1217196-EIT-631203,"Jefferson, TWP of - EIT (631203)",SCHOOL
PA,TAX3707,42-095-1215498-LST-484903,"Northampton, BORO of - LST",MUNICIPAL
PA,TAX3707,42-095-1215498-LST-484903,"Northampton, BORO of - LST",SCHOOL
PA,TAX5053,42-019-1216065-EIT-107803,"Penn, TWP of - EIT (107803)",MUNICIPAL
PA,TAX5053,42-019-1216065-EIT-107803,"Penn, TWP of - EIT (107803)",SCHOOL
PA,TAX6544,42-057-1216483-LST-292304,"Wells, TWP of - LST (292304)",MUNICIPAL
PA,TAX6544,42-057-1216483-LST-292304,"Wells, TWP of - LST (292304)",SCHOOL
PA,TAX692,42-099-1216938-EIT-508003,"Centre, TWP of - EIT (508003)",MUNICIPAL
PA,TAX692,42-099-1216938-EIT-508003,"Centre, TWP of - EIT (508003)",SCHOOL
PA,TAX6007,42-105-1216985-LST-531304,"Summit, TWP of - LST (531304)",MUNICIPAL
PA,TAX6007,42-105-1216985-LST-531304,"Summit, TWP of - LST (531304)",SCHOOL
PA,TAX148,42-015-1215972-LST-086653,"Armenia, TWP of - LST",MUNICIPAL
PA,TAX148,42-015-1215972-LST-086653,"Armenia, TWP of - LST",SCHOOL
PA,TAX5041,42-025-1216116-LST-135003,"Penn Forest, TWP of - LST",MUNICIPAL
PA,TAX5041,42-025-1216116-LST-135003,"Penn Forest, TWP of - LST",SCHOOL
PA,TAX2809,42-103-1216961-EIT-452003,"Lehman, TWP of - EIT (452003)",MUNICIPAL
PA,TAX2809,42-103-1216961-EIT-452003,"Lehman, TWP of - EIT (452003)",SCHOOL
PA,TAX2368,42-083-1216787-EIT-427503,"Keating, TWP of - EIT (427503)",MUNICIPAL
PA,TAX2368,42-083-1216787-EIT-427503,"Keating, TWP of - EIT (427503)",SCHOOL
PA,TAX1790,42-035-1216262-EIT-183602,"Greene, TWP of - EIT (183602)",MUNICIPAL
PA,TAX1790,42-035-1216262-EIT-183602,"Greene, TWP of - EIT (183602)",SCHOOL
PA,TAX873,42-091-1215466-EIT-466103,"Collegeville, BORO of - EIT",MUNICIPAL
PA,TAX873,42-091-1215466-EIT-466103,"Collegeville, BORO of - EIT",SCHOOL
PA,TAX2955,42-091-1216858-LST-466103,"Lower Frederick, TWP of - LST",MUNICIPAL
PA,TAX2955,42-091-1216858-LST-466103,"Lower Frederick, TWP of - LST",SCHOOL
PA,TAX3715,42-005-1214855-LST-030603,"North Apollo, BORO of - LST",MUNICIPAL
PA,TAX3715,42-005-1214855-LST-030603,"North Apollo, BORO of - LST",SCHOOL
PA,TAX6735,42-003-1214840-EIT-021102,"Whitehall, BORO of - EIT",MUNICIPAL
PA,TAX6735,42-003-1214840-EIT-021102,"Whitehall, BORO of - EIT",SCHOOL
PA,TAX3610,42-129-1215713-LST-654903,"New Florence, BORO of - LST",MUNICIPAL
PA,TAX3610,42-129-1215713-LST-654903,"New Florence, BORO of - LST",SCHOOL
PA,TAX6658,42-125-1215683-LST-630504,"West Middletown, BORO of-LST",MUNICIPAL
PA,TAX6658,42-125-1215683-LST-630504,"West Middletown, BORO of-LST",SCHOOL
PA,TAX1784,42-043-1215160-LST-229003,"Gratz, BORO of - LST",MUNICIPAL
PA,TAX1784,42-043-1215160-LST-229003,"Gratz, BORO of - LST",SCHOOL
PA,TAX205,42-007-1214863-LST-040703,"Baden, BORO of - LST",MUNICIPAL
PA,TAX205,42-007-1214863-LST-040703,"Baden, BORO of - LST",SCHOOL
PA,TAX5657,42-073-1216663-EIT-376203,"Shenango, TWP of - EIT (376203)",MUNICIPAL
PA,TAX5657,42-073-1216663-EIT-376203,"Shenango, TWP of - EIT (376203)",SCHOOL
PA,TAX3066,42-037-1216285-LST-191203,"Main, TWP of - LST",MUNICIPAL
PA,TAX3066,42-037-1216285-LST-191203,"Main, TWP of - LST",SCHOOL
PA,TAX5818,42-107-1217017-LST-547303,"South Manheim, TWP of - LST",MUNICIPAL
PA,TAX5818,42-107-1217017-LST-547303,"South Manheim, TWP of - LST",SCHOOL
PA,TAX5225,42-089-1216843-LST-455203,"Polk, TWP of - LST (455203)",MUNICIPAL
PA,TAX5225,42-089-1216843-LST-455203,"Polk, TWP of - LST (455203)",SCHOOL
PA,TAX6842,42-041-1215156-EIT-219002,"Wormleysburg, BORO of - EIT",MUNICIPAL
PA,TAX6842,42-041-1215156-EIT-219002,"Wormleysburg, BORO of - EIT",SCHOOL
PA,TAX6914,42-065-1216577-LST-338003,"Young, TWP of - LST (338003)",MUNICIPAL
PA,TAX6914,42-065-1216577-LST-338003,"Young, TWP of - LST (338003)",SCHOOL
PA,TAX3278,42-045-1216386-LST-237903,"Middletown, TWP of - LST (237903)",MUNICIPAL
PA,TAX3278,42-045-1216386-LST-237903,"Middletown, TWP of - LST (237903)",SCHOOL
PA,TAX1461,42-049-1215209-EIT-252602,"Erie, City of - EIT",MUNICIPAL
PA,TAX1461,42-049-1215209-EIT-252602,"Erie, City of - EIT",SCHOOL
PA,TAX6179,42-003-1214831-LST-029902,"Turtle Creek, BORO of - LST",MUNICIPAL
PA,TAX6179,42-003-1214831-LST-029902,"Turtle Creek, BORO of - LST",SCHOOL
PA,TAX6008,42-111-1217065-LST-565203,"Summit, TWP of - LST (565203)",MUNICIPAL
PA,TAX6008,42-111-1217065-LST-565203,"Summit, TWP of - LST (565203)",SCHOOL
PA,TAX6463,42-131-1217278-EIT-667503,"Washington, TWP of - EIT (667503)",MUNICIPAL
PA,TAX6463,42-131-1217278-EIT-667503,"Washington, TWP of - EIT (667503)",SCHOOL
PA,TAX2715,42-083-1216788-LST-420803,"Lafayette, TWP of - LST",MUNICIPAL
PA,TAX2715,42-083-1216788-LST-420803,"Lafayette, TWP of - LST",SCHOOL
PA,TAX3753,42-011-1215937-LST-061103,"North Heidelberg, TWP of-LST",MUNICIPAL
PA,TAX3753,42-011-1215937-LST-061103,"North Heidelberg, TWP of-LST",SCHOOL
PA,TAX5556,42-085-1216817-LST-433903,"Sandy Lake, TWP of - LST",MUNICIPAL
PA,TAX5556,42-085-1216817-LST-433903,"Sandy Lake, TWP of - LST",SCHOOL
PA,TAX1891,42-079-1216715-EIT-403003,"Hanover, TWP of - EIT (403003)",MUNICIPAL
PA,TAX1891,42-079-1216715-EIT-403003,"Hanover, TWP of - EIT (403003)",SCHOOL
PA,TAX44,42-045-1215173-EIT-239652,"Aldan, BORO of - EIT",MUNICIPAL
PA,TAX44,42-045-1215173-EIT-239652,"Aldan, BORO of - EIT",SCHOOL
PA,TAX866,42-035-1216257-LST-183602,"Colebrook, TWP of - LST",MUNICIPAL
PA,TAX866,42-035-1216257-LST-183602,"Colebrook, TWP of - LST",SCHOOL
PA,TAX5614,42-133-1215760-LST-676703,"Seven Valleys, BORO of - LST",MUNICIPAL
PA,TAX5614,42-133-1215760-LST-676703,"Seven Valleys, BORO of - LST",SCHOOL
PA,TAX288,42-051-1215222-EIT-650603,"Belle Vernon, BORO of - EIT",MUNICIPAL
PA,TAX288,42-051-1215222-EIT-650603,"Belle Vernon, BORO of - EIT",SCHOOL
PA,TAX6771,42-081-1215428-LST-417202,"Williamsport, City of - LST",MUNICIPAL
PA,TAX6771,42-081-1215428-LST-417202,"Williamsport, City of - LST",SCHOOL
PA,TAX3710,42-017-1216027-LST-092353,"Northampton, TWP of - LST (092353)",MUNICIPAL
PA,TAX3710,42-017-1216027-LST-092353,"Northampton, TWP of - LST (092353)",SCHOOL
PA,TAX5177,42-073-1216660-LST-378003,"Plain Grove, TWP of - LST",MUNICIPAL
PA,TAX5177,42-073-1216660-LST-378003,"Plain Grove, TWP of - LST",SCHOOL
PA,TAX1178,42-057-1216478-LST-292304,"Dublin, TWP of - LST (292304)",MUNICIPAL
PA,TAX1178,42-057-1216478-LST-292304,"Dublin, TWP of - LST (292304)",SCHOOL
PA,TAX6300,42-095-1216909-EIT-480803,"Upper Mount Bethel, TWP of-EIT",MUNICIPAL
PA,TAX6300,42-095-1216909-EIT-480803,"Upper Mount Bethel, TWP of-EIT",SCHOOL
PA,TAX5073,42-081-1216767-LST-412003,"Penn, TWP of - LST (412003)",MUNICIPAL
PA,TAX5073,42-081-1216767-LST-412003,"Penn, TWP of - LST (412003)",SCHOOL
PA,TAX1352,42-029-1216157-LST-156603,"East Vincent, TWP of - LST",MUNICIPAL
PA,TAX1352,42-029-1216157-LST-156603,"East Vincent, TWP of - LST",SCHOOL
PA,TAX5988,42-117-1217123-LST-597003,"Sullivan, TWP of - LST",MUNICIPAL
PA,TAX5988,42-117-1217123-LST-597003,"Sullivan, TWP of - LST",SCHOOL
PA,TAX6354,42-129-1215726-LST-654403,"Vandergrift, BORO of - LST",MUNICIPAL
PA,TAX6354,42-129-1215726-LST-654403,"Vandergrift, BORO of - LST",SCHOOL
PA,TAX602,42-121-1217139-LST-612203,"Canal, TWP of - LST",MUNICIPAL
PA,TAX602,42-121-1217139-LST-612203,"Canal, TWP of - LST",SCHOOL
PA,TAX557,42-063-1216536-EIT-321103,"Burrell, TWP of - EIT (321103)",MUNICIPAL
PA,TAX557,42-063-1216536-EIT-321103,"Burrell, TWP of - EIT (321103)",SCHOOL
PA,TAX6592,42-003-1215837-LST-022253,"West Deer, TWP of - LST",MUNICIPAL
PA,TAX6592,42-003-1215837-LST-022253,"West Deer, TWP of - LST",SCHOOL
PA,TAX1932,42-091-1215470-LST-463603,"Hatboro, BORO of - LST",MUNICIPAL
PA,TAX1932,42-091-1215470-LST-463603,"Hatboro, BORO of - LST",SCHOOL
PA,TAX1893,42-125-1217193-EIT-631203,"Hanover, TWP of - EIT (631203)",MUNICIPAL
PA,TAX1893,42-125-1217193-EIT-631203,"Hanover, TWP of - EIT (631203)",SCHOOL
PA,TAX2951,42-045-1216384-LST-231303,"Lower Chichester, TWP of-LST",MUNICIPAL
PA,TAX2951,42-045-1216384-LST-231303,"Lower Chichester, TWP of-LST",SCHOOL
PA,TAX1499,42-079-1216711-EIT-406003,"Fairmount, TWP of - EIT",MUNICIPAL
PA,TAX1499,42-079-1216711-EIT-406003,"Fairmount, TWP of - EIT",SCHOOL
PA,TAX514,42-081-1216742-EIT-414003,"Brown, TWP of - EIT (414003)",MUNICIPAL
PA,TAX514,42-081-1216742-EIT-414003,"Brown, TWP of - EIT (414003)",SCHOOL
PA,TAX6003,42-111-1217065-EIT-565203,"Summit, TWP of - EIT (565203)",MUNICIPAL
PA,TAX6003,42-111-1217065-EIT-565203,"Summit, TWP of - EIT (565203)",SCHOOL
PA,TAX4900,42-121-1217149-LST-617203,"Oilcreek, TWP of - LST",MUNICIPAL
PA,TAX4900,42-121-1217149-LST-617203,"Oilcreek, TWP of - LST",SCHOOL
PA,TAX1843,42-085-1215440-EIT-432903,"Grove City, BORO of - EIT",MUNICIPAL
PA,TAX1843,42-085-1215440-EIT-432903,"Grove City, BORO of - EIT",SCHOOL
PA,TAX1894,42-007-1215874-LST-047404,"Hanover, TWP of - LST (047404)",MUNICIPAL
PA,TAX1894,42-007-1215874-LST-047404,"Hanover, TWP of - LST (047404)",SCHOOL
PA,TAX198,42-129-1215693-LST-654403,"Avonmore, BORO of - LST",MUNICIPAL
PA,TAX198,42-129-1215693-LST-654403,"Avonmore, BORO of - LST",SCHOOL
PA,TAX1987,42-051-1216436-LST-268003,"Henry Clay, TWP of - LST",MUNICIPAL
PA,TAX1987,42-051-1216436-LST-268003,"Henry Clay, TWP of - LST",SCHOOL
PA,TAX3258,42-109-1217033-LST-555003,"Middlecreek, TWP of - LST (555003)",MUNICIPAL
PA,TAX3258,42-109-1217033-LST-555003,"Middlecreek, TWP of - LST (555003)",SCHOOL
PA,TAX836,42-061-1215268-LST-058003,"Coalmont, BORO of - LST",MUNICIPAL
PA,TAX836,42-061-1215268-LST-058003,"Coalmont, BORO of - LST",SCHOOL
PA,TAX5300,42-085-1216814-LST-435303,"Pymatuning, TWP of - LST",MUNICIPAL
PA,TAX5300,42-085-1216814-LST-435303,"Pymatuning, TWP of - LST",SCHOOL
PA,TAX956,42-077-1215375-EIT-397803,"Coplay, BORO of - EIT",MUNICIPAL
PA,TAX956,42-077-1215375-EIT-397803,"Coplay, BORO of - EIT",SCHOOL
PA,TAX2280,42-085-1215443-EIT-433604,"Jamestown, BORO of - EIT",MUNICIPAL
PA,TAX2280,42-085-1215443-EIT-433604,"Jamestown, BORO of - EIT",SCHOOL
PA,TAX953,42-033-1216230-LST-179003,"Cooper, TWP of - LST (179003)",MUNICIPAL
PA,TAX953,42-033-1216230-LST-179003,"Cooper, TWP of - LST (179003)",SCHOOL
PA,TAX912,42-039-1215134-LST-201033,"Conneaut Lake, BORO of - LST",MUNICIPAL
PA,TAX912,42-039-1215134-LST-201033,"Conneaut Lake, BORO of - LST",SCHOOL
PA,TAX2257,42-117-1217113-EIT-596003,"Jackson, TWP of - EIT (596003)",MUNICIPAL
PA,TAX2257,42-117-1217113-EIT-596003,"Jackson, TWP of - EIT (596003)",SCHOOL
PA,TAX6146,42-123-1217179-EIT-628302,"Triumph, TWP of - EIT",MUNICIPAL
PA,TAX6146,42-123-1217179-EIT-628302,"Triumph, TWP of - EIT",SCHOOL
PA,TAX423,42-001-1214754-LST-015203,"Bonneauville, BORO of - LST (015203)",MUNICIPAL
PA,TAX423,42-001-1214754-LST-015203,"Bonneauville, BORO of - LST (015203)",SCHOOL
PA,TAX1494,42-039-1216305-LST-201352,"Fairfield, TWP of - LST (201352)",MUNICIPAL
PA,TAX1494,42-039-1216305-LST-201352,"Fairfield, TWP of - LST (201352)",SCHOOL
PA,TAX5392,42-047-1216405-LST-243503,"Ridgway, TWP of - LST (243503)",MUNICIPAL
PA,TAX5392,42-047-1216405-LST-243503,"Ridgway, TWP of - LST (243503)",SCHOOL
PA,TAX5358,42-065-1215302-EIT-172003,"Reynoldsville, BORO of - EIT",MUNICIPAL
PA,TAX5358,42-065-1215302-EIT-172003,"Reynoldsville, BORO of - EIT",SCHOOL
PA,TAX6027,42-105-1216986-EIT-531304,"Sweden, TWP of - EIT",MUNICIPAL
PA,TAX6027,42-105-1216986-EIT-531304,"Sweden, TWP of - EIT",SCHOOL
PA,TAX845,42-039-1215133-EIT-201352,"Cochranton, BORO of - EIT",MUNICIPAL
PA,TAX845,42-039-1215133-EIT-201352,"Cochranton, BORO of - EIT",SCHOOL
PA,TAX336,42-073-1215351-EIT-375003,"Bessemer, BORO of - EIT",MUNICIPAL
PA,TAX336,42-073-1215351-EIT-375003,"Bessemer, BORO of - EIT",SCHOOL
PA,TAX710,42-095-1215491-LST-484903,"Chapman, BORO of - LST",MUNICIPAL
PA,TAX710,42-095-1215491-LST-484903,"Chapman, BORO of - LST",SCHOOL
PA,TAX3630,42-029-1216169-LST-150503,"New London, TWP of - LST",MUNICIPAL
PA,TAX3630,42-029-1216169-LST-150503,"New London, TWP of - LST",SCHOOL
PA,TAX3319,42-067-1216584-LST-343603,"Milford, TWP of - LST (343603)",MUNICIPAL
PA,TAX3319,42-067-1216584-LST-343603,"Milford, TWP of - LST (343603)",SCHOOL
PA,TAX3422,42-055-1216467-LST-286003,"Montgomery, TWP of - LST (286003)",MUNICIPAL
PA,TAX3422,42-055-1216467-LST-286003,"Montgomery, TWP of - LST (286003)",SCHOOL
PA,TAX3165,42-081-1216757-LST-414003,"McHenry, TWP of - LST",MUNICIPAL
PA,TAX3165,42-081-1216757-LST-414003,"McHenry, TWP of - LST",SCHOOL
PA,TAX6428,42-079-1215411-LST-403003,"Warrior Run, BORO of - LST",MUNICIPAL
PA,TAX6428,42-079-1215411-LST-403003,"Warrior Run, BORO of - LST",SCHOOL
PA,TAX2727,42-035-1216264-LST-183602,"Lamar, TWP of - LST",MUNICIPAL
PA,TAX2727,42-035-1216264-LST-183602,"Lamar, TWP of - LST",SCHOOL
PA,TAX6257,42-045-1215199-LST-231232,"Upland, BORO of - LST",MUNICIPAL
PA,TAX6257,42-045-1215199-LST-231232,"Upland, BORO of - LST",SCHOOL
PA,TAX5596,42-121-1217155-LST-160303,"Scrubgrass, TWP of - LST",MUNICIPAL
PA,TAX5596,42-121-1217155-LST-160303,"Scrubgrass, TWP of - LST",SCHOOL
PA,TAX5385,42-117-1217120-LST-597003,"Richmond, TWP of - LST (597003)",MUNICIPAL
PA,TAX5385,42-117-1217120-LST-597003,"Richmond, TWP of - LST (597003)",SCHOOL
PA,TAX1241,42-029-1216148-LST-152003,"East Caln, TWP of - LST",MUNICIPAL
PA,TAX1241,42-029-1216148-LST-152003,"East Caln, TWP of - LST",SCHOOL
PA,TAX1202,42-035-1216259-EIT-183602,"Dunnstable, TWP of - EIT",MUNICIPAL
PA,TAX1202,42-035-1216259-EIT-183602,"Dunnstable, TWP of - EIT",SCHOOL
PA,TAX6594,42-071-1216649-LST-362403,"West Donegal, TWP of - LST",MUNICIPAL
PA,TAX6594,42-071-1216649-LST-362403,"West Donegal, TWP of - LST",SCHOOL
PA,TAX366,42-011-1214911-EIT-061503,"Birdsboro, BORO of - EIT",MUNICIPAL
PA,TAX366,42-011-1214911-EIT-061503,"Birdsboro, BORO of - EIT",SCHOOL
PA,TAX3600,42-111-1215593-LST-566303,"New Centerville, BORO of-LST",MUNICIPAL
PA,TAX3600,42-111-1215593-LST-566303,"New Centerville, BORO of-LST",SCHOOL
PA,TAX5003,42-005-1214856-LST-160303,"Parker, City of - LST",MUNICIPAL
PA,TAX5003,42-005-1214856-LST-160303,"Parker, City of - LST",SCHOOL
PA,TAX3653,42-007-1215879-EIT-042853,"New Sewickley, TWP of - EIT",MUNICIPAL
PA,TAX3653,42-007-1215879-EIT-042853,"New Sewickley, TWP of - EIT",SCHOOL
PA,TAX358,42-033-1216224-EIT-175003,"Bigler, TWP of - EIT",MUNICIPAL
PA,TAX358,42-033-1216224-EIT-175003,"Bigler, TWP of - EIT",SCHOOL
PA,TAX75,42-129-1217232-EIT-654403,"Allegheny, TWP of - EIT (654403)",MUNICIPAL
PA,TAX75,42-129-1217232-EIT-654403,"Allegheny, TWP of - EIT (654403)",SCHOOL
PA,TAX2055,42-041-1216335-EIT-218003,"Hopewell, TWP of - EIT (218003)",MUNICIPAL
PA,TAX2055,42-041-1216335-EIT-218003,"Hopewell, TWP of - EIT (218003)",SCHOOL
PA,TAX6801,42-131-1217279-LST-667503,"Windham, TWP of - LST (667503)",MUNICIPAL
PA,TAX6801,42-131-1217279-LST-667503,"Windham, TWP of - LST (667503)",SCHOOL
PA,TAX5814,42-075-1216683-LST-385303,"South Londonderry, TWP of-LST",MUNICIPAL
PA,TAX5814,42-075-1216683-LST-385303,"South Londonderry, TWP of-LST",SCHOOL
PA,TAX6467,42-011-1215955-LST-060753,"Washington, TWP of - LST (060753)",MUNICIPAL
PA,TAX6467,42-011-1215955-LST-060753,"Washington, TWP of - LST (060753)",SCHOOL
PA,TAX3498,42-037-1216288-LST-191503,"Mount Pleasant, TWP of - LST (191503)",MUNICIPAL
PA,TAX3498,42-037-1216288-LST-191503,"Mount Pleasant, TWP of - LST (191503)",SCHOOL
PA,TAX1329,42-009-1215892-LST-053003,"East Providence, TWP of - LST",MUNICIPAL
PA,TAX1329,42-009-1215892-LST-053003,"East Providence, TWP of - LST",SCHOOL
PA,TAX1237,42-119-1217129-LST-604003,"East Buffalo, TWP of - LST",MUNICIPAL
PA,TAX1237,42-119-1217129-LST-604003,"East Buffalo, TWP of - LST",SCHOOL
PA,TAX3414,42-003-1217430-LST-024102,"Monroeville, BORO of - LST",MUNICIPAL
PA,TAX3414,42-003-1217430-LST-024102,"Monroeville, BORO of - LST",SCHOOL
PA,TAX963,42-075-1215363-LST-381303,"Cornwall, BORO of - LST",MUNICIPAL
PA,TAX963,42-075-1215363-LST-381303,"Cornwall, BORO of - LST",SCHOOL
PA,TAX376,42-063-1216533-EIT-321103,"Black Lick, TWP of - EIT (321103)",MUNICIPAL
PA,TAX376,42-063-1216533-EIT-321103,"Black Lick, TWP of - EIT (321103)",SCHOOL
PA,TAX6568,42-107-1217024-LST-540803,"West Brunswick, TWP of - LST",MUNICIPAL
PA,TAX6568,42-107-1217024-LST-540803,"West Brunswick, TWP of - LST",SCHOOL
PA,TAX6635,42-075-1215370-EIT-384603,"West Lebanon, TWP of - EIT",MUNICIPAL
PA,TAX6635,42-075-1215370-EIT-384603,"West Lebanon, TWP of - EIT",SCHOOL
PA,TAX3636,42-011-1217448-LST-068103,"New Morgan, BORO of - LST",MUNICIPAL
PA,TAX3636,42-011-1217448-LST-068103,"New Morgan, BORO of - LST",SCHOOL
PA,TAX6228,42-107-1217019-EIT-545003,"Union, TWP of - EIT (545003)",MUNICIPAL
PA,TAX6228,42-107-1217019-EIT-545003,"Union, TWP of - EIT (545003)",SCHOOL
PA,TAX1420,42-113-1217070-LST-576303,"Elkland, TWP of - LST",MUNICIPAL
PA,TAX1420,42-113-1217070-LST-576303,"Elkland, TWP of - LST",SCHOOL
PA,TAX330,42-043-1215157-EIT-229003,"Berrysburg, BORO of - EIT",MUNICIPAL
PA,TAX330,42-043-1215157-EIT-229003,"Berrysburg, BORO of - EIT",SCHOOL
PA,TAX5954,42-003-1215835-LST-028853,"Stowe, TWP of - LST",MUNICIPAL
PA,TAX5954,42-003-1215835-LST-028853,"Stowe, TWP of - LST",SCHOOL
PA,TAX2152,42-111-1215589-LST-567404,"Indian Lake, BORO of - LST",MUNICIPAL
PA,TAX2152,42-111-1215589-LST-567404,"Indian Lake, BORO of - LST",SCHOOL
PA,TAX282,42-057-1216475-EIT-297504,"Belfast, TWP of - EIT",MUNICIPAL
PA,TAX282,42-057-1216475-EIT-297504,"Belfast, TWP of - EIT",SCHOOL
PA,TAX3337,42-099-1215528-EIT-503004,"Millerstown, BORO of - EIT",MUNICIPAL
PA,TAX3337,42-099-1215528-EIT-503004,"Millerstown, BORO of - EIT",SCHOOL
PA,TAX6172,42-067-1216588-EIT-343603,"Turbett, TWP of - EIT",MUNICIPAL
PA,TAX6172,42-067-1216588-EIT-343603,"Turbett, TWP of - EIT",SCHOOL
PA,TAX5785,42-029-1215077-LST-151902,"South Coatesville, BORO of-LST",MUNICIPAL
PA,TAX5785,42-029-1215077-LST-151902,"South Coatesville, BORO of-LST",SCHOOL
PA,TAX6276,42-091-1216875-EIT-060753,"Upper Frederick, TWP of - EIT",MUNICIPAL
PA,TAX6276,42-091-1216875-EIT-060753,"Upper Frederick, TWP of - EIT",SCHOOL
PA,TAX2948,42-133-1217294-EIT-675503,"Lower Chanceford, TWP of-EIT",MUNICIPAL
PA,TAX2948,42-133-1217294-EIT-675503,"Lower Chanceford, TWP of-EIT",SCHOOL
PA,TAX1022,42-001-1215779-LST-013753,"Cumberland, TWP of - LST (013753)",MUNICIPAL
PA,TAX1022,42-001-1215779-LST-013753,"Cumberland, TWP of - LST (013753)",SCHOOL
PA,TAX2164,42-003-1214803-EIT-026303,"Ingram, BORO of - EIT",MUNICIPAL
PA,TAX2164,42-003-1214803-EIT-026303,"Ingram, BORO of - EIT",SCHOOL
PA,TAX246,42-079-1217447-EIT-408852,"Bear Creek Village, BORO of-EIT",MUNICIPAL
PA,TAX246,42-079-1217447-EIT-408852,"Bear Creek Village, BORO of-EIT",SCHOOL
PA,TAX1061,42-043-1215158-LST-221402,"Dauphin, BORO of - LST",MUNICIPAL
PA,TAX1061,42-043-1215158-LST-221402,"Dauphin, BORO of - LST",SCHOOL
PA,TAX3573,42-119-1215634-EIT-605003,"New Berlin, BORO of - EIT",MUNICIPAL
PA,TAX3573,42-119-1215634-EIT-605003,"New Berlin, BORO of - EIT",SCHOOL
PA,TAX5503,42-039-1216314-EIT-201033,"Sadsbury, TWP of - EIT (201033)",MUNICIPAL
PA,TAX5503,42-039-1216314-EIT-201033,"Sadsbury, TWP of - EIT (201033)",SCHOOL
PA,TAX2765,42-115-1217090-LST-584603,"Lathrop, TWP of - LST",MUNICIPAL
PA,TAX2765,42-115-1217090-LST-584603,"Lathrop, TWP of - LST",SCHOOL
PA,TAX88,42-095-1216896-EIT-484903,"Allen, TWP of - EIT",MUNICIPAL
PA,TAX88,42-095-1216896-EIT-484903,"Allen, TWP of - EIT",SCHOOL
PA,TAX1911,42-043-1215162-EIT-222752,"Harrisburg, City of - EIT",MUNICIPAL
PA,TAX1911,42-043-1215162-EIT-222752,"Harrisburg, City of - EIT",SCHOOL
PA,TAX5131,42-065-1216567-EIT-330803,"Pine Creek, TWP of - EIT (330803)",MUNICIPAL
PA,TAX5131,42-065-1216567-EIT-330803,"Pine Creek, TWP of - EIT (330803)",SCHOOL
PA,TAX491,42-061-1215266-LST-058003,"Broad Top City, BORO of - LST",MUNICIPAL
PA,TAX491,42-061-1215266-LST-058003,"Broad Top City, BORO of - LST",SCHOOL
PA,TAX2869,42-021-1215026-LST-116003,"Lilly, BORO of - LST",MUNICIPAL
PA,TAX2869,42-021-1215026-LST-116003,"Lilly, BORO of - LST",SCHOOL
PA,TAX1558,42-021-1215020-LST-112003,"Ferndale, BORO of - LST",MUNICIPAL
PA,TAX1558,42-021-1215020-LST-112003,"Ferndale, BORO of - LST",SCHOOL
PA,TAX4909,42-081-1216766-LST-417202,"Old Lycoming, TWP of - LST",MUNICIPAL
PA,TAX4909,42-081-1216766-LST-417202,"Old Lycoming, TWP of - LST",SCHOOL
PA,TAX5635,42-097-1216928-EIT-496503,"Shamokin, TWP of - EIT",MUNICIPAL
PA,TAX5635,42-097-1216928-EIT-496503,"Shamokin, TWP of - EIT",SCHOOL
PA,TAX5500,42-099-1216948-LST-506003,"Rye, TWP of - LST",MUNICIPAL
PA,TAX5500,42-099-1216948-LST-506003,"Rye, TWP of - LST",SCHOOL
PA,TAX6578,42-021-1216099-LST-111203,"West Carroll, TWP of - LST",MUNICIPAL
PA,TAX6578,42-021-1216099-LST-111203,"West Carroll, TWP of - LST",SCHOOL
PA,TAX5265,42-027-1216135-EIT-147003,"Potter, TWP of - EIT (147003)",MUNICIPAL
PA,TAX5265,42-027-1216135-EIT-147003,"Potter, TWP of - EIT (147003)",SCHOOL
PA,TAX2371,42-105-1216977-LST-530304,"Keating, TWP of - LST (530304)",MUNICIPAL
PA,TAX2371,42-105-1216977-LST-530304,"Keating, TWP of - LST (530304)",SCHOOL
PA,TAX6236,42-027-1216140-LST-141003,"Union, TWP of - LST (141003)",MUNICIPAL
PA,TAX6236,42-027-1216140-LST-141003,"Union, TWP of - LST (141003)",SCHOOL
PA,TAX5248,42-107-1217012-EIT-548803,"Porter, TWP of - EIT (548803)",MUNICIPAL
PA,TAX5248,42-107-1217012-EIT-548803,"Porter, TWP of - EIT (548803)",SCHOOL
PA,TAX1485,42-131-1215731-EIT-665003,"Factoryville, BORO of - EIT",MUNICIPAL
PA,TAX1485,42-131-1215731-EIT-665003,"Factoryville, BORO of - EIT",SCHOOL
PA,TAX6030,42-003-1214828-LST-029902,"Swissvale, BORO of - LST",MUNICIPAL
PA,TAX6030,42-003-1214828-LST-029902,"Swissvale, BORO of - LST",SCHOOL
PA,TAX3246,42-111-1215591-EIT-565203,"Meyersdale, BORO of - EIT",MUNICIPAL
PA,TAX3246,42-111-1215591-EIT-565203,"Meyersdale, BORO of - EIT",SCHOOL
PA,TAX2742,42-017-1214968-EIT-097502,"Langhorne, BORO of - EIT",MUNICIPAL
PA,TAX2742,42-017-1214968-EIT-097502,"Langhorne, BORO of - EIT",SCHOOL
PA,TAX795,42-019-1216048-EIT-101252,"Clearfield, TWP of - EIT (101252)",MUNICIPAL
PA,TAX795,42-019-1216048-EIT-101252,"Clearfield, TWP of - EIT (101252)",SCHOOL
PA,TAX426,42-025-1215043-EIT-136503,"Bowmanstown, BORO of - EIT",MUNICIPAL
PA,TAX426,42-025-1215043-EIT-136503,"Bowmanstown, BORO of - EIT",SCHOOL
PA,TAX991,42-121-1217143-EIT-611303,"Cranberry, TWP of - EIT (611303)",MUNICIPAL
PA,TAX991,42-121-1217143-EIT-611303,"Cranberry, TWP of - EIT (611303)",SCHOOL
PA,TAX1045,42-079-1216707-LST-401603,"Dallas, TWP of - LST",MUNICIPAL
PA,TAX1045,42-079-1216707-LST-401603,"Dallas, TWP of - LST",SCHOOL
PA,TAX3286,42-067-1215309-EIT-343603,"Mifflin, BORO of - EIT",MUNICIPAL
PA,TAX3286,42-067-1215309-EIT-343603,"Mifflin, BORO of - EIT",SCHOOL
PA,TAX1532,42-123-1217164-LST-628302,"Farmington, TWP of - LST (628302)",MUNICIPAL
PA,TAX1532,42-123-1217164-LST-628302,"Farmington, TWP of - LST (628302)",SCHOOL
PA,TAX604,42-063-1216537-EIT-338003,"Canoe, TWP of - EIT (338003)",MUNICIPAL
PA,TAX604,42-063-1216537-EIT-338003,"Canoe, TWP of - EIT (338003)",SCHOOL
PA,TAX1576,42-005-1214849-LST-030852,"Ford City, BORO of - LST",MUNICIPAL
PA,TAX1576,42-005-1214849-LST-030852,"Ford City, BORO of - LST",SCHOOL
PA,TAX1799,42-059-1216491-LST-306503,"Greene, TWP of - LST (306503)",MUNICIPAL
PA,TAX1799,42-059-1216491-LST-306503,"Greene, TWP of - LST (306503)",SCHOOL
PA,TAX5856,42-009-1215907-LST-056004,"South Woodbury, TWP of - LST",MUNICIPAL
PA,TAX5856,42-009-1215907-LST-056004,"South Woodbury, TWP of - LST",SCHOOL
PA,TAX2308,42-019-1216058-LST-107803,"Jefferson, TWP of - LST (107803)",MUNICIPAL
PA,TAX2308,42-019-1216058-LST-107803,"Jefferson, TWP of - LST (107803)",SCHOOL
PA,TAX6911,42-065-1216577-EIT-338003,"Young, TWP of - EIT (338003)",MUNICIPAL
PA,TAX6911,42-065-1216577-EIT-338003,"Young, TWP of - EIT (338003)",SCHOOL
PA,TAX1645,42-007-1215872-LST-045853,"Franklin, TWP of - LST (045853)",MUNICIPAL
PA,TAX1645,42-007-1215872-LST-045853,"Franklin, TWP of - LST (045853)",SCHOOL
PA,TAX3065,42-037-1216285-EIT-191203,"Main, TWP of - EIT",MUNICIPAL
PA,TAX3065,42-037-1216285-EIT-191203,"Main, TWP of - EIT",SCHOOL
PA,TAX6272,42-081-1216774-EIT-415103,"Upper Fairfield, TWP of - EIT",MUNICIPAL
PA,TAX6272,42-081-1216774-EIT-415103,"Upper Fairfield, TWP of - EIT",SCHOOL
PA,TAX3051,42-107-1217006-LST-544503,"Mahanoy, TWP of - LST",MUNICIPAL
PA,TAX3051,42-107-1217006-LST-544503,"Mahanoy, TWP of - LST",SCHOOL
PA,TAX322,42-037-1216274-LST-191004,"Benton, TWP of - LST (191004)",MUNICIPAL
PA,TAX322,42-037-1216274-LST-191004,"Benton, TWP of - LST (191004)",SCHOOL
PA,TAX6281,42-091-1216877-LST-468603,"Upper Hanover, TWP of - LST",MUNICIPAL
PA,TAX6281,42-091-1216877-LST-468603,"Upper Hanover, TWP of - LST",SCHOOL
PA,TAX1171,42-023-1215040-LST-122703,"Driftwood, BORO of - LST",MUNICIPAL
PA,TAX1171,42-023-1215040-LST-122703,"Driftwood, BORO of - LST",SCHOOL
PA,TAX5921,42-067-1216586-EIT-343603,"Spruce Hill, TWP of - EIT",MUNICIPAL
PA,TAX5921,42-067-1216586-EIT-343603,"Spruce Hill, TWP of - EIT",SCHOOL
PA,TAX1973,42-133-1217291-LST-672203,"Hellam, TWP of - LST",MUNICIPAL
PA,TAX1973,42-133-1217291-LST-672203,"Hellam, TWP of - LST",SCHOOL
PA,TAX116,42-011-1215914-EIT-061503,"Amity, TWP of - EIT (061503)",MUNICIPAL
PA,TAX116,42-011-1215914-EIT-061503,"Amity, TWP of - EIT (061503)",SCHOOL
PA,TAX6402,42-029-1216182-LST-152003,"Wallace, TWP of - LST",MUNICIPAL
PA,TAX6402,42-029-1216182-LST-152003,"Wallace, TWP of - LST",SCHOOL
PA,TAX1661,42-003-1215806-EIT-022253,"Frazer, TWP of - EIT",MUNICIPAL
PA,TAX1661,42-003-1215806-EIT-022253,"Frazer, TWP of - EIT",SCHOOL
PA,TAX5169,42-123-1217171-LST-628302,"Pittsfield, TWP of - LST",MUNICIPAL
PA,TAX5169,42-123-1217171-LST-628302,"Pittsfield, TWP of - LST",SCHOOL
PA,TAX497,42-123-1217158-LST-628302,"Brokenstraw, TWP of - LST",MUNICIPAL
PA,TAX497,42-123-1217158-LST-628302,"Brokenstraw, TWP of - LST",SCHOOL
PA,TAX1185,42-061-1215269-LST-058003,"Dudley, BORO of - LST",MUNICIPAL
PA,TAX1185,42-061-1215269-LST-058003,"Dudley, BORO of - LST",SCHOOL
PA,TAX312,42-017-1216010-EIT-091002,"Bensalem, TWP of - EIT",MUNICIPAL
PA,TAX312,42-017-1216010-EIT-091002,"Bensalem, TWP of - EIT",SCHOOL
PA,TAX453,42-033-1216228-LST-172003,"Brady, TWP of - LST (172003)",MUNICIPAL
PA,TAX453,42-033-1216228-LST-172003,"Brady, TWP of - LST (172003)",SCHOOL
PA,TAX6289,42-107-1217020-LST-547803,"Upper Mahantango, TWP of-LST",MUNICIPAL
PA,TAX6289,42-107-1217020-LST-547803,"Upper Mahantango, TWP of-LST",SCHOOL
PA,TAX6014,42-081-1216773-EIT-416103,"Susquehanna, TWP of - EIT (416103)",MUNICIPAL
PA,TAX6014,42-081-1216773-EIT-416103,"Susquehanna, TWP of - EIT (416103)",SCHOOL
PA,TAX6193,42-001-1215795-EIT-018523,"Tyrone, TWP of - EIT (018523)",MUNICIPAL
PA,TAX6193,42-001-1215795-EIT-018523,"Tyrone, TWP of - EIT (018523)",SCHOOL
PA,TAX4969,42-029-1215074-EIT-156703,"Oxford, BORO of - EIT",MUNICIPAL
PA,TAX4969,42-029-1215074-EIT-156703,"Oxford, BORO of - EIT",SCHOOL
PA,TAX2717,42-079-1215396-LST-408852,"Laflin, BORO of - LST",MUNICIPAL
PA,TAX2717,42-079-1215396-LST-408852,"Laflin, BORO of - LST",SCHOOL
PA,TAX5577,42-029-1216175-EIT-157203,"Schuylkill, TWP of - EIT (157203)",MUNICIPAL
PA,TAX5577,42-029-1216175-EIT-157203,"Schuylkill, TWP of - EIT (157203)",SCHOOL
PA,TAX6775,42-043-1216375-EIT-548803,"Williams, TWP of - EIT (548803)",MUNICIPAL
PA,TAX6775,42-043-1216375-EIT-548803,"Williams, TWP of - EIT (548803)",SCHOOL
PA,TAX3394,42-059-1216494-LST-306503,"Monongahela, TWP of - LST",MUNICIPAL
PA,TAX3394,42-059-1216494-LST-306503,"Monongahela, TWP of - LST",SCHOOL
PA,TAX168,42-003-1214763-LST-023912,"Aspinwall, BORO of - LST",MUNICIPAL
PA,TAX168,42-003-1214763-LST-023912,"Aspinwall, BORO of - LST",SCHOOL
PA,TAX6443,42-005-1215863-EIT-030852,"Washington, TWP of - EIT (030852)",MUNICIPAL
PA,TAX6443,42-005-1215863-EIT-030852,"Washington, TWP of - EIT (030852)",SCHOOL
PA,TAX5656,42-107-1215570-LST-547203,"Shenandoah, BORO of - LST",MUNICIPAL
PA,TAX5656,42-107-1215570-LST-547203,"Shenandoah, BORO of - LST",SCHOOL
PA,TAX1331,42-007-1214869-LST-046903,"East Rochester, BORO of - LST",MUNICIPAL
PA,TAX1331,42-007-1214869-LST-046903,"East Rochester, BORO of - LST",SCHOOL
PA,TAX6266,42-045-1216395-EIT-231303,"Upper Chichester, TWP of-EIT",MUNICIPAL
PA,TAX6266,42-045-1216395-EIT-231303,"Upper Chichester, TWP of-EIT",SCHOOL
PA,TAX5116,42-081-1216768-EIT-414003,"Piatt, TWP of - EIT",MUNICIPAL
PA,TAX5116,42-081-1216768-EIT-414003,"Piatt, TWP of - EIT",SCHOOL
PA,TAX6571,42-015-1216004-EIT-086653,"West Burlington, TWP of - EIT",MUNICIPAL
PA,TAX6571,42-015-1216004-EIT-086653,"West Burlington, TWP of - EIT",SCHOOL
PA,TAX908,42-123-1217174-LST-628302,"Conewango, TWP of - LST",MUNICIPAL
PA,TAX908,42-123-1217174-LST-628302,"Conewango, TWP of - LST",SCHOOL
PA,TAX3661,42-017-1214973-EIT-092353,"Newtown, BORO of - EIT",MUNICIPAL
PA,TAX3661,42-017-1214973-EIT-092353,"Newtown, BORO of - EIT",SCHOOL
PA,TAX3677,42-131-1215734-EIT-665003,"Nicholson, BORO of - EIT",MUNICIPAL
PA,TAX3677,42-131-1215734-EIT-665003,"Nicholson, BORO of - EIT",SCHOOL
PA,TAX42,42-077-1215371-EIT-392303,"Alburtis, BORO of - EIT",MUNICIPAL
PA,TAX42,42-077-1215371-EIT-392303,"Alburtis, BORO of - EIT",SCHOOL
PA,TAX3297,42-081-1216760-LST-414003,"Mifflin, TWP of - LST (414003)",MUNICIPAL
PA,TAX3297,42-081-1216760-LST-414003,"Mifflin, TWP of - LST (414003)",SCHOOL
PA,TAX672,42-019-1216045-EIT-101252,"Center, TWP of - EIT (101252)",MUNICIPAL
PA,TAX672,42-019-1216045-EIT-101252,"Center, TWP of - EIT (101252)",SCHOOL
PA,TAX5867,42-029-1215078-EIT-467303,"Spring City, BORO of - EIT",MUNICIPAL
PA,TAX5867,42-029-1215078-EIT-467303,"Spring City, BORO of - EIT",SCHOOL
PA,TAX3746,42-021-2086609-EIT-114503,"Northern Cambria, BORO of-EIT",MUNICIPAL
PA,TAX3746,42-021-2086609-EIT-114503,"Northern Cambria, BORO of-EIT",SCHOOL
PA,TAX2041,42-029-1215070-LST-068103,"Honey Brook, BORO of - LST",MUNICIPAL
PA,TAX2041,42-029-1215070-LST-068103,"Honey Brook, BORO of - LST",SCHOOL
PA,TAX6181,42-067-1216589-EIT-343603,"Tuscarora, TWP of - EIT (343603)",MUNICIPAL
PA,TAX6181,42-067-1216589-EIT-343603,"Tuscarora, TWP of - EIT (343603)",SCHOOL
PA,TAX2945,42-097-1216921-LST-493503,"Lower Augusta, TWP of - LST",MUNICIPAL
PA,TAX2945,42-097-1216921-LST-493503,"Lower Augusta, TWP of - LST",SCHOOL
PA,TAX1951,42-065-1216561-EIT-330803,"Heath, TWP of - EIT",MUNICIPAL
PA,TAX1951,42-065-1216561-EIT-330803,"Heath, TWP of - EIT",SCHOOL
PA,TAX6418,42-123-1210083-LST-628302,Warren - LST,MUNICIPAL
PA,TAX6418,42-123-1210083-LST-628302,Warren - LST,SCHOOL
PA,TAX5404,42-031-1215088-LST-169003,"Rimersburg, BORO of - LST",MUNICIPAL
PA,TAX5404,42-031-1215088-LST-169003,"Rimersburg, BORO of - LST",SCHOOL
PA,TAX2980,42-029-1216167-EIT-156703,"Lower Oxford, TWP of - EIT",MUNICIPAL
PA,TAX2980,42-029-1216167-EIT-156703,"Lower Oxford, TWP of - EIT",SCHOOL
PA,TAX3424,42-091-1216866-LST-465702,"Montgomery, TWP of - LST (465702)",MUNICIPAL
PA,TAX3424,42-091-1216866-LST-465702,"Montgomery, TWP of - LST (465702)",SCHOOL
PA,TAX2047,42-111-1215588-LST-565503,"Hooversville, BORO of - LST",MUNICIPAL
PA,TAX2047,42-111-1215588-LST-565503,"Hooversville, BORO of - LST",SCHOOL
PA,TAX5202,42-063-1215293-EIT-325203,"Plumville, BORO of - EIT",MUNICIPAL
PA,TAX5202,42-063-1215293-EIT-325203,"Plumville, BORO of - EIT",SCHOOL
PA,TAX1849,42-055-1216462-EIT-281302,"Guilford, TWP of - EIT (281302)",MUNICIPAL
PA,TAX1849,42-055-1216462-EIT-281302,"Guilford, TWP of - EIT (281302)",SCHOOL
PA,TAX1965,42-075-1216674-EIT-382303,"Heidelberg, TWP of - EIT (382303)",MUNICIPAL
PA,TAX1965,42-075-1216674-EIT-382303,"Heidelberg, TWP of - EIT (382303)",SCHOOL
PA,TAX5269,42-091-1215478-LST-466403,"Pottstown, BORO of - LST",MUNICIPAL
PA,TAX5269,42-091-1215478-LST-466403,"Pottstown, BORO of - LST",SCHOOL
PA,TAX644,42-107-1216995-EIT-544703,"Cass, TWP of - EIT (544703)",MUNICIPAL
PA,TAX644,42-107-1216995-EIT-544703,"Cass, TWP of - EIT (544703)",SCHOOL
PA,TAX5725,42-015-1215992-EIT-080503,"Smithfield, TWP of - EIT (080503)",MUNICIPAL
PA,TAX5725,42-015-1215992-EIT-080503,"Smithfield, TWP of - EIT (080503)",SCHOOL
PA,TAX4978,42-031-1216213-EIT-161203,"Paint, TWP of - EIT (161203)",MUNICIPAL
PA,TAX4978,42-031-1216213-EIT-161203,"Paint, TWP of - EIT (161203)",SCHOOL
PA,TAX394,42-099-1215523-EIT-508003,"Bloomfield, BORO of - EIT",MUNICIPAL
PA,TAX394,42-099-1215523-EIT-508003,"Bloomfield, BORO of - EIT",SCHOOL
PA,TAX1483,42-129-1215699-EIT-652603,"Export, BORO of - EIT",MUNICIPAL
PA,TAX1483,42-129-1215699-EIT-652603,"Export, BORO of - EIT",SCHOOL
PA,TAX6699,42-039-1216328-EIT-433604,"West Shenango, TWP of - EIT",MUNICIPAL
PA,TAX6699,42-039-1216328-EIT-433604,"West Shenango, TWP of - EIT",SCHOOL
PA,TAX5226,42-021-1215031-EIT-116303,"Portage, BORO of - EIT",MUNICIPAL
PA,TAX5226,42-021-1215031-EIT-116303,"Portage, BORO of - EIT",SCHOOL
PA,TAX701,42-003-1214780-EIT-029902,"Chalfant, BORO of - EIT",MUNICIPAL
PA,TAX701,42-003-1214780-EIT-029902,"Chalfant, BORO of - EIT",SCHOOL
PA,TAX2393,42-079-1215395-LST-409302,"Kingston, BORO of - LST",MUNICIPAL
PA,TAX2393,42-079-1215395-LST-409302,"Kingston, BORO of - LST",SCHOOL
PA,TAX2333,42-115-1217089-LST-584503,"Jessup, TWP of - LST",MUNICIPAL
PA,TAX2333,42-115-1217089-LST-584503,"Jessup, TWP of - LST",SCHOOL
PA,TAX6538,42-111-1215601-LST-565203,"Wellersburg, BORO of - LST",MUNICIPAL
PA,TAX6538,42-111-1215601-LST-565203,"Wellersburg, BORO of - LST",SCHOOL
PA,TAX1861,42-043-1216356-EIT-222504,"Halifax, TWP of - EIT",MUNICIPAL
PA,TAX1861,42-043-1216356-EIT-222504,"Halifax, TWP of - EIT",SCHOOL
PA,TAX3266,42-019-1214998-LST-105003,"Middlesex, TWP of - LST (105003)",MUNICIPAL
PA,TAX3266,42-019-1214998-LST-105003,"Middlesex, TWP of - LST (105003)",SCHOOL
PA,TAX1685,42-121-1217144-LST-612203,"Frenchcreek, TWP of - LST",MUNICIPAL
PA,TAX1685,42-121-1217144-LST-612203,"Frenchcreek, TWP of - LST",SCHOOL
PA,TAX5781,42-127-1217229-LST-648903,"South Canaan, TWP of - LST",MUNICIPAL
PA,TAX5781,42-127-1217229-LST-648903,"South Canaan, TWP of - LST",SCHOOL
PA,TAX730,42-063-1216539-LST-326303,"Cherryhill, TWP of - LST",MUNICIPAL
PA,TAX730,42-063-1216539-LST-326303,"Cherryhill, TWP of - LST",SCHOOL
PA,TAX5191,42-121-1215640-EIT-617203,"Pleasantville, BORO of - EIT (617203)",MUNICIPAL
PA,TAX5191,42-121-1215640-EIT-617203,"Pleasantville, BORO of - EIT (617203)",SCHOOL
PA,TAX6035,42-015-1214958-EIT-086653,"Sylvania, BORO of - EIT",MUNICIPAL
PA,TAX6035,42-015-1214958-EIT-086653,"Sylvania, BORO of - EIT",SCHOOL
PA,TAX5827,42-003-1215832-EIT-028753,"South Park, TWP of - EIT",MUNICIPAL
PA,TAX5827,42-003-1215832-EIT-028753,"South Park, TWP of - EIT",SCHOOL
PA,TAX267,42-109-1217028-LST-555003,"Beaver, TWP of - LST (555003)",MUNICIPAL
PA,TAX267,42-109-1217028-LST-555003,"Beaver, TWP of - LST (555003)",SCHOOL
PA,TAX2378,42-029-1215071-EIT-154003,"Kennett Square, BORO of - EIT",MUNICIPAL
PA,TAX2378,42-029-1215071-EIT-154003,"Kennett Square, BORO of - EIT",SCHOOL
PA,TAX1099,42-117-1217106-EIT-598503,"Delmar, TWP of - EIT",MUNICIPAL
PA,TAX1099,42-117-1217106-EIT-598503,"Delmar, TWP of - EIT",SCHOOL
PA,TAX2404,42-005-1215848-EIT-030852,"Kittanning, TWP of - EIT",MUNICIPAL
PA,TAX2404,42-005-1215848-EIT-030852,"Kittanning, TWP of - EIT",SCHOOL
PA,TAX5816,42-063-1216549-LST-325203,"South Mahoning, TWP of - LST",MUNICIPAL
PA,TAX5816,42-063-1216549-LST-325203,"South Mahoning, TWP of - LST",SCHOOL
PA,TAX3804,42-125-1217202-EIT-637002,"Nottingham, TWP of - EIT",MUNICIPAL
PA,TAX3804,42-125-1217202-EIT-637002,"Nottingham, TWP of - EIT",SCHOOL
PA,TAX1608,42-003-2086659-LST-023912,"Fox Chapel, BORO of - LST",MUNICIPAL
PA,TAX1608,42-003-2086659-LST-023912,"Fox Chapel, BORO of - LST",SCHOOL
PA,TAX5194,42-003-1217440-EIT-027503,"Plum, BORO of - EIT",MUNICIPAL
PA,TAX5194,42-003-1217440-EIT-027503,"Plum, BORO of - EIT",SCHOOL
PA,TAX2033,42-105-1216976-LST-531304,"Homer, TWP of - LST",MUNICIPAL
PA,TAX2033,42-105-1216976-LST-531304,"Homer, TWP of - LST",SCHOOL
PA,TAX6484,42-051-1216449-LST-650603,"Washington, TWP of - LST (650603)",MUNICIPAL
PA,TAX6484,42-051-1216449-LST-650603,"Washington, TWP of - LST (650603)",SCHOOL
PA,TAX859,42-125-1215660-EIT-630903,"Cokeburg, BORO of - EIT",MUNICIPAL
PA,TAX859,42-125-1215660-EIT-630903,"Cokeburg, BORO of - EIT",SCHOOL
PA,TAX6704,42-021-1216100-LST-112502,"West Taylor, TWP of - LST",MUNICIPAL
PA,TAX6704,42-021-1216100-LST-112502,"West Taylor, TWP of - LST",SCHOOL
PA,TAX5260,42-067-1215311-EIT-343603,"Port Royal, BORO of - EIT",MUNICIPAL
PA,TAX5260,42-067-1215311-EIT-343603,"Port Royal, BORO of - EIT",SCHOOL
PA,TAX733,42-121-1217140-EIT-617203,"Cherrytree, TWP of - EIT",MUNICIPAL
PA,TAX733,42-121-1217140-EIT-617203,"Cherrytree, TWP of - EIT",SCHOOL
PA,TAX1009,42-061-1216506-LST-317503,"Cromwell, TWP of - LST",MUNICIPAL
PA,TAX1009,42-061-1216506-LST-317503,"Cromwell, TWP of - LST",SCHOOL
PA,TAX3758,42-129-1215717-EIT-656502,"North Irwin, BORO of - EIT",MUNICIPAL
PA,TAX3758,42-129-1215717-EIT-656502,"North Irwin, BORO of - EIT",SCHOOL
PA,TAX1281,42-071-1216625-LST-363103,"East Hempfield, TWP of - LST",MUNICIPAL
PA,TAX1281,42-071-1216625-LST-363103,"East Hempfield, TWP of - LST",SCHOOL
PA,TAX248,42-123-1215645-EIT-628302,"Bear Lake, BORO of - EIT",MUNICIPAL
PA,TAX248,42-123-1215645-EIT-628302,"Bear Lake, BORO of - EIT",SCHOOL
PA,TAX6705,42-029-1216196-EIT-159002,"Westtown, TWP of - EIT",MUNICIPAL
PA,TAX6705,42-029-1216196-EIT-159002,"Westtown, TWP of - EIT",SCHOOL
PA,TAX5086,42-011-1215941-EIT-063503,"Perry, TWP of - EIT (063503)",MUNICIPAL
PA,TAX5086,42-011-1215941-EIT-063503,"Perry, TWP of - EIT (063503)",SCHOOL
PA,TAX2360,42-061-1216522-LST-312503,"Juniata, TWP of - LST (312503)",MUNICIPAL
PA,TAX2360,42-061-1216522-LST-312503,"Juniata, TWP of - LST (312503)",SCHOOL
PA,TAX2103,42-079-1216719-LST-406003,"Huntington, TWP of - LST (406003)",MUNICIPAL
PA,TAX2103,42-079-1216719-LST-406003,"Huntington, TWP of - LST (406003)",SCHOOL
PA,TAX5134,42-065-1216567-LST-330803,"Pine Creek, TWP of - LST (330803)",MUNICIPAL
PA,TAX5134,42-065-1216567-LST-330803,"Pine Creek, TWP of - LST (330803)",SCHOOL
PA,TAX3799,42-107-1217010-LST-546103,"Norwegian, TWP of - LST",MUNICIPAL
PA,TAX3799,42-107-1217010-LST-546103,"Norwegian, TWP of - LST",SCHOOL
PA,TAX5203,42-063-1215293-LST-325203,"Plumville, BORO of - LST",MUNICIPAL
PA,TAX5203,42-063-1215293-LST-325203,"Plumville, BORO of - LST",SCHOOL
PA,TAX879,42-071-1215334-EIT-361503,"Columbia, BORO of - EIT",MUNICIPAL
PA,TAX879,42-071-1215334-EIT-361503,"Columbia, BORO of - EIT",SCHOOL
PA,TAX5960,42-001-1215794-LST-013753,"Straban, TWP of - LST (013753)",MUNICIPAL
PA,TAX5960,42-001-1215794-LST-013753,"Straban, TWP of - LST (013753)",SCHOOL
PA,TAX5048,42-029-1216172-EIT-158503,"Pennsbury, TWP of - EIT",MUNICIPAL
PA,TAX5048,42-029-1216172-EIT-158503,"Pennsbury, TWP of - EIT",SCHOOL
PA,TAX5748,42-065-1216572-LST-330703,"Snyder, TWP of - LST (330703)",MUNICIPAL
PA,TAX5748,42-065-1216572-LST-330703,"Snyder, TWP of - LST (330703)",SCHOOL
PA,TAX2855,42-027-1216130-LST-183602,"Liberty, TWP of - LST (183602)",MUNICIPAL
PA,TAX2855,42-027-1216130-LST-183602,"Liberty, TWP of - LST (183602)",SCHOOL
PA,TAX726,42-091-1216851-LST-461302,"Cheltenham, TWP of - LST",MUNICIPAL
PA,TAX726,42-091-1216851-LST-461302,"Cheltenham, TWP of - LST",SCHOOL
PA,TAX5507,42-039-1215139-EIT-204703,"Saegertown, BORO of - EIT",MUNICIPAL
PA,TAX5507,42-039-1215139-EIT-204703,"Saegertown, BORO of - EIT",SCHOOL
PA,TAX560,42-095-1216898-EIT-484803,"Bushkill, TWP of - EIT",MUNICIPAL
PA,TAX560,42-095-1216898-EIT-484803,"Bushkill, TWP of - EIT",SCHOOL
PA,TAX2770,42-011-1214918-EIT-065503,"Laureldale, BORO of - EIT",MUNICIPAL
PA,TAX2770,42-011-1214918-EIT-065503,"Laureldale, BORO of - EIT",SCHOOL
PA,TAX374,42-021-1216074-EIT-110603,"Blacklick, TWP of - EIT",MUNICIPAL
PA,TAX374,42-021-1216074-EIT-110603,"Blacklick, TWP of - EIT",SCHOOL
PA,TAX200,42-057-1216474-LST-291304,"Ayr, TWP of - LST",MUNICIPAL
PA,TAX200,42-057-1216474-LST-291304,"Ayr, TWP of - LST",SCHOOL
PA,TAX3576,42-133-1217299-EIT-674403,"Newberry, TWP of - EIT (674403)",MUNICIPAL
PA,TAX3576,42-133-1217299-EIT-674403,"Newberry, TWP of - EIT (674403)",SCHOOL
PA,TAX2165,42-003-1214803-LST-026303,"Ingram, BORO of - LST",MUNICIPAL
PA,TAX2165,42-003-1214803-LST-026303,"Ingram, BORO of - LST",SCHOOL
PA,TAX506,42-111-1217045-EIT-561003,"Brothersvalley, TWP of - EIT",MUNICIPAL
PA,TAX506,42-111-1217045-EIT-561003,"Brothersvalley, TWP of - EIT",SCHOOL
PA,TAX2976,42-095-1216903-LST-480803,"Lower Mount Bethel, TWP of-LST (480803)",MUNICIPAL
PA,TAX2976,42-095-1216903-LST-480803,"Lower Mount Bethel, TWP of-LST (480803)",SCHOOL
PA,TAX6569,42-119-1217136-EIT-605003,"West Buffalo, TWP of - EIT",MUNICIPAL
PA,TAX6569,42-119-1217136-EIT-605003,"West Buffalo, TWP of - EIT",SCHOOL
PA,TAX3244,42-055-1216466-LST-282004,Metal Township - LST,MUNICIPAL
PA,TAX3244,42-055-1216466-LST-282004,Metal Township - LST,SCHOOL
PA,TAX2050,42-009-1214898-EIT-056004,"Hopewell, BORO of - EIT",MUNICIPAL
PA,TAX2050,42-009-1214898-EIT-056004,"Hopewell, BORO of - EIT",SCHOOL
PA,TAX5210,42-079-1216729-LST-402603,"Plymouth, TWP of - LST (402603)",MUNICIPAL
PA,TAX5210,42-079-1216729-LST-402603,"Plymouth, TWP of - LST (402603)",SCHOOL
PA,TAX724,42-117-1217102-LST-596003,"Chatham, TWP of - LST",MUNICIPAL
PA,TAX724,42-117-1217102-LST-596003,"Chatham, TWP of - LST",SCHOOL
PA,TAX3837,42-003-1214814-LST-028203,"Oakmont, BORO of - LST",MUNICIPAL
PA,TAX3837,42-003-1214814-LST-028203,"Oakmont, BORO of - LST",SCHOOL
PA,TAX341,42-011-1215916-EIT-068003,"Bethel, TWP of - EIT (068003)",MUNICIPAL
PA,TAX341,42-011-1215916-EIT-068003,"Bethel, TWP of - EIT (068003)",SCHOOL
PA,TAX468,42-037-2086573-EIT-191103,"Briar Creek, BORO of - EIT",MUNICIPAL
PA,TAX468,42-037-2086573-EIT-191103,"Briar Creek, BORO of - EIT",SCHOOL
PA,TAX5034,42-043-1215168-EIT-221402,"Penbrook, BORO of - EIT",MUNICIPAL
PA,TAX5034,42-043-1215168-EIT-221402,"Penbrook, BORO of - EIT",SCHOOL
PA,TAX71,42-021-1216072-EIT-116003,"Allegheny, TWP of - EIT (116003)",MUNICIPAL
PA,TAX71,42-021-1216072-EIT-116003,"Allegheny, TWP of - EIT (116003)",SCHOOL
PA,TAX162,42-031-1216200-LST-166503,"Ashland, TWP of - LST",MUNICIPAL
PA,TAX162,42-031-1216200-LST-166503,"Ashland, TWP of - LST",SCHOOL
PA,TAX1646,42-061-1216508-LST-078003,"Franklin, TWP of - LST (078003)",MUNICIPAL
PA,TAX1646,42-061-1216508-LST-078003,"Franklin, TWP of - LST (078003)",SCHOOL
PA,TAX213,42-011-1214908-LST-060753,"Bally, BORO of - LST",MUNICIPAL
PA,TAX213,42-011-1214908-LST-060753,"Bally, BORO of - LST",SCHOOL
PA,TAX5632,42-097-1215517-LST-496503,"Shamokin, City of - LST",MUNICIPAL
PA,TAX5632,42-097-1215517-LST-496503,"Shamokin, City of - LST",SCHOOL
PA,TAX853,42-081-1216745-EIT-597003,"Cogan House, TWP of - EIT",MUNICIPAL
PA,TAX853,42-081-1216745-EIT-597003,"Cogan House, TWP of - EIT",SCHOOL
PA,TAX1048,42-093-1215487-EIT-471803,"Danville, BORO of - EIT",MUNICIPAL
PA,TAX1048,42-093-1215487-EIT-471803,"Danville, BORO of - EIT",SCHOOL
PA,TAX2338,42-021-1215025-EIT-112502,"Johnstown, City of - EIT",MUNICIPAL
PA,TAX2338,42-021-1215025-EIT-112502,"Johnstown, City of - EIT",SCHOOL
PA,TAX3396,42-015-1214953-LST-086503,"Monroe, BORO of - LST",MUNICIPAL
PA,TAX3396,42-015-1214953-LST-086503,"Monroe, BORO of - LST",SCHOOL
PA,TAX3550,42-117-1217118-LST-596003,"Nelson, TWP of - LST",MUNICIPAL
PA,TAX3550,42-117-1217118-LST-596003,"Nelson, TWP of - LST",SCHOOL
PA,TAX4983,42-111-1217059-LST-569103,"Paint, TWP of - LST (569103)",MUNICIPAL
PA,TAX4983,42-111-1217059-LST-569103,"Paint, TWP of - LST (569103)",SCHOOL
PA,TAX2312,42-069-1216600-LST-356503,"Jefferson, TWP of - LST (356503)",MUNICIPAL
PA,TAX2312,42-069-1216600-LST-356503,"Jefferson, TWP of - LST (356503)",SCHOOL
PA,TAX1533,42-085-1215437-EIT-432503,"Farrell, City of - EIT",MUNICIPAL
PA,TAX1533,42-085-1215437-EIT-432503,"Farrell, City of - EIT",SCHOOL
PA,TAX5575,42-107-1215569-EIT-547303,"Schuylkill Haven, BORO of-EIT",MUNICIPAL
PA,TAX5575,42-107-1215569-EIT-547303,"Schuylkill Haven, BORO of-EIT",SCHOOL
PA,TAX3433,42-095-1216906-EIT-484903,"Moore, TWP of - EIT",MUNICIPAL
PA,TAX3433,42-095-1216906-EIT-484903,"Moore, TWP of - EIT",SCHOOL
PA,TAX3089,42-071-1216635-EIT-365203,"Manor, TWP of - EIT (365203)",MUNICIPAL
PA,TAX3089,42-071-1216635-EIT-365203,"Manor, TWP of - EIT (365203)",SCHOOL
PA,TAX498,42-117-1217100-EIT-596003,"Brookfield, TWP of - EIT",MUNICIPAL
PA,TAX498,42-117-1217100-EIT-596003,"Brookfield, TWP of - EIT",SCHOOL
PA,TAX5933,42-015-1215996-EIT-089003,"Stevens, TWP of - EIT",MUNICIPAL
PA,TAX5933,42-015-1215996-EIT-089003,"Stevens, TWP of - EIT",SCHOOL
PA,TAX5156,42-039-1216310-LST-201033,"Pine, TWP of - LST (201033)",MUNICIPAL
PA,TAX5156,42-039-1216310-LST-201033,"Pine, TWP of - LST (201033)",SCHOOL
PA,TAX1336,42-025-1215044-EIT-139004,"East Side, BORO of - EIT",MUNICIPAL
PA,TAX1336,42-025-1215044-EIT-139004,"East Side, BORO of - EIT",SCHOOL
PA,TAX6165,42-131-1217277-EIT-667503,"Tunkhannock, TWP of - EIT (667503)",MUNICIPAL
PA,TAX6165,42-131-1217277-EIT-667503,"Tunkhannock, TWP of - EIT (667503)",SCHOOL
PA,TAX5301,42-017-1214976-EIT-098403,"Quakertown, BORO of - EIT",MUNICIPAL
PA,TAX5301,42-017-1214976-EIT-098403,"Quakertown, BORO of - EIT",SCHOOL
PA,TAX6816,42-085-1215453-EIT-432903,"Wolf Creek, TWP of - EIT",MUNICIPAL
PA,TAX6816,42-085-1215453-EIT-432903,"Wolf Creek, TWP of - EIT",SCHOOL
PA,TAX1738,42-049-1215212-LST-254053,"Girard, BORO of - LST",MUNICIPAL
PA,TAX1738,42-049-1215212-LST-254053,"Girard, BORO of - LST",SCHOOL
PA,TAX6918,42-019-1215007-LST-107903,"Zelienople, BORO of - LST",MUNICIPAL
PA,TAX6918,42-019-1215007-LST-107903,"Zelienople, BORO of - LST",SCHOOL
PA,TAX3807,42-131-1217275-LST-403903,"Noxen, TWP of - LST",MUNICIPAL
PA,TAX3807,42-131-1217275-LST-403903,"Noxen, TWP of - LST",SCHOOL
PA,TAX6151,42-015-1214960-LST-086653,"Troy, BORO of - LST",MUNICIPAL
PA,TAX6151,42-015-1214960-LST-086653,"Troy, BORO of - LST",SCHOOL
PA,TAX5228,42-021-1216091-EIT-116303,"Portage, TWP of - EIT (116303)",MUNICIPAL
PA,TAX5228,42-021-1216091-EIT-116303,"Portage, TWP of - EIT (116303)",SCHOOL
PA,TAX2767,42-001-1215787-LST-011103,"Latimore, TWP of - LST",MUNICIPAL
PA,TAX2767,42-001-1215787-LST-011103,"Latimore, TWP of - LST",SCHOOL
PA,TAX6612,42-125-1217211-LST-633903,"West Finley, TWP of - LST",MUNICIPAL
PA,TAX6612,42-125-1217211-LST-633903,"West Finley, TWP of - LST",SCHOOL
PA,TAX3009,42-129-1217241-LST-321103,"Loyalhanna, TWP of - LST",MUNICIPAL
PA,TAX3009,42-129-1217241-LST-321103,"Loyalhanna, TWP of - LST",SCHOOL
PA,TAX1826,42-111-1217049-LST-565203,"Greenville, TWP of - LST",MUNICIPAL
PA,TAX1826,42-111-1217049-LST-565203,"Greenville, TWP of - LST",SCHOOL
PA,TAX5626,42-061-1215279-LST-317503,"Shade Gap, BORO of - LST",MUNICIPAL
PA,TAX5626,42-061-1215279-LST-317503,"Shade Gap, BORO of - LST",SCHOOL
PA,TAX5291,42-007-1214889-EIT-045653,"Pulaski, TWP of - EIT (045653)",MUNICIPAL
PA,TAX5291,42-007-1214889-EIT-045653,"Pulaski, TWP of - EIT (045653)",SCHOOL
PA,TAX999,42-063-1215286-LST-325203,"Creekside, BORO of - LST",MUNICIPAL
PA,TAX999,42-063-1215286-LST-325203,"Creekside, BORO of - LST",SCHOOL
PA,TAX3035,42-005-1215849-EIT-168003,"Madison, TWP of - EIT (168003)",MUNICIPAL
PA,TAX3035,42-005-1215849-EIT-168003,"Madison, TWP of - EIT (168003)",SCHOOL
PA,TAX1815,42-129-1215700-LST-653203,"Greensburg, City of - LST (653203)",MUNICIPAL
PA,TAX1815,42-129-1215700-LST-653203,"Greensburg, City of - LST (653203)",SCHOOL
PA,TAX1924,42-119-1215631-LST-605003,"Hartleton, BORO of - LST",MUNICIPAL
PA,TAX1924,42-119-1215631-LST-605003,"Hartleton, BORO of - LST",SCHOOL
PA,TAX2817,42-041-1215148-LST-219002,"Lemoyne, BORO of - LST",MUNICIPAL
PA,TAX2817,42-041-1215148-LST-219002,"Lemoyne, BORO of - LST",SCHOOL
PA,TAX1021,42-059-1216485-EIT-301303,"Cumberland, TWP of - EIT (301303)",MUNICIPAL
PA,TAX1021,42-059-1216485-EIT-301303,"Cumberland, TWP of - EIT (301303)",SCHOOL
PA,TAX5539,42-071-1216644-LST-365303,"Salisbury, TWP of - LST (365303)",MUNICIPAL
PA,TAX5539,42-071-1216644-LST-365303,"Salisbury, TWP of - LST (365303)",SCHOOL
PA,TAX6349,42-029-1216185-LST-151902,"Valley, TWP of - LST (151902)",MUNICIPAL
PA,TAX6349,42-029-1216185-LST-151902,"Valley, TWP of - LST (151902)",SCHOOL
PA,TAX4971,42-001-1215792-EIT-011603,"Oxford, TWP of - EIT",MUNICIPAL
PA,TAX4971,42-001-1215792-EIT-011603,"Oxford, TWP of - EIT",SCHOOL
PA,TAX1724,42-001-1215782-LST-015203,"Germany, TWP of - LST",MUNICIPAL
PA,TAX1724,42-001-1215782-LST-015203,"Germany, TWP of - LST",SCHOOL
PA,TAX3049,42-107-1215554-LST-544503,"Mahanoy City, BORO of - LST",MUNICIPAL
PA,TAX3049,42-107-1215554-LST-544503,"Mahanoy City, BORO of - LST",SCHOOL
PA,TAX3425,42-081-1215423-EIT-415103,"Montoursville, BORO of - EIT",MUNICIPAL
PA,TAX3425,42-081-1215423-EIT-415103,"Montoursville, BORO of - EIT",SCHOOL
PA,TAX1127,42-041-1216332-EIT-211103,"Dickinson, TWP of - EIT",MUNICIPAL
PA,TAX1127,42-041-1216332-EIT-211103,"Dickinson, TWP of - EIT",SCHOOL
PA,TAX6596,42-071-1216650-LST-361703,"West Earl, TWP of - LST",MUNICIPAL
PA,TAX6596,42-071-1216650-LST-361703,"West Earl, TWP of - LST",SCHOOL
PA,TAX1722,42-051-1216435-LST-268003,"German, TWP of - LST (268003)",MUNICIPAL
PA,TAX1722,42-051-1216435-LST-268003,"German, TWP of - LST (268003)",SCHOOL
PA,TAX6689,42-011-1214935-EIT-069353,"West Reading, BORO of - EIT",MUNICIPAL
PA,TAX6689,42-011-1214935-EIT-069353,"West Reading, BORO of - EIT",SCHOOL
PA,TAX5320,42-033-1215109-EIT-175003,"Ramey, BORO of - EIT",MUNICIPAL
PA,TAX5320,42-033-1215109-EIT-175003,"Ramey, BORO of - EIT",SCHOOL
PA,TAX2237,42-129-1215703-LST-656502,"Irwin, BORO of - LST",MUNICIPAL
PA,TAX2237,42-129-1215703-LST-656502,"Irwin, BORO of - LST",SCHOOL
PA,TAX943,42-089-1216836-EIT-455403,"Coolbaugh, TWP of - EIT",MUNICIPAL
PA,TAX943,42-089-1216836-EIT-455403,"Coolbaugh, TWP of - EIT",SCHOOL
PA,TAX1562,42-085-1216801-LST-435003,"Findley, TWP of - LST",MUNICIPAL
PA,TAX1562,42-085-1216801-LST-435003,"Findley, TWP of - LST",SCHOOL
PA,TAX289,42-051-1215222-LST-650603,"Belle Vernon, BORO of - LST",MUNICIPAL
PA,TAX289,42-051-1215222-LST-650603,"Belle Vernon, BORO of - LST",SCHOOL
PA,TAX3212,42-041-1215149-EIT-216503,"Mechanicsburg, BORO of - EIT",MUNICIPAL
PA,TAX3212,42-041-1215149-EIT-216503,"Mechanicsburg, BORO of - EIT",SCHOOL
PA,TAX2747,42-091-1215473-LST-465702,"Lansdale, BORO of - LST",MUNICIPAL
PA,TAX2747,42-091-1215473-LST-465702,"Lansdale, BORO of - LST",SCHOOL
PA,TAX954,42-093-1216888-LST-471803,"Cooper, TWP of - LST (471803)",MUNICIPAL
PA,TAX954,42-093-1216888-LST-471803,"Cooper, TWP of - LST (471803)",SCHOOL
PA,TAX1909,42-007-1214878-LST-040703,"Harmony, TWP of - LST (040703)",MUNICIPAL
PA,TAX1909,42-007-1214878-LST-040703,"Harmony, TWP of - LST (040703)",SCHOOL
PA,TAX5209,42-091-1216869-EIT-461602,"Plymouth, TWP of - EIT (461602)",MUNICIPAL
PA,TAX5209,42-091-1216869-EIT-461602,"Plymouth, TWP of - EIT (461602)",SCHOOL
PA,TAX6598,42-095-1215506-LST-488603,"West Easton, BORO of - LST",MUNICIPAL
PA,TAX6598,42-095-1215506-LST-488603,"West Easton, BORO of - LST",SCHOOL
PA,TAX5505,42-071-1216643-LST-156503,"Sadsbury, TWP of - LST (156503)",MUNICIPAL
PA,TAX5505,42-071-1216643-LST-156503,"Sadsbury, TWP of - LST (156503)",SCHOOL
PA,TAX4988,42-095-1216907-LST-483302,"Palmer, TWP of - LST (483302)",MUNICIPAL
PA,TAX4988,42-095-1216907-LST-483302,"Palmer, TWP of - LST (483302)",SCHOOL
PA,TAX3497,42-001-1215791-LST-015203,"Mount Pleasant, TWP of - LST (015203)",MUNICIPAL
PA,TAX3497,42-001-1215791-LST-015203,"Mount Pleasant, TWP of - LST (015203)",SCHOOL
PA,TAX5468,42-129-1201654-LST-650603,"Rostraver, TWP of - LST",MUNICIPAL
PA,TAX5468,42-129-1201654-LST-650603,"Rostraver, TWP of - LST",SCHOOL
PA,TAX5080,42-017-1214975-EIT-098103,"Perkasie, BORO of - EIT",MUNICIPAL
PA,TAX5080,42-017-1214975-EIT-098103,"Perkasie, BORO of - EIT",SCHOOL
PA,TAX6588,42-091-1215486-LST-468402,"West Conshohocken, BORO of-LST",MUNICIPAL
PA,TAX6588,42-091-1215486-LST-468402,"West Conshohocken, BORO of-LST",SCHOOL
PA,TAX4992,42-107-1215562-EIT-546103,"Palo Alto, BORO of - EIT",MUNICIPAL
PA,TAX4992,42-107-1215562-EIT-546103,"Palo Alto, BORO of - EIT",SCHOOL
PA,TAX4949,42-015-1215986-LST-083004,"Orwell, TWP of - LST",MUNICIPAL
PA,TAX4949,42-015-1215986-LST-083004,"Orwell, TWP of - LST",SCHOOL
PA,TAX5038,42-017-1214974-EIT-097502,"Penndel, BORO of - EIT",MUNICIPAL
PA,TAX5038,42-017-1214974-EIT-097502,"Penndel, BORO of - EIT",SCHOOL
PA,TAX6001,42-049-1216423-EIT-253553,"Summit, TWP of - EIT (253553)",MUNICIPAL
PA,TAX6001,42-049-1216423-EIT-253553,"Summit, TWP of - EIT (253553)",SCHOOL
PA,TAX5778,42-005-1215860-EIT-033053,"South Buffalo, TWP of - EIT",MUNICIPAL
PA,TAX5778,42-005-1215860-EIT-033053,"South Buffalo, TWP of - EIT",SCHOOL
PA,TAX1895,42-077-1216687-LST-391303,"Hanover, TWP of - LST (391303)",MUNICIPAL
PA,TAX1895,42-077-1216687-LST-391303,"Hanover, TWP of - LST (391303)",SCHOOL
PA,TAX1949,42-079-1216716-EIT-403302,"Hazle, TWP of - EIT",MUNICIPAL
PA,TAX1949,42-079-1216716-EIT-403302,"Hazle, TWP of - EIT",SCHOOL
PA,TAX3311,42-027-1216132-EIT-147003,"Miles, TWP of - EIT",MUNICIPAL
PA,TAX3311,42-027-1216132-EIT-147003,"Miles, TWP of - EIT",SCHOOL
PA,TAX1918,42-105-1216973-LST-535504,"Harrison, TWP of - LST (535504)",MUNICIPAL
PA,TAX1918,42-105-1216973-LST-535504,"Harrison, TWP of - LST (535504)",SCHOOL
PA,TAX5460,42-003-1214822-LST-021603,"Rosslyn Farms, BORO of - LST",MUNICIPAL
PA,TAX5460,42-003-1214822-LST-021603,"Rosslyn Farms, BORO of - LST",SCHOOL
PA,TAX3736,42-075-1216678-EIT-381303,"North Cornwall, TWP of - EIT",MUNICIPAL
PA,TAX3736,42-075-1216678-EIT-381303,"North Cornwall, TWP of - EIT",SCHOOL
PA,TAX408,42-117-1217099-EIT-597003,"Bloss, TWP of - EIT",MUNICIPAL
PA,TAX408,42-117-1217099-EIT-597003,"Bloss, TWP of - EIT",SCHOOL
PA,TAX1573,42-045-1215183-EIT-238402,"Folcroft, BORO of - EIT",MUNICIPAL
PA,TAX1573,42-045-1215183-EIT-238402,"Folcroft, BORO of - EIT",SCHOOL
PA,TAX6330,42-021-1216097-EIT-118503,"Upper Yoder, TWP of - EIT",MUNICIPAL
PA,TAX6330,42-021-1216097-EIT-118503,"Upper Yoder, TWP of - EIT",SCHOOL
PA,TAX1524,42-131-1217266-LST-667503,"Falls, TWP of - LST (667503)",MUNICIPAL
PA,TAX1524,42-131-1217266-LST-667503,"Falls, TWP of - LST (667503)",SCHOOL
PA,TAX6770,42-081-1215428-EIT-417202,"Williamsport, City of - EIT",MUNICIPAL
PA,TAX6770,42-081-1215428-EIT-417202,"Williamsport, City of - EIT",SCHOOL
PA,TAX170,42-045-1216376-LST-236903,"Aston, TWP of - LST",MUNICIPAL
PA,TAX170,42-045-1216376-LST-236903,"Aston, TWP of - LST",SCHOOL
PA,TAX3358,42-097-1215513-LST-495003,"Milton, BORO of - LST",MUNICIPAL
PA,TAX3358,42-097-1215513-LST-495003,"Milton, BORO of - LST",SCHOOL
PA,TAX2311,42-059-1216493-LST-303503,"Jefferson, TWP of - LST (303503)",MUNICIPAL
PA,TAX2311,42-059-1216493-LST-303503,"Jefferson, TWP of - LST (303503)",SCHOOL
PA,TAX1984,42-061-1216509-LST-312503,"Henderson, TWP of - LST (312503)",MUNICIPAL
PA,TAX1984,42-061-1216509-LST-312503,"Henderson, TWP of - LST (312503)",SCHOOL
PA,TAX441,42-083-1216780-LST-420803,"Bradford, TWP of - LST (420803)",MUNICIPAL
PA,TAX441,42-083-1216780-LST-420803,"Bradford, TWP of - LST (420803)",SCHOOL
PA,TAX5488,42-115-1217095-EIT-582503,"Rush, TWP of - EIT (582503)",MUNICIPAL
PA,TAX5488,42-115-1217095-EIT-582503,"Rush, TWP of - EIT (582503)",SCHOOL
PA,TAX3468,42-041-1215150-EIT-211103,"Mount Holly Springs, BORO of-EIT",MUNICIPAL
PA,TAX3468,42-041-1215150-EIT-211103,"Mount Holly Springs, BORO of-EIT",SCHOOL
PA,TAX241,42-067-1216578-LST-343603,"Beale, TWP of - LST",MUNICIPAL
PA,TAX241,42-067-1216578-LST-343603,"Beale, TWP of - LST",SCHOOL
PA,TAX5914,42-039-1216317-LST-201033,"Spring, TWP of - LST (201033)",MUNICIPAL
PA,TAX5914,42-039-1216317-LST-201033,"Spring, TWP of - LST (201033)",SCHOOL
PA,TAX6891,42-045-1215200-EIT-239652,"Yeadon, BORO of - EIT",MUNICIPAL
PA,TAX6891,42-045-1215200-EIT-239652,"Yeadon, BORO of - EIT",SCHOOL
PA,TAX6761,42-079-1215416-LST-408852,Wilkes Barre City - LST,MUNICIPAL
PA,TAX6761,42-079-1215416-LST-408852,Wilkes Barre City - LST,SCHOOL
PA,TAX6787,42-021-1215039-LST-112203,"Wilmore, BORO of - LST",MUNICIPAL
PA,TAX6787,42-021-1215039-LST-112203,"Wilmore, BORO of - LST",SCHOOL
PA,TAX6750,42-021-1216101-EIT-173003,"White, TWP of - EIT (173003)",MUNICIPAL
PA,TAX6750,42-021-1216101-EIT-173003,"White, TWP of - EIT (173003)",SCHOOL
PA,TAX5330,42-005-1215857-EIT-030852,"Rayburn, TWP of - EIT",MUNICIPAL
PA,TAX5330,42-005-1215857-EIT-030852,"Rayburn, TWP of - EIT",SCHOOL
PA,TAX5627,42-111-1217061-EIT-567204,"Shade, TWP of - EIT",MUNICIPAL
PA,TAX5627,42-111-1217061-EIT-567204,"Shade, TWP of - EIT",SCHOOL
PA,TAX1853,42-033-1216237-EIT-175003,"Gulich, TWP of - EIT",MUNICIPAL
PA,TAX1853,42-033-1216237-EIT-175003,"Gulich, TWP of - EIT",SCHOOL
PA,TAX6523,42-035-1216270-LST-183602,"Wayne, TWP of - LST (183602)",MUNICIPAL
PA,TAX6523,42-035-1216270-LST-183602,"Wayne, TWP of - LST (183602)",SCHOOL
PA,TAX3218,42-045-1215187-LST-237903,"Media, BORO of - LST",MUNICIPAL
PA,TAX3218,42-045-1215187-LST-237903,"Media, BORO of - LST",SCHOOL
PA,TAX5473,42-043-1215170-EIT-226003,"Royalton, BORO of - EIT",MUNICIPAL
PA,TAX5473,42-043-1215170-EIT-226003,"Royalton, BORO of - EIT",SCHOOL
PA,TAX2415,42-065-1216563-LST-330803,"Knox, TWP of - LST (330803)",MUNICIPAL
PA,TAX2415,42-065-1216563-LST-330803,"Knox, TWP of - LST (330803)",SCHOOL
PA,TAX5591,42-069-1216608-LST-354603,"Scott, TWP of - LST (354603)",MUNICIPAL
PA,TAX5591,42-069-1216608-LST-354603,"Scott, TWP of - LST (354603)",SCHOOL
PA,TAX1422,42-111-1217047-LST-567004,"Elk Lick, TWP of - LST",MUNICIPAL
PA,TAX1422,42-111-1217047-LST-567004,"Elk Lick, TWP of - LST",SCHOOL
PA,TAX1006,42-021-1216079-EIT-116003,"Cresson, TWP of - EIT",MUNICIPAL
PA,TAX1006,42-021-1216079-EIT-116003,"Cresson, TWP of - EIT",SCHOOL
PA,TAX2860,42-057-1216479-EIT-291304,"Licking Creek, TWP of - EIT",MUNICIPAL
PA,TAX2860,42-057-1216479-EIT-291304,"Licking Creek, TWP of - EIT",SCHOOL
PA,TAX5186,42-123-1217172-EIT-628302,"Pleasant, TWP of - EIT",MUNICIPAL
PA,TAX5186,42-123-1217172-EIT-628302,"Pleasant, TWP of - EIT",SCHOOL
PA,TAX6708,42-061-1216529-LST-312804,"West, TWP of - LST",MUNICIPAL
PA,TAX6708,42-061-1216529-LST-312804,"West, TWP of - LST",SCHOOL
PA,TAX1597,42-079-1216713-EIT-403302,"Foster, TWP of - EIT (403302)",MUNICIPAL
PA,TAX1597,42-079-1216713-EIT-403302,"Foster, TWP of - EIT (403302)",SCHOOL
PA,TAX332,42-037-1215123-EIT-191103,"Berwick, BORO of - EIT",MUNICIPAL
PA,TAX332,42-037-1215123-EIT-191103,"Berwick, BORO of - EIT",SCHOOL
PA,TAX6249,42-119-1217135-LST-604003,"Union, TWP of - LST (604003)",MUNICIPAL
PA,TAX6249,42-119-1217135-LST-604003,"Union, TWP of - LST (604003)",SCHOOL
PA,TAX1272,42-029-1216151-EIT-159002,"East Goshen, TWP of - EIT",MUNICIPAL
PA,TAX1272,42-029-1216151-EIT-159002,"East Goshen, TWP of - EIT",SCHOOL
PA,TAX1833,42-067-1216582-EIT-503004,"Greenwood, TWP of - EIT (503004)",MUNICIPAL
PA,TAX1833,42-067-1216582-EIT-503004,"Greenwood, TWP of - EIT (503004)",SCHOOL
PA,TAX1097,42-089-1217397-EIT-456003,"Delaware Water Gap, BORO of-EIT",MUNICIPAL
PA,TAX1097,42-089-1217397-EIT-456003,"Delaware Water Gap, BORO of-EIT",SCHOOL
PA,TAX6529,42-073-1216668-LST-372003,"Wayne, TWP of - LST (372003)",MUNICIPAL
PA,TAX6529,42-073-1216668-LST-372003,"Wayne, TWP of - LST (372003)",SCHOOL
PA,TAX3067,42-029-1215072-EIT-153503,"Malvern, BORO of - EIT",MUNICIPAL
PA,TAX3067,42-029-1215072-EIT-153503,"Malvern, BORO of - EIT",SCHOOL
PA,TAX1503,42-019-1216054-EIT-103603,"Fairview, TWP of - EIT (103603)",MUNICIPAL
PA,TAX1503,42-019-1216054-EIT-103603,"Fairview, TWP of - EIT (103603)",SCHOOL
PA,TAX3453,42-045-1215189-LST-238502,"Morton, BORO of - LST",MUNICIPAL
PA,TAX3453,42-045-1215189-LST-238502,"Morton, BORO of - LST",SCHOOL
PA,TAX3755,42-133-1217301-LST-675503,"North Hopewell, TWP of - LST",MUNICIPAL
PA,TAX3755,42-133-1217301-LST-675503,"North Hopewell, TWP of - LST",SCHOOL
PA,TAX5882,42-017-1216031-EIT-098003,"Springfield, TWP of - EIT (098003)",MUNICIPAL
PA,TAX5882,42-017-1216031-EIT-098003,"Springfield, TWP of - EIT (098003)",SCHOOL
PA,TAX2028,42-013-1214942-EIT-073503,"Hollidaysburg, BORO of - EIT",MUNICIPAL
PA,TAX2028,42-013-1214942-EIT-073503,"Hollidaysburg, BORO of - EIT",SCHOOL
PA,TAX6604,42-039-1216329-LST-201033,"West Fallowfield, TWP of-LST (201033)",MUNICIPAL
PA,TAX6604,42-039-1216329-LST-201033,"West Fallowfield, TWP of-LST (201033)",SCHOOL
PA,TAX519,42-019-1214984-LST-103603,"Bruin, BORO of - LST",MUNICIPAL
PA,TAX519,42-019-1214984-LST-103603,"Bruin, BORO of - LST",SCHOOL
PA,TAX1674,42-123-1217165-LST-628302,"Freehold, TWP of - LST",MUNICIPAL
PA,TAX1674,42-123-1217165-LST-628302,"Freehold, TWP of - LST",SCHOOL
PA,TAX1452,42-023-1215041-LST-122703,"Emporium, BORO of - LST",MUNICIPAL
PA,TAX1452,42-023-1215041-LST-122703,"Emporium, BORO of - LST",SCHOOL
PA,TAX5411,42-097-1215516-EIT-471803,"Riverside, BORO of - EIT",MUNICIPAL
PA,TAX5411,42-097-1215516-EIT-471803,"Riverside, BORO of - EIT",SCHOOL
PA,TAX214,42-095-1215489-EIT-480803,"Bangor, BORO of - EIT",MUNICIPAL
PA,TAX214,42-095-1215489-EIT-480803,"Bangor, BORO of - EIT",SCHOOL
PA,TAX4967,42-015-1215987-EIT-089003,"Overton, TWP of - EIT",MUNICIPAL
PA,TAX4967,42-015-1215987-EIT-089003,"Overton, TWP of - EIT",SCHOOL
PA,TAX598,42-041-1215146-LST-211003,"Camp Hill, BORO of - LST",MUNICIPAL
PA,TAX598,42-041-1215146-LST-211003,"Camp Hill, BORO of - LST",SCHOOL
PA,TAX5854,42-081-1215427-LST-416103,"South Williamsport, BORO of-LST",MUNICIPAL
PA,TAX5854,42-081-1215427-LST-416103,"South Williamsport, BORO of-LST",SCHOOL
PA,TAX1204,42-079-1215385-EIT-406602,"Dupont, BORO of - EIT",MUNICIPAL
PA,TAX1204,42-079-1215385-EIT-406602,"Dupont, BORO of - EIT",SCHOOL
PA,TAX5222,42-065-1216568-EIT-330703,"Polk, TWP of - EIT (330703)",MUNICIPAL
PA,TAX5222,42-065-1216568-EIT-330703,"Polk, TWP of - EIT (330703)",SCHOOL
PA,TAX5802,42-129-1215723-LST-653802,"South Greensburg, BORO of-LST (653802)",MUNICIPAL
PA,TAX5802,42-129-1215723-LST-653802,"South Greensburg, BORO of-LST (653802)",SCHOOL
PA,TAX5810,42-129-1217258-LST-658903,"South Huntingdon, TWP of-LST",MUNICIPAL
PA,TAX5810,42-129-1217258-LST-658903,"South Huntingdon, TWP of-LST",SCHOOL
PA,TAX6320,42-017-1216034-EIT-092002,"Upper Southampton, TWP of-EIT",MUNICIPAL
PA,TAX6320,42-017-1216034-EIT-092002,"Upper Southampton, TWP of-EIT",SCHOOL
PA,TAX70,42-013-1215956-EIT-073503,"Allegheny, TWP of - EIT (073503)",MUNICIPAL
PA,TAX70,42-013-1215956-EIT-073503,"Allegheny, TWP of - EIT (073503)",SCHOOL
PA,TAX3764,42-063-1216546-EIT-338003,"North Mahoning, TWP of - EIT",MUNICIPAL
PA,TAX3764,42-063-1216546-EIT-338003,"North Mahoning, TWP of - EIT",SCHOOL
PA,TAX6171,42-013-1217320-LST-116003,"Tunnelhill, BORO of - LST (116003)",MUNICIPAL
PA,TAX6171,42-013-1217320-LST-116003,"Tunnelhill, BORO of - LST (116003)",SCHOOL
PA,TAX1905,42-019-1214994-EIT-107903,"Harmony, BORO of - EIT",MUNICIPAL
PA,TAX1905,42-019-1214994-EIT-107903,"Harmony, BORO of - EIT",SCHOOL
PA,TAX4895,42-121-1215639-EIT-616203,Oil City - EIT,MUNICIPAL
PA,TAX4895,42-121-1215639-EIT-616203,Oil City - EIT,SCHOOL
PA,TAX5058,42-061-1216517-EIT-312503,"Penn, TWP of - EIT (312503)",MUNICIPAL
PA,TAX5058,42-061-1216517-EIT-312503,"Penn, TWP of - EIT (312503)",SCHOOL
PA,TAX6849,42-019-1216088-LST-107503,"Worth, TWP of - LST (107503)",MUNICIPAL
PA,TAX6849,42-019-1216088-LST-107503,"Worth, TWP of - LST (107503)",SCHOOL
PA,TAX20,42-111-1217042-EIT-568404,"Addison, TWP of - EIT",MUNICIPAL
PA,TAX20,42-111-1217042-EIT-568404,"Addison, TWP of - EIT",SCHOOL
PA,TAX1175,42-017-1214965-LST-098103,"Dublin, BORO of - LST",MUNICIPAL
PA,TAX1175,42-017-1214965-LST-098103,"Dublin, BORO of - LST",SCHOOL
PA,TAX2352,42-087-1215455-EIT-444602,"Juniata Terrace, BORO of-EIT",MUNICIPAL
PA,TAX2352,42-087-1215455-EIT-444602,"Juniata Terrace, BORO of-EIT",SCHOOL
PA,TAX739,42-019-1214987-EIT-105353,"Cherry Valley, BORO of - EIT",MUNICIPAL
PA,TAX739,42-019-1214987-EIT-105353,"Cherry Valley, BORO of - EIT",SCHOOL
PA,TAX1814,42-129-1215700-EIT-653802,"Greensburg, City of - EIT (653802)",MUNICIPAL
PA,TAX1814,42-129-1215700-EIT-653802,"Greensburg, City of - EIT (653802)",SCHOOL
PA,TAX5730,42-089-1216846-LST-452003,"Smithfield, TWP of - LST (452003)",MUNICIPAL
PA,TAX5730,42-089-1216846-LST-452003,"Smithfield, TWP of - LST (452003)",SCHOOL
PA,TAX1809,42-091-1215469-EIT-468603,"Green Lane, BORO of - EIT",MUNICIPAL
PA,TAX1809,42-091-1215469-EIT-468603,"Green Lane, BORO of - EIT",SCHOOL
PA,TAX5360,42-059-1215258-EIT-303503,"Rices Landing, BORO of - EIT",MUNICIPAL
PA,TAX5360,42-059-1215258-EIT-303503,"Rices Landing, BORO of - EIT",SCHOOL
PA,TAX2035,42-003-1214802-LST-028833,"Homestead, BORO of - LST",MUNICIPAL
PA,TAX2035,42-003-1214802-LST-028833,"Homestead, BORO of - LST",SCHOOL
PA,TAX1210,42-079-1215386-EIT-406602,"Duryea, BORO of - EIT",MUNICIPAL
PA,TAX1210,42-079-1215386-EIT-406602,"Duryea, BORO of - EIT",SCHOOL
PA,TAX1873,42-089-1216838-EIT-456003,"Hamilton, TWP of - EIT (456003)",MUNICIPAL
PA,TAX1873,42-089-1216838-EIT-456003,"Hamilton, TWP of - EIT (456003)",SCHOOL
PA,TAX5513,42-129-1217255-EIT-654903,"Saint Clair, TWP of - EIT",MUNICIPAL
PA,TAX5513,42-129-1217255-EIT-654903,"Saint Clair, TWP of - EIT",SCHOOL
PA,TAX504,42-065-1215299-EIT-330803,"Brookville, BORO of - EIT",MUNICIPAL
PA,TAX504,42-065-1215299-EIT-330803,"Brookville, BORO of - EIT",SCHOOL
PA,TAX2361,42-099-1216942-LST-504003,"Juniata, TWP of - LST (504003)",MUNICIPAL
PA,TAX2361,42-099-1216942-LST-504003,"Juniata, TWP of - LST (504003)",SCHOOL
PA,TAX146,42-087-1216825-LST-444602,"Armagh, TWP of - LST",MUNICIPAL
PA,TAX146,42-087-1216825-LST-444602,"Armagh, TWP of - LST",SCHOOL
PA,TAX6072,42-057-1216481-LST-297504,"Thompson, TWP of - LST",MUNICIPAL
PA,TAX6072,42-057-1216481-LST-297504,"Thompson, TWP of - LST",SCHOOL
PA,TAX1260,42-071-1216624-EIT-362303,"East Earl, TWP of - EIT",MUNICIPAL
PA,TAX1260,42-071-1216624-EIT-362303,"East Earl, TWP of - EIT",SCHOOL
PA,TAX1037,42-021-1215015-LST-111403,"Daisytown, BORO of - LST",MUNICIPAL
PA,TAX1037,42-021-1215015-LST-111403,"Daisytown, BORO of - LST",SCHOOL
PA,TAX3616,42-029-1216184-LST-154003,"New Garden, TWP of - LST",MUNICIPAL
PA,TAX3616,42-029-1216184-LST-154003,"New Garden, TWP of - LST",SCHOOL
PA,TAX1091,42-067-1216579-EIT-343603,"Delaware, TWP of - EIT (343603)",MUNICIPAL
PA,TAX1091,42-067-1216579-EIT-343603,"Delaware, TWP of - EIT (343603)",SCHOOL
PA,TAX5036,42-129-1215719-EIT-657103,"Penn, BORO of - EIT",MUNICIPAL
PA,TAX5036,42-129-1215719-EIT-657103,"Penn, BORO of - EIT",SCHOOL
PA,TAX6341,42-019-1215004-EIT-105003,"Valencia, BORO of - EIT",MUNICIPAL
PA,TAX6341,42-019-1215004-EIT-105003,"Valencia, BORO of - EIT",SCHOOL
PA,TAX6292,42-091-1216878-EIT-468402,"Upper Merion, TWP of - EIT",MUNICIPAL
PA,TAX6292,42-091-1216878-EIT-468402,"Upper Merion, TWP of - EIT",SCHOOL
PA,TAX5673,42-041-1216344-EIT-218003,"Shippensburg, TWP of - EIT",MUNICIPAL
PA,TAX5673,42-041-1216344-EIT-218003,"Shippensburg, TWP of - EIT",SCHOOL
PA,TAX1914,42-009-1215894-EIT-051003,"Harrison, TWP of - EIT (051003)",MUNICIPAL
PA,TAX1914,42-009-1215894-EIT-051003,"Harrison, TWP of - EIT (051003)",SCHOOL
PA,TAX1863,42-133-1215747-EIT-672203,"Hallam, BORO of - EIT",MUNICIPAL
PA,TAX1863,42-133-1215747-EIT-672203,"Hallam, BORO of - EIT",SCHOOL
PA,TAX5670,42-055-1217325-EIT-218003,"Shippensburg, BORO of - EIT (218003)",MUNICIPAL
PA,TAX5670,42-055-1217325-EIT-218003,"Shippensburg, BORO of - EIT (218003)",SCHOOL
PA,TAX6516,42-043-1216372-EIT-222504,"Wayne, TWP of - EIT (222504)",MUNICIPAL
PA,TAX6516,42-043-1216372-EIT-222504,"Wayne, TWP of - EIT (222504)",SCHOOL
PA,TAX3348,42-027-1215058-LST-147003,"Millheim, BORO of - LST",MUNICIPAL
PA,TAX3348,42-027-1215058-LST-147003,"Millheim, BORO of - LST",SCHOOL
PA,TAX5518,42-047-1215203-LST-248003,Saint Marys City - LST,MUNICIPAL
PA,TAX5518,42-047-1215203-LST-248003,Saint Marys City - LST,SCHOOL
PA,TAX6206,42-105-1216988-EIT-535504,"Ulysses, TWP of - EIT",MUNICIPAL
PA,TAX6206,42-105-1216988-EIT-535504,"Ulysses, TWP of - EIT",SCHOOL
PA,TAX3582,42-007-1214885-LST-045653,"New Brighton, BORO of - LST",MUNICIPAL
PA,TAX3582,42-007-1214885-LST-045653,"New Brighton, BORO of - LST",SCHOOL
PA,TAX1218,42-011-1215924-LST-060753,"Earl, TWP of - LST (060753)",MUNICIPAL
PA,TAX1218,42-011-1215924-LST-060753,"Earl, TWP of - LST (060753)",SCHOOL
PA,TAX1818,42-003-1214799-LST-025002,"Green Tree, BORO of - LST",MUNICIPAL
PA,TAX1818,42-003-1214799-LST-025002,"Green Tree, BORO of - LST",SCHOOL
PA,TAX4916,42-087-1216831-LST-444602,"Oliver, TWP of - LST (444602)",MUNICIPAL
PA,TAX4916,42-087-1216831-LST-444602,"Oliver, TWP of - LST (444602)",SCHOOL
PA,TAX6828,42-039-1215145-EIT-204703,"Woodcock, BORO of - EIT",MUNICIPAL
PA,TAX6828,42-039-1215145-EIT-204703,"Woodcock, BORO of - EIT",SCHOOL
PA,TAX5859,42-039-1729681-EIT-251453,"Sparta, TWP of - EIT",MUNICIPAL
PA,TAX5859,42-039-1729681-EIT-251453,"Sparta, TWP of - EIT",SCHOOL
PA,TAX3644,42-099-1215530-LST-504003,"Newport, BORO of - LST",MUNICIPAL
PA,TAX3644,42-099-1215530-LST-504003,"Newport, BORO of - LST",SCHOOL
PA,TAX1622,42-021-1215021-LST-111403,"Franklin, BORO of - LST",MUNICIPAL
PA,TAX1622,42-021-1215021-LST-111403,"Franklin, BORO of - LST",SCHOOL
PA,TAX434,42-003-1214774-EIT-029902,"Braddock Hills, BORO of - EIT",MUNICIPAL
PA,TAX434,42-003-1214774-EIT-029902,"Braddock Hills, BORO of - EIT",SCHOOL
PA,TAX2366,42-033-1216240-EIT-179003,"Karthaus, TWP of - EIT",MUNICIPAL
PA,TAX2366,42-033-1216240-EIT-179003,"Karthaus, TWP of - EIT",SCHOOL
PA,TAX3704,42-069-1216605-EIT-350303,"North Abington, TWP of - EIT",MUNICIPAL
PA,TAX3704,42-069-1216605-EIT-350303,"North Abington, TWP of - EIT",SCHOOL
PA,TAX5705,42-091-1216871-EIT-466103,"Skippack, TWP of - EIT",MUNICIPAL
PA,TAX5705,42-091-1216871-EIT-466103,"Skippack, TWP of - EIT",SCHOOL
PA,TAX976,42-105-1215537-EIT-531304,"Coudersport, BORO of - EIT",MUNICIPAL
PA,TAX976,42-105-1215537-EIT-531304,"Coudersport, BORO of - EIT",SCHOOL
PA,TAX3672,42-033-1215107-LST-327303,"New Washington, BORO of - LST",MUNICIPAL
PA,TAX3672,42-033-1215107-LST-327303,"New Washington, BORO of - LST",SCHOOL
PA,TAX579,42-071-1216614-LST-362303,"Caernarvon, TWP of - LST (362303)",MUNICIPAL
PA,TAX579,42-071-1216614-LST-362303,"Caernarvon, TWP of - LST (362303)",SCHOOL
PA,TAX385,42-125-1217182-LST-633903,"Blaine, TWP of - LST",MUNICIPAL
PA,TAX385,42-125-1217182-LST-633903,"Blaine, TWP of - LST",SCHOOL
PA,TAX3292,42-037-1216286-EIT-191503,"Mifflin, TWP of - EIT (191503)",MUNICIPAL
PA,TAX3292,42-037-1216286-EIT-191503,"Mifflin, TWP of - EIT (191503)",SCHOOL
PA,TAX807,42-069-1216594-EIT-356503,"Clifton, TWP of - EIT",MUNICIPAL
PA,TAX807,42-069-1216594-EIT-356503,"Clifton, TWP of - EIT",SCHOOL
PA,TAX1926,42-119-1217131-LST-605003,"Hartley, TWP of - LST",MUNICIPAL
PA,TAX1926,42-119-1217131-LST-605003,"Hartley, TWP of - LST",SCHOOL
PA,TAX668,42-125-1217186-LST-631703,"Cecil, TWP of - LST",MUNICIPAL
PA,TAX668,42-125-1217186-LST-631703,"Cecil, TWP of - LST",SCHOOL
PA,TAX889,42-049-1216408-EIT-251453,"Concord, TWP of - EIT (251453)",MUNICIPAL
PA,TAX889,42-049-1216408-EIT-251453,"Concord, TWP of - EIT (251453)",SCHOOL
PA,TAX1372,42-003-1214791-LST-029902,"Edgewood, BORO of - LST",MUNICIPAL
PA,TAX1372,42-003-1214791-LST-029902,"Edgewood, BORO of - LST",SCHOOL
PA,TAX5445,42-015-1214955-EIT-083004,"Rome, BORO of - EIT",MUNICIPAL
PA,TAX5445,42-015-1214955-EIT-083004,"Rome, BORO of - EIT",SCHOOL
PA,TAX184,42-107-1215544-LST-540803,"Auburn, BORO of - LST",MUNICIPAL
PA,TAX184,42-107-1215544-LST-540803,"Auburn, BORO of - LST",SCHOOL
PA,TAX2349,42-033-1216239-LST-175003,"Jordan, TWP of - LST (175003)",MUNICIPAL
PA,TAX2349,42-033-1216239-LST-175003,"Jordan, TWP of - LST (175003)",SCHOOL
PA,TAX5754,42-111-1217062-EIT-567703,"Somerset, TWP of - EIT (567703)",MUNICIPAL
PA,TAX5754,42-111-1217062-EIT-567703,"Somerset, TWP of - EIT (567703)",SCHOOL
PA,TAX5766,42-009-1215906-LST-053003,"Southampton, TWP of - LST (053003)",MUNICIPAL
PA,TAX5766,42-009-1215906-LST-053003,"Southampton, TWP of - LST (053003)",SCHOOL
PA,TAX6552,42-069-1216611-LST-665003,"West Abington, TWP of - LST",MUNICIPAL
PA,TAX6552,42-069-1216611-LST-665003,"West Abington, TWP of - LST",SCHOOL
PA,TAX2881,42-123-1217168-LST-628302,"Limestone, TWP of - LST (628302)",MUNICIPAL
PA,TAX2881,42-123-1217168-LST-628302,"Limestone, TWP of - LST (628302)",SCHOOL
PA,TAX3133,42-099-1215527-EIT-506003,"Marysville, BORO of - EIT",MUNICIPAL
PA,TAX3133,42-099-1215527-EIT-506003,"Marysville, BORO of - EIT",SCHOOL
PA,TAX6264,42-129-1217260-EIT-650703,"Upper Burrell, TWP of - EIT",MUNICIPAL
PA,TAX6264,42-129-1217260-EIT-650703,"Upper Burrell, TWP of - EIT",SCHOOL
PA,TAX3587,42-017-1216024-LST-092102,"New Britain, TWP of - LST (092102)",MUNICIPAL
PA,TAX3587,42-017-1216024-LST-092102,"New Britain, TWP of - LST (092102)",SCHOOL
PA,TAX3584,42-017-1214971-LST-092102,"New Britain, BORO of - LST",MUNICIPAL
PA,TAX3584,42-017-1214971-LST-092102,"New Britain, BORO of - LST",SCHOOL
PA,TAX3353,42-049-1215215-EIT-253553,"Mill Village, BORO of - EIT",MUNICIPAL
PA,TAX3353,42-049-1215215-EIT-253553,"Mill Village, BORO of - EIT",SCHOOL
PA,TAX6309,42-091-1216880-LST-466303,"Upper Pottsgrove, TWP of-LST",MUNICIPAL
PA,TAX6309,42-091-1216880-LST-466303,"Upper Pottsgrove, TWP of-LST",SCHOOL
PA,TAX2335,42-025-1215045-LST-135003,"Jim Thorpe, BORO of - LST",MUNICIPAL
PA,TAX2335,42-025-1215045-LST-135003,"Jim Thorpe, BORO of - LST",SCHOOL
PA,TAX6487,42-133-1217310-LST-671803,"Washington, TWP of - LST (671803)",MUNICIPAL
PA,TAX6487,42-133-1217310-LST-671803,"Washington, TWP of - LST (671803)",SCHOOL
PA,TAX720,42-029-1216145-LST-153503,"Charlestown, TWP of - LST",MUNICIPAL
PA,TAX720,42-029-1216145-LST-153503,"Charlestown, TWP of - LST",SCHOOL
PA,TAX2986,42-091-1216863-EIT-465303,"Lower Providence, TWP of-EIT",MUNICIPAL
PA,TAX2986,42-091-1216863-EIT-465303,"Lower Providence, TWP of-EIT",SCHOOL
PA,TAX872,42-027-1216121-LST-148002,"College, TWP of - LST",MUNICIPAL
PA,TAX872,42-027-1216121-LST-148002,"College, TWP of - LST",SCHOOL
PA,TAX2304,42-085-1216805-EIT-435003,"Jefferson, TWP of - EIT (435003)",MUNICIPAL
PA,TAX2304,42-085-1216805-EIT-435003,"Jefferson, TWP of - EIT (435003)",SCHOOL
PA,TAX3323,42-061-1215273-EIT-312503,"Mill Creek, BORO of - EIT",MUNICIPAL
PA,TAX3323,42-061-1215273-EIT-312503,"Mill Creek, BORO of - EIT",SCHOOL
PA,TAX6037,42-105-1216987-EIT-530304,"Sylvania, TWP of - EIT",MUNICIPAL
PA,TAX6037,42-105-1216987-EIT-530304,"Sylvania, TWP of - EIT",SCHOOL
PA,TAX1618,42-091-1216854-LST-467103,"Franconia, TWP of - LST",MUNICIPAL
PA,TAX1618,42-091-1216854-LST-467103,"Franconia, TWP of - LST",SCHOOL
PA,TAX5878,42-133-1217306-EIT-679403,"Springettsbury, TWP of - EIT (679403)",MUNICIPAL
PA,TAX5878,42-133-1217306-EIT-679403,"Springettsbury, TWP of - EIT (679403)",SCHOOL
PA,TAX493,42-009-1215889-LST-058003,"Broad Top, TWP of - LST",MUNICIPAL
PA,TAX493,42-009-1215889-LST-058003,"Broad Top, TWP of - LST",SCHOOL
PA,TAX6123,42-025-1216117-LST-136503,"Towamensing, TWP of - LST",MUNICIPAL
PA,TAX6123,42-025-1216117-LST-136503,"Towamensing, TWP of - LST",SCHOOL
PA,TAX6374,42-003-1214833-LST-026002,"Versailles, BORO of - LST",MUNICIPAL
PA,TAX6374,42-003-1214833-LST-026002,"Versailles, BORO of - LST",SCHOOL
PA,TAX1842,42-119-1217130-LST-498003,"Gregg, TWP of - LST (498003)",MUNICIPAL
PA,TAX1842,42-119-1217130-LST-498003,"Gregg, TWP of - LST (498003)",SCHOOL
PA,TAX3106,42-063-1215292-LST-325203,"Marion Center, BORO of - LST",MUNICIPAL
PA,TAX3106,42-063-1215292-LST-325203,"Marion Center, BORO of - LST",SCHOOL
PA,TAX06,42-091-1216850-EIT-460302,"Abington, TWP of - EIT",MUNICIPAL
PA,TAX06,42-091-1216850-EIT-460302,"Abington, TWP of - EIT",SCHOOL
PA,TAX530,42-019-1216043-EIT-033053,"Buffalo, TWP of - EIT (033053)",MUNICIPAL
PA,TAX530,42-019-1216043-EIT-033053,"Buffalo, TWP of - EIT (033053)",SCHOOL
PA,TAX3605,42-125-1215674-EIT-637002,"New Eagle, BORO of - EIT",MUNICIPAL
PA,TAX3605,42-125-1215674-EIT-637002,"New Eagle, BORO of - EIT",SCHOOL
PA,TAX5135,42-035-1216268-LST-414003,"Pine Creek, TWP of - LST (414003)",MUNICIPAL
PA,TAX5135,42-035-1216268-LST-414003,"Pine Creek, TWP of - LST (414003)",SCHOOL
PA,TAX1345,42-107-1216999-EIT-403302,"East Union, TWP of - EIT",MUNICIPAL
PA,TAX1345,42-107-1216999-EIT-403302,"East Union, TWP of - EIT",SCHOOL
PA,TAX1940,42-031-1215085-LST-168003,"Hawthorn, BORO of - LST",MUNICIPAL
PA,TAX1940,42-031-1215085-LST-168003,"Hawthorn, BORO of - LST",SCHOOL
PA,TAX1383,42-125-1215665-EIT-631503,"Elco, BORO of - EIT",MUNICIPAL
PA,TAX1383,42-125-1215665-EIT-631503,"Elco, BORO of - EIT",SCHOOL
PA,TAX869,42-009-1215890-LST-051003,"Colerain, TWP of - LST (051003)",MUNICIPAL
PA,TAX869,42-009-1215890-LST-051003,"Colerain, TWP of - LST (051003)",SCHOOL
PA,TAX2838,42-119-1217133-EIT-605003,"Lewis, TWP of - EIT (605003)",MUNICIPAL
PA,TAX2838,42-119-1217133-EIT-605003,"Lewis, TWP of - EIT (605003)",SCHOOL
PA,TAX1971,42-133-1217290-LST-676703,"Heidelberg, TWP of - LST (676703)",MUNICIPAL
PA,TAX1971,42-133-1217290-LST-676703,"Heidelberg, TWP of - LST (676703)",SCHOOL
PA,TAX222,42-053-1216451-EIT-272003,"Barnett, TWP of - EIT (272003)",MUNICIPAL
PA,TAX222,42-053-1216451-EIT-272003,"Barnett, TWP of - EIT (272003)",SCHOOL
PA,TAX6621,42-079-1215412-EIT-403302,"West Hazleton, BORO of - EIT",MUNICIPAL
PA,TAX6621,42-079-1215412-EIT-403302,"West Hazleton, BORO of - EIT",SCHOOL
PA,TAX1462,42-049-1215209-LST-252602,"Erie, City of - LST",MUNICIPAL
PA,TAX1462,42-049-1215209-LST-252602,"Erie, City of - LST",SCHOOL
PA,TAX3388,42-133-1217298-LST-674603,"Monaghan, TWP of - LST",MUNICIPAL
PA,TAX3388,42-133-1217298-LST-674603,"Monaghan, TWP of - LST",SCHOOL
PA,TAX3670,42-041-1215153-LST-210503,"Newville, BORO of - LST",MUNICIPAL
PA,TAX3670,42-041-1215153-LST-210503,"Newville, BORO of - LST",SCHOOL
PA,TAX3632,42-115-1215615-LST-581003,"New Milford, BORO of - LST",MUNICIPAL
PA,TAX3632,42-115-1215615-LST-581003,"New Milford, BORO of - LST",SCHOOL
PA,TAX2397,42-009-1215898-LST-051503,"King, TWP of - LST",MUNICIPAL
PA,TAX2397,42-009-1215898-LST-051503,"King, TWP of - LST",SCHOOL
PA,TAX6079,42-069-1216602-EIT-356503,"Thornhurst, TWP of - EIT",MUNICIPAL
PA,TAX6079,42-069-1216602-EIT-356503,"Thornhurst, TWP of - EIT",SCHOOL
PA,TAX3417,42-081-1215422-EIT-415004,"Montgomery, BORO of - EIT",MUNICIPAL
PA,TAX3417,42-081-1215422-EIT-415004,"Montgomery, BORO of - EIT",SCHOOL
PA,TAX5311,42-045-1216389-EIT-237603,"Radnor, TWP of - EIT",MUNICIPAL
PA,TAX5311,42-045-1216389-EIT-237603,"Radnor, TWP of - EIT",SCHOOL
PA,TAX3500,42-125-1217198-LST-632403,"Mount Pleasant, TWP of - LST (632403)",MUNICIPAL
PA,TAX3500,42-125-1217198-LST-632403,"Mount Pleasant, TWP of - LST (632403)",SCHOOL
PA,TAX3626,42-085-1215445-LST-433903,"New Lebanon, BORO of - LST",MUNICIPAL
PA,TAX3626,42-085-1215445-LST-433903,"New Lebanon, BORO of - LST",SCHOOL
PA,TAX2926,42-029-1216165-LST-156503,"Londonderry, TWP of - LST (156503)",MUNICIPAL
PA,TAX2926,42-029-1216165-LST-156503,"Londonderry, TWP of - LST (156503)",SCHOOL
PA,TAX5968,42-089-1215462-LST-456003,"Stroudsburg, BORO of - LST",MUNICIPAL
PA,TAX5968,42-089-1215462-LST-456003,"Stroudsburg, BORO of - LST",SCHOOL
PA,TAX959,42-003-1214784-LST-022103,"Coraopolis, BORO of - LST",MUNICIPAL
PA,TAX959,42-003-1214784-LST-022103,"Coraopolis, BORO of - LST",SCHOOL
PA,TAX2235,42-033-1215103-LST-173003,"Irvona, BORO of - LST",MUNICIPAL
PA,TAX2235,42-033-1215103-LST-173003,"Irvona, BORO of - LST",SCHOOL
PA,TAX6809,42-019-1216070-LST-107803,"Winfield, TWP of - LST",MUNICIPAL
PA,TAX6809,42-019-1216070-LST-107803,"Winfield, TWP of - LST",SCHOOL
PA,TAX670,42-011-1214913-LST-067503,"Centerport, BORO of - LST",MUNICIPAL
PA,TAX670,42-011-1214913-LST-067503,"Centerport, BORO of - LST",SCHOOL
PA,TAX471,42-037-1216275-LST-191103,"Briar Creek, TWP of - LST",MUNICIPAL
PA,TAX471,42-037-1216275-LST-191103,"Briar Creek, TWP of - LST",SCHOOL
PA,TAX3467,42-075-1215366-LST-381303,"Mount Gretna, BORO of - LST",MUNICIPAL
PA,TAX3467,42-075-1215366-LST-381303,"Mount Gretna, BORO of - LST",SCHOOL
PA,TAX6127,42-015-1215998-LST-086503,"Towanda, TWP of - LST",MUNICIPAL
PA,TAX6127,42-015-1215998-LST-086503,"Towanda, TWP of - LST",SCHOOL
PA,TAX3738,42-029-1216170-EIT-156603,"North Coventry, TWP of - EIT",MUNICIPAL
PA,TAX3738,42-029-1216170-EIT-156603,"North Coventry, TWP of - EIT",SCHOOL
PA,TAX6305,42-029-1216179-LST-156703,"Upper Oxford, TWP of - LST",MUNICIPAL
PA,TAX6305,42-029-1216179-LST-156703,"Upper Oxford, TWP of - LST",SCHOOL
PA,TAX784,42-059-1215253-LST-303503,"Clarksville, BORO of - LST",MUNICIPAL
PA,TAX784,42-059-1215253-LST-303503,"Clarksville, BORO of - LST",SCHOOL
PA,TAX747,42-045-1216379-EIT-231232,"Chester, TWP of - EIT",MUNICIPAL
PA,TAX747,42-045-1216379-EIT-231232,"Chester, TWP of - EIT",SCHOOL
PA,TAX1994,42-085-1176876-LST-433303,"Hermitage, City of - LST",MUNICIPAL
PA,TAX1994,42-085-1176876-LST-433303,"Hermitage, City of - LST",SCHOOL
PA,TAX194,42-079-1215381-LST-406602,"Avoca, BORO of - LST",MUNICIPAL
PA,TAX194,42-079-1215381-LST-406602,"Avoca, BORO of - LST",SCHOOL
PA,TAX5581,42-091-1215482-EIT-466103,"Schwenksville, BORO of - EIT",MUNICIPAL
PA,TAX5581,42-091-1215482-EIT-466103,"Schwenksville, BORO of - EIT",SCHOOL
PA,TAX6674,42-041-1216352-LST-210503,"West Pennsboro, TWP of - LST",MUNICIPAL
PA,TAX6674,42-041-1216352-LST-210503,"West Pennsboro, TWP of - LST",SCHOOL
PA,TAX3463,42-097-1215514-LST-495103,"Mount Carmel, BORO of - LST",MUNICIPAL
PA,TAX3463,42-097-1215514-LST-495103,"Mount Carmel, BORO of - LST",SCHOOL
PA,TAX1547,42-069-1216597-EIT-351303,"Fell, TWP of - EIT",MUNICIPAL
PA,TAX1547,42-069-1216597-EIT-351303,"Fell, TWP of - EIT",SCHOOL
PA,TAX253,42-007-1214865-LST-041503,"Beaver Falls, City of - LST",MUNICIPAL
PA,TAX253,42-007-1214865-LST-041503,"Beaver Falls, City of - LST",SCHOOL
PA,TAX6200,42-013-1215969-LST-078003,"Tyrone, TWP of - LST (078003)",MUNICIPAL
PA,TAX6200,42-013-1215969-LST-078003,"Tyrone, TWP of - LST (078003)",SCHOOL
PA,TAX382,42-099-1215522-EIT-508003,"Blain, BORO of - EIT",MUNICIPAL
PA,TAX382,42-099-1215522-EIT-508003,"Blain, BORO of - EIT",SCHOOL
PA,TAX2908,42-035-1215116-EIT-183602,"Lock Haven, City of - EIT",MUNICIPAL
PA,TAX2908,42-035-1215116-EIT-183602,"Lock Haven, City of - EIT",SCHOOL
PA,TAX613,42-015-1215977-LST-081003,"Canton, TWP of - LST (081003)",MUNICIPAL
PA,TAX613,42-015-1215977-LST-081003,"Canton, TWP of - LST (081003)",SCHOOL
PA,TAX5138,42-121-1217150-EIT-611303,"Pinegrove, TWP of - EIT",MUNICIPAL
PA,TAX5138,42-121-1217150-EIT-611303,"Pinegrove, TWP of - EIT",SCHOOL
PA,TAX3564,42-003-1215818-LST-022103,"Neville, TWP of - LST",MUNICIPAL
PA,TAX3564,42-003-1215818-LST-022103,"Neville, TWP of - LST",SCHOOL
PA,TAX5528,42-031-1216219-LST-166503,"Salem, TWP of - LST (166503)",MUNICIPAL
PA,TAX5528,42-031-1216219-LST-166503,"Salem, TWP of - LST (166503)",SCHOOL
PA,TAX753,42-021-1216076-EIT-111203,"Chest, TWP of - EIT (111203)",MUNICIPAL
PA,TAX753,42-021-1216076-EIT-111203,"Chest, TWP of - EIT (111203)",SCHOOL
PA,TAX3073,42-133-1217296-LST-671303,"Manchester, TWP of - LST",MUNICIPAL
PA,TAX3073,42-133-1217296-LST-671303,"Manchester, TWP of - LST",SCHOOL
PA,TAX6854,42-017-1216039-EIT-092353,"Wrightstown, TWP of - EIT",MUNICIPAL
PA,TAX6854,42-017-1216039-EIT-092353,"Wrightstown, TWP of - EIT",SCHOOL
PA,TAX535,42-099-1216936-LST-504003,"Buffalo, TWP of - LST (504003)",MUNICIPAL
PA,TAX535,42-099-1216936-LST-504003,"Buffalo, TWP of - LST (504003)",SCHOOL
PA,TAX3745,42-049-1216421-LST-258303,North East Township - LST,MUNICIPAL
PA,TAX3745,42-049-1216421-LST-258303,North East Township - LST,SCHOOL
PA,TAX5218,42-097-1216924-EIT-496603,"Point, TWP of - EIT",MUNICIPAL
PA,TAX5218,42-097-1216924-EIT-496603,"Point, TWP of - EIT",SCHOOL
PA,TAX6652,42-007-1214893-LST-041603,"West Mayfield, BORO of - LST",MUNICIPAL
PA,TAX6652,42-007-1214893-LST-041603,"West Mayfield, BORO of - LST",SCHOOL
PA,TAX1050,42-045-1215180-EIT-239652,"Darby, BORO of - EIT",MUNICIPAL
PA,TAX1050,42-045-1215180-EIT-239652,"Darby, BORO of - EIT",SCHOOL
PA,TAX1660,42-013-1215960-LST-073503,"Frankstown, TWP of - LST",MUNICIPAL
PA,TAX1660,42-013-1215960-LST-073503,"Frankstown, TWP of - LST",SCHOOL
PA,TAX5945,42-095-1215503-EIT-484803,"Stockertown, BORO of - EIT",MUNICIPAL
PA,TAX5945,42-095-1215503-EIT-484803,"Stockertown, BORO of - EIT",SCHOOL
PA,TAX715,42-125-1215657-EIT-631803,"Charleroi, BORO of - EIT",MUNICIPAL
PA,TAX715,42-125-1215657-EIT-631803,"Charleroi, BORO of - EIT",SCHOOL
PA,TAX6214,42-001-1215796-EIT-015203,"Union, TWP of - EIT (015203)",MUNICIPAL
PA,TAX6214,42-001-1215796-EIT-015203,"Union, TWP of - EIT (015203)",SCHOOL
PA,TAX211,42-003-1215798-LST-021102,"Baldwin, TWP of - LST",MUNICIPAL
PA,TAX211,42-003-1215798-LST-021102,"Baldwin, TWP of - LST",SCHOOL
PA,TAX5573,42-009-1214906-EIT-051503,"Schellsburg, BORO of - EIT",MUNICIPAL
PA,TAX5573,42-009-1214906-EIT-051503,"Schellsburg, BORO of - EIT",SCHOOL
PA,TAX743,42-045-1215176-EIT-234103,"Chester Heights, BORO of-EIT",MUNICIPAL
PA,TAX743,42-045-1215176-EIT-234103,"Chester Heights, BORO of-EIT",SCHOOL
PA,TAX5847,42-099-1216950-EIT-508003,"Southwest Madison, TWP of-EIT",MUNICIPAL
PA,TAX5847,42-099-1216950-EIT-508003,"Southwest Madison, TWP of-EIT",SCHOOL
PA,TAX5097,42-031-1216216-LST-160303,"Perry, TWP of - LST (160303)",MUNICIPAL
PA,TAX5097,42-031-1216216-LST-160303,"Perry, TWP of - LST (160303)",SCHOOL
PA,TAX2752,42-069-1178738-EIT-665003,"Laplume, TWP of - EIT",MUNICIPAL
PA,TAX2752,42-069-1178738-EIT-665003,"Laplume, TWP of - EIT",SCHOOL
PA,TAX1440,42-069-1216596-LST-356503,"Elmhurst, TWP of - LST",MUNICIPAL
PA,TAX1440,42-069-1216596-LST-356503,"Elmhurst, TWP of - LST",SCHOOL
PA,TAX6839,42-081-1216778-LST-417202,"Woodward, TWP of - LST (417202)",MUNICIPAL
PA,TAX6839,42-081-1216778-LST-417202,"Woodward, TWP of - LST (417202)",SCHOOL
PA,TAX786,42-125-1215658-LST-633903,"Claysville, BORO of - LST",MUNICIPAL
PA,TAX786,42-125-1215658-LST-633903,"Claysville, BORO of - LST",SCHOOL
PA,TAX218,42-063-1216532-LST-338003,"Banks, TWP of - LST (338003)",MUNICIPAL
PA,TAX218,42-063-1216532-LST-338003,"Banks, TWP of - LST (338003)",SCHOOL
PA,TAX6682,42-125-1217212-LST-631503,"West Pike Run, TWP of - LST",MUNICIPAL
PA,TAX6682,42-125-1217212-LST-631503,"West Pike Run, TWP of - LST",SCHOOL
PA,TAX6310,42-045-1216396-EIT-237903,"Upper Providence, TWP of-EIT (237903)",MUNICIPAL
PA,TAX6310,42-045-1216396-EIT-237903,"Upper Providence, TWP of-EIT (237903)",SCHOOL
PA,TAX6913,42-063-1216554-LST-321103,"Young, TWP of - LST (321103)",MUNICIPAL
PA,TAX6913,42-063-1216554-LST-321103,"Young, TWP of - LST (321103)",SCHOOL
PA,TAX6919,42-097-1216935-EIT-493503,"Zerbe, TWP of - EIT",MUNICIPAL
PA,TAX6919,42-097-1216935-EIT-493503,"Zerbe, TWP of - EIT",SCHOOL
PA,TAX6745,42-003-1214841-EIT-026002,"White Oak, BORO of - EIT (026002)",MUNICIPAL
PA,TAX6745,42-003-1214841-EIT-026002,"White Oak, BORO of - EIT (026002)",SCHOOL
PA,TAX6909,42-063-1216554-EIT-030603,"Young, TWP of - EIT (030603)",MUNICIPAL
PA,TAX6909,42-063-1216554-EIT-030603,"Young, TWP of - EIT (030603)",SCHOOL
PA,TAX2862,42-031-1216208-EIT-166503,"Licking, TWP of - EIT",MUNICIPAL
PA,TAX2862,42-031-1216208-EIT-166503,"Licking, TWP of - EIT",SCHOOL
PA,TAX3556,42-073-1216657-LST-375203,"Neshannock, TWP of - LST",MUNICIPAL
PA,TAX3556,42-073-1216657-LST-375203,"Neshannock, TWP of - LST",SCHOOL
PA,TAX3333,42-081-1216761-LST-412003,"Mill Creek, TWP of - LST (412003)",MUNICIPAL
PA,TAX3333,42-081-1216761-LST-412003,"Mill Creek, TWP of - LST (412003)",SCHOOL
PA,TAX1476,42-079-1215388-LST-409203,"Exeter, BORO of - LST",MUNICIPAL
PA,TAX1476,42-079-1215388-LST-409203,"Exeter, BORO of - LST",SCHOOL
PA,TAX3495,42-129-1217242-EIT-655903,"Mount Pleasant, TWP of - EIT (655903)",MUNICIPAL
PA,TAX3495,42-129-1217242-EIT-655903,"Mount Pleasant, TWP of - EIT (655903)",SCHOOL
PA,TAX2398,42-005-1215847-EIT-030603,"Kiskiminetas, TWP of - EIT",MUNICIPAL
PA,TAX2398,42-005-1215847-EIT-030603,"Kiskiminetas, TWP of - EIT",SCHOOL
PA,TAX182,42-005-1214846-LST-030852,"Atwood, BORO of - LST",MUNICIPAL
PA,TAX182,42-005-1214846-LST-030852,"Atwood, BORO of - LST",SCHOOL
PA,TAX125,42-075-1216670-LST-380303,"Annville, TWP of - LST",MUNICIPAL
PA,TAX125,42-075-1216670-LST-380303,"Annville, TWP of - LST",SCHOOL
PA,TAX3239,42-131-1215733-LST-582503,"Meshoppen, BORO of - LST",MUNICIPAL
PA,TAX3239,42-131-1215733-LST-582503,"Meshoppen, BORO of - LST",SCHOOL
PA,TAX5356,42-003-1215825-EIT-028302,"Reserve, TWP of - EIT",MUNICIPAL
PA,TAX5356,42-003-1215825-EIT-028302,"Reserve, TWP of - EIT",SCHOOL
PA,TAX1152,42-091-1216852-EIT-060753,"Douglass, TWP of - EIT (060753)",MUNICIPAL
PA,TAX1152,42-091-1216852-EIT-060753,"Douglass, TWP of - EIT (060753)",SCHOOL
PA,TAX728,42-123-1217159-LST-628302,"Cherry Grove, TWP of - LST",MUNICIPAL
PA,TAX728,42-123-1217159-LST-628302,"Cherry Grove, TWP of - LST",SCHOOL
PA,TAX277,42-017-1216009-LST-098103,"Bedminster, TWP of - LST",MUNICIPAL
PA,TAX277,42-017-1216009-LST-098103,"Bedminster, TWP of - LST",SCHOOL
PA,TAX6369,42-039-1216325-EIT-201352,"Vernon, TWP of - EIT",MUNICIPAL
PA,TAX6369,42-039-1216325-EIT-201352,"Vernon, TWP of - EIT",SCHOOL
PA,TAX5617,42-003-1214823-EIT-027753,"Sewickley, BORO of - EIT",MUNICIPAL
PA,TAX5617,42-003-1214823-EIT-027753,"Sewickley, BORO of - EIT",SCHOOL
PA,TAX1052,42-045-1216381-EIT-238402,"Darby, TWP of - EIT",MUNICIPAL
PA,TAX1052,42-045-1216381-EIT-238402,"Darby, TWP of - EIT",SCHOOL
PA,TAX6840,42-091-1216886-EIT-465303,"Worcester, TWP of - EIT",MUNICIPAL
PA,TAX6840,42-091-1216886-EIT-465303,"Worcester, TWP of - EIT",SCHOOL
PA,TAX5541,42-081-1215426-EIT-414003,"Salladasburg, BORO of - EIT",MUNICIPAL
PA,TAX5541,42-081-1215426-EIT-414003,"Salladasburg, BORO of - EIT",SCHOOL
PA,TAX6438,42-071-1216647-LST-369003,"Warwick, TWP of - LST (369003)",MUNICIPAL
PA,TAX6438,42-071-1216647-LST-369003,"Warwick, TWP of - LST (369003)",SCHOOL
PA,TAX5189,42-105-1216980-LST-426303,"Pleasant Valley, TWP of - LST",MUNICIPAL
PA,TAX5189,42-105-1216980-LST-426303,"Pleasant Valley, TWP of - LST",SCHOOL
PA,TAX927,42-071-1216618-EIT-362403,"Conoy, TWP of - EIT",MUNICIPAL
PA,TAX927,42-071-1216618-EIT-362403,"Conoy, TWP of - EIT",SCHOOL
PA,TAX6634,42-071-1216652-LST-363603,"West Lampeter, TWP of - LST",MUNICIPAL
PA,TAX6634,42-071-1216652-LST-363603,"West Lampeter, TWP of - LST",SCHOOL
PA,TAX3163,42-097-1215511-LST-498003,"McEwensville, BORO of - LST",MUNICIPAL
PA,TAX3163,42-097-1215511-LST-498003,"McEwensville, BORO of - LST",SCHOOL
PA,TAX5009,42-045-1215191-EIT-236903,"Parkside, BORO of - EIT",MUNICIPAL
PA,TAX5009,42-045-1215191-EIT-236903,"Parkside, BORO of - EIT",SCHOOL
PA,TAX3317,42-111-1217056-EIT-566303,"Milford, TWP of - EIT (566303)",MUNICIPAL
PA,TAX3317,42-111-1217056-EIT-566303,"Milford, TWP of - EIT (566303)",SCHOOL
PA,TAX351,42-095-1217330-LST-481002,"Bethlehem, City of - LST (481002)",MUNICIPAL
PA,TAX351,42-095-1217330-LST-481002,"Bethlehem, City of - LST (481002)",SCHOOL
PA,TAX5887,42-085-1216820-EIT-432903,"Springfield, TWP of - EIT (432903)",MUNICIPAL
PA,TAX5887,42-085-1216820-EIT-432903,"Springfield, TWP of - EIT (432903)",SCHOOL
PA,TAX1142,42-129-1217236-EIT-655903,"Donegal, TWP of - EIT (655903)",MUNICIPAL
PA,TAX1142,42-129-1217236-EIT-655903,"Donegal, TWP of - EIT (655903)",SCHOOL
PA,TAX1592,42-079-1215389-LST-409302,"Forty Fort, BORO of - LST",MUNICIPAL
PA,TAX1592,42-079-1215389-LST-409302,"Forty Fort, BORO of - LST",SCHOOL
PA,TAX226,42-061-1216501-EIT-312804,"Barree, TWP of - EIT",MUNICIPAL
PA,TAX226,42-061-1216501-EIT-312804,"Barree, TWP of - EIT",SCHOOL
PA,TAX515,42-087-2087472-EIT-444602,"Brown, TWP of - EIT (444602)",MUNICIPAL
PA,TAX515,42-087-2087472-EIT-444602,"Brown, TWP of - EIT (444602)",SCHOOL
PA,TAX188,42-105-1215536-LST-530304,"Austin, BORO of - LST",MUNICIPAL
PA,TAX188,42-105-1215536-LST-530304,"Austin, BORO of - LST",SCHOOL
PA,TAX1495,42-081-1216748-LST-415103,"Fairfield, TWP of - LST (415103)",MUNICIPAL
PA,TAX1495,42-081-1216748-LST-415103,"Fairfield, TWP of - LST (415103)",SCHOOL
PA,TAX1845,42-023-1216103-EIT-122703,"Grove, TWP of - EIT",MUNICIPAL
PA,TAX1845,42-023-1216103-EIT-122703,"Grove, TWP of - EIT",SCHOOL
PA,TAX399,42-039-1216298-LST-259103,"Bloomfield, TWP of - LST (259103)",MUNICIPAL
PA,TAX399,42-039-1216298-LST-259103,"Bloomfield, TWP of - LST (259103)",SCHOOL
PA,TAX5865,42-069-1216610-EIT-356503,"Spring Brook, TWP of - EIT",MUNICIPAL
PA,TAX5865,42-069-1216610-EIT-356503,"Spring Brook, TWP of - EIT",SCHOOL
PA,TAX1432,42-073-1215352-LST-372003,"Ellport, BORO of - LST",MUNICIPAL
PA,TAX1432,42-073-1215352-LST-372003,"Ellport, BORO of - LST",SCHOOL
PA,TAX373,42-079-1216703-LST-403302,"Black Creek, TWP of - LST",MUNICIPAL
PA,TAX373,42-079-1216703-LST-403302,"Black Creek, TWP of - LST",SCHOOL
PA,TAX5127,42-105-1216979-LST-532804,"Pike, TWP of - LST (532804)",MUNICIPAL
PA,TAX5127,42-105-1216979-LST-532804,"Pike, TWP of - LST (532804)",SCHOOL
PA,TAX2239,42-121-1217145-LST-612203,"Irwin, TWP of - LST",MUNICIPAL
PA,TAX2239,42-121-1217145-LST-612203,"Irwin, TWP of - LST",SCHOOL
PA,TAX69,42-105-1216968-LST-535504,"Allegany, TWP of - LST (535504)",MUNICIPAL
PA,TAX69,42-105-1216968-LST-535504,"Allegany, TWP of - LST (535504)",SCHOOL
PA,TAX117,42-049-1216407-EIT-259703,"Amity, TWP of - EIT (259703)",MUNICIPAL
PA,TAX117,42-049-1216407-EIT-259703,"Amity, TWP of - EIT (259703)",SCHOOL
PA,TAX6234,42-011-1215951-LST-061503,"Union, TWP of - LST (061503)",MUNICIPAL
PA,TAX6234,42-011-1215951-LST-061503,"Union, TWP of - LST (061503)",SCHOOL
PA,TAX6350,42-093-1216894-LST-471803,"Valley, TWP of - LST (471803)",MUNICIPAL
PA,TAX6350,42-093-1216894-LST-471803,"Valley, TWP of - LST (471803)",SCHOOL
PA,TAX6415,42-017-1216035-EIT-092002,"Warminster, TWP of - EIT",MUNICIPAL
PA,TAX6415,42-017-1216035-EIT-092002,"Warminster, TWP of - EIT",SCHOOL
PA,TAX1828,42-011-1215926-LST-064003,"Greenwich, TWP of - LST",MUNICIPAL
PA,TAX1828,42-011-1215926-LST-064003,"Greenwich, TWP of - LST",SCHOOL
PA,TAX1655,42-079-1216714-LST-401603,"Franklin, TWP of - LST (401603)",MUNICIPAL
PA,TAX1655,42-079-1216714-LST-401603,"Franklin, TWP of - LST (401603)",SCHOOL
PA,TAX6642,42-107-1217025-LST-547203,"West Mahanoy, TWP of - LST",MUNICIPAL
PA,TAX6642,42-107-1217025-LST-547203,"West Mahanoy, TWP of - LST",SCHOOL
PA,TAX5308,42-055-1216469-LST-289003,"Quincy, TWP of - LST",MUNICIPAL
PA,TAX5308,42-055-1216469-LST-289003,"Quincy, TWP of - LST",SCHOOL
PA,TAX3260,42-043-1216363-EIT-221402,"Middle Paxton, TWP of - EIT",MUNICIPAL
PA,TAX3260,42-043-1216363-EIT-221402,"Middle Paxton, TWP of - EIT",SCHOOL
PA,TAX3436,42-069-1215324-LST-357003,"Moosic, BORO of - LST",MUNICIPAL
PA,TAX3436,42-069-1215324-LST-357003,"Moosic, BORO of - LST",SCHOOL
PA,TAX3364,42-107-1215557-LST-544703,"Minersville, BORO of - LST",MUNICIPAL
PA,TAX3364,42-107-1215557-LST-544703,"Minersville, BORO of - LST",SCHOOL
PA,TAX2071,42-125-1215669-LST-631903,"Houston, BORO of - LST",MUNICIPAL
PA,TAX2071,42-125-1215669-LST-631903,"Houston, BORO of - LST",SCHOOL
PA,TAX6666,42-129-1215728-LST-658903,"West Newton, BORO of - LST",MUNICIPAL
PA,TAX6666,42-129-1215728-LST-658903,"West Newton, BORO of - LST",SCHOOL
PA,TAX547,42-015-1215976-LST-086653,"Burlington, TWP of - LST",MUNICIPAL
PA,TAX547,42-015-1215976-LST-086653,"Burlington, TWP of - LST",SCHOOL
PA,TAX3519,42-011-1215936-LST-065503,"Muhlenberg, TWP of - LST",MUNICIPAL
PA,TAX3519,42-011-1215936-LST-065503,"Muhlenberg, TWP of - LST",SCHOOL
PA,TAX541,42-051-1216430-LST-261302,"Bullskin, TWP of - LST",MUNICIPAL
PA,TAX541,42-051-1216430-LST-261302,"Bullskin, TWP of - LST",SCHOOL
PA,TAX1024,42-009-1215891-EIT-051003,"Cumberland Valley, TWP of-EIT",MUNICIPAL
PA,TAX1024,42-009-1215891-EIT-051003,"Cumberland Valley, TWP of-EIT",SCHOOL
PA,TAX3351,42-003-1214809-EIT-028302,"Millvale, BORO of - EIT",MUNICIPAL
PA,TAX3351,42-003-1214809-EIT-028302,"Millvale, BORO of - EIT",SCHOOL
PA,TAX3455,42-069-1215325-LST-356503,"Moscow, BORO of - LST",MUNICIPAL
PA,TAX3455,42-069-1215325-LST-356503,"Moscow, BORO of - LST",SCHOOL
PA,TAX6141,42-029-1216178-LST-157802,"Tredyffrin, TWP of - LST",MUNICIPAL
PA,TAX6141,42-029-1216178-LST-157802,"Tredyffrin, TWP of - LST",SCHOOL
PA,TAX171,42-015-1215973-EIT-086503,"Asylum, TWP of - EIT",MUNICIPAL
PA,TAX171,42-015-1215973-EIT-086503,"Asylum, TWP of - EIT",SCHOOL
PA,TAX3171,42-049-1216419-LST-253903,"McKean, TWP of - LST",MUNICIPAL
PA,TAX3171,42-049-1216419-LST-253903,"McKean, TWP of - LST",SCHOOL
PA,TAX1957,42-105-1216975-EIT-535504,"Hector, TWP of - EIT (535504)",MUNICIPAL
PA,TAX1957,42-105-1216975-EIT-535504,"Hector, TWP of - EIT (535504)",SCHOOL
PA,TAX6904,42-133-1217313-LST-671603,"York, TWP of - LST",MUNICIPAL
PA,TAX6904,42-133-1217313-LST-671603,"York, TWP of - LST",SCHOOL
PA,TAX3496,42-001-1215791-LST-011603,"Mount Pleasant, TWP of - LST (011603)",MUNICIPAL
PA,TAX3496,42-001-1215791-LST-011603,"Mount Pleasant, TWP of - LST (011603)",SCHOOL
PA,TAX2343,42-047-1216403-EIT-422303,"Jones, TWP of - EIT (422303)",MUNICIPAL
PA,TAX2343,42-047-1216403-EIT-422303,"Jones, TWP of - EIT (422303)",SCHOOL
PA,TAX5158,42-085-1216813-LST-432903,"Pine, TWP of - LST (432903)",MUNICIPAL
PA,TAX5158,42-085-1216813-LST-432903,"Pine, TWP of - LST (432903)",SCHOOL
PA,TAX1878,42-083-1216785-LST-422303,"Hamilton, TWP of - LST (422303)",MUNICIPAL
PA,TAX1878,42-083-1216785-LST-422303,"Hamilton, TWP of - LST (422303)",SCHOOL
PA,TAX5551,42-121-1217154-LST-612203,"Sandycreek, TWP of - LST",MUNICIPAL
PA,TAX5551,42-121-1217154-LST-612203,"Sandycreek, TWP of - LST",SCHOOL
PA,TAX5605,42-017-1214979-EIT-098103,"Sellersville, BORO of - EIT",MUNICIPAL
PA,TAX5605,42-017-1214979-EIT-098103,"Sellersville, BORO of - EIT",SCHOOL
PA,TAX5745,42-013-1215967-EIT-078003,"Snyder, TWP of - EIT (078003)",MUNICIPAL
PA,TAX5745,42-013-1215967-EIT-078003,"Snyder, TWP of - EIT (078003)",SCHOOL
PA,TAX6452,42-063-1216550-EIT-325203,"Washington, TWP of - EIT (325203)",MUNICIPAL
PA,TAX6452,42-063-1216550-EIT-325203,"Washington, TWP of - EIT (325203)",SCHOOL
PA,TAX5668,42-105-1215541-LST-537504,"Shinglehouse, BORO of - LST",MUNICIPAL
PA,TAX5668,42-105-1215541-LST-537504,"Shinglehouse, BORO of - LST",SCHOOL
PA,TAX5206,42-079-1215406-EIT-409302,"Plymouth, BORO of - EIT",MUNICIPAL
PA,TAX5206,42-079-1215406-EIT-409302,"Plymouth, BORO of - EIT",SCHOOL
PA,TAX3830,42-115-1215616-EIT-586503,"Oakland, BORO of - EIT (586503)",MUNICIPAL
PA,TAX3830,42-115-1215616-EIT-586503,"Oakland, BORO of - EIT (586503)",SCHOOL
PA,TAX3831,42-115-1215616-LST-586503,"Oakland, BORO of - LST (586503)",MUNICIPAL
PA,TAX3831,42-115-1215616-LST-586503,"Oakland, BORO of - LST (586503)",SCHOOL
PA,TAX1577,42-005-1214850-EIT-030852,"Ford Cliff, BORO of - EIT",MUNICIPAL
PA,TAX1577,42-005-1214850-EIT-030852,"Ford Cliff, BORO of - EIT",SCHOOL
PA,TAX6906,42-129-1215729-LST-653102,"Youngstown, BORO of - LST",MUNICIPAL
PA,TAX6906,42-129-1215729-LST-653102,"Youngstown, BORO of - LST",SCHOOL
PA,TAX5622,42-003-1214825-LST-027753,"Sewickley Hills, BORO of-LST",MUNICIPAL
PA,TAX5622,42-003-1214825-LST-027753,"Sewickley Hills, BORO of-LST",SCHOOL
PA,TAX6164,42-089-1216849-EIT-455403,"Tunkhannock, TWP of - EIT (455403)",MUNICIPAL
PA,TAX6164,42-089-1216849-EIT-455403,"Tunkhannock, TWP of - EIT (455403)",SCHOOL
PA,TAX223,42-065-1216555-EIT-330803,"Barnett, TWP of - EIT (330803)",MUNICIPAL
PA,TAX223,42-065-1216555-EIT-330803,"Barnett, TWP of - EIT (330803)",SCHOOL
PA,TAX5031,42-133-1217303-LST-676203,"Peach Bottom, TWP of - LST",MUNICIPAL
PA,TAX5031,42-133-1217303-LST-676203,"Peach Bottom, TWP of - LST",SCHOOL
PA,TAX6532,42-025-1215052-LST-139004,"Weatherly, BORO of - LST",MUNICIPAL
PA,TAX6532,42-025-1215052-LST-139004,"Weatherly, BORO of - LST",SCHOOL
PA,TAX6783,42-073-1216669-EIT-378003,"Wilmington, TWP of - EIT (378003)",MUNICIPAL
PA,TAX6783,42-073-1216669-EIT-378003,"Wilmington, TWP of - EIT (378003)",SCHOOL
PA,TAX2282,42-047-1216402-EIT-248003,"Jay, TWP of - EIT",MUNICIPAL
PA,TAX2282,42-047-1216402-EIT-248003,"Jay, TWP of - EIT",SCHOOL
PA,TAX4260,42-051-1215234-LST-268003,"Ohiopyle, BORO of - LST",MUNICIPAL
PA,TAX4260,42-051-1215234-LST-268003,"Ohiopyle, BORO of - LST",SCHOOL
PA,TAX1310,42-107-1216998-EIT-546803,"East Norwegian, TWP of - EIT",MUNICIPAL
PA,TAX1310,42-107-1216998-EIT-546803,"East Norwegian, TWP of - EIT",SCHOOL
PA,TAX2991,42-095-1216905-LST-486003,"Lower Saucon, TWP of - LST",MUNICIPAL
PA,TAX2991,42-095-1216905-LST-486003,"Lower Saucon, TWP of - LST",SCHOOL
PA,TAX616,42-069-1215315-LST-351303,"Carbondale, City of - LST",MUNICIPAL
PA,TAX616,42-069-1215315-LST-351303,"Carbondale, City of - LST",SCHOOL
PA,TAX6585,42-071-1216648-LST-061103,"West Cocalico, TWP of - LST (061103)",MUNICIPAL
PA,TAX6585,42-071-1216648-LST-061103,"West Cocalico, TWP of - LST (061103)",SCHOOL
PA,TAX3590,42-099-1215529-LST-506003,"New Buffalo, BORO of - LST",MUNICIPAL
PA,TAX3590,42-099-1215529-LST-506003,"New Buffalo, BORO of - LST",SCHOOL
PA,TAX03,42-001-1214750-LST-011603,"Abbottstown, BORO of - LST",MUNICIPAL
PA,TAX03,42-001-1214750-LST-011603,"Abbottstown, BORO of - LST",SCHOOL
PA,TAX6483,42-109-1217039-LST-557103,"Washington, TWP of - LST (557103)",MUNICIPAL
PA,TAX6483,42-109-1217039-LST-557103,"Washington, TWP of - LST (557103)",SCHOOL
PA,TAX1874,42-117-1217112-EIT-597003,"Hamilton, TWP of - EIT (597003)",MUNICIPAL
PA,TAX1874,42-117-1217112-EIT-597003,"Hamilton, TWP of - EIT (597003)",SCHOOL
PA,TAX1981,42-129-1217239-LST-653802,"Hempfield, TWP of - LST (653802)",MUNICIPAL
PA,TAX1981,42-129-1217239-LST-653802,"Hempfield, TWP of - LST (653802)",SCHOOL
PA,TAX5873,42-003-1214827-EIT-020603,"Springdale, BORO of - EIT",MUNICIPAL
PA,TAX5873,42-003-1214827-EIT-020603,"Springdale, BORO of - EIT",SCHOOL
PA,TAX5775,42-005-1215859-LST-030852,"South Bend, TWP of - LST",MUNICIPAL
PA,TAX5775,42-005-1215859-LST-030852,"South Bend, TWP of - LST",SCHOOL
PA,TAX6109,42-099-1216952-LST-508003,"Toboyne, TWP of - LST (508003)",MUNICIPAL
PA,TAX6109,42-099-1216952-LST-508003,"Toboyne, TWP of - LST (508003)",SCHOOL
PA,TAX6260,42-097-1216930-EIT-496603,"Upper Augusta, TWP of - EIT",MUNICIPAL
PA,TAX6260,42-097-1216930-EIT-496603,"Upper Augusta, TWP of - EIT",SCHOOL
PA,TAX5304,42-071-1215348-LST-367003,"Quarryville, BORO of - LST",MUNICIPAL
PA,TAX5304,42-071-1215348-LST-367003,"Quarryville, BORO of - LST",SCHOOL
PA,TAX1374,42-003-1214792-LST-027753,"Edgeworth, BORO of - LST",MUNICIPAL
PA,TAX1374,42-003-1214792-LST-027753,"Edgeworth, BORO of - LST",SCHOOL
PA,TAX4941,42-055-1215247-LST-218003,"Orrstown, BORO of - LST",MUNICIPAL
PA,TAX4941,42-055-1215247-LST-218003,"Orrstown, BORO of - LST",SCHOOL
PA,TAX5546,42-051-1216443-LST-261302,"Saltlick, TWP of - LST",MUNICIPAL
PA,TAX5546,42-051-1216443-LST-261302,"Saltlick, TWP of - LST",SCHOOL
PA,TAX3757,42-129-1217252-LST-656502,"North Huntingdon, TWP of-LST",MUNICIPAL
PA,TAX3757,42-129-1217252-LST-656502,"North Huntingdon, TWP of-LST",SCHOOL
PA,TAX5432,42-039-1216313-LST-204703,"Rockdale, TWP of - LST",MUNICIPAL
PA,TAX5432,42-039-1216313-LST-204703,"Rockdale, TWP of - LST",SCHOOL
PA,TAX6790,42-095-1215507-EIT-488603,"Wilson, BORO of - EIT",MUNICIPAL
PA,TAX6790,42-095-1215507-EIT-488603,"Wilson, BORO of - EIT",SCHOOL
PA,TAX6395,42-027-1216141-LST-141103,"Walker, TWP of - LST (141103)",MUNICIPAL
PA,TAX6395,42-027-1216141-LST-141103,"Walker, TWP of - LST (141103)",SCHOOL
PA,TAX5680,42-031-1215090-LST-166503,"Shippenville, BORO of - LST",MUNICIPAL
PA,TAX5680,42-031-1215090-LST-166503,"Shippenville, BORO of - LST",SCHOOL
PA,TAX1005,42-021-1215014-LST-116003,"Cresson, BORO of - LST",MUNICIPAL
PA,TAX1005,42-021-1215014-LST-116003,"Cresson, BORO of - LST",SCHOOL
PA,TAX6601,42-029-1216189-EIT-156503,"West Fallowfield, TWP of-EIT (156503)",MUNICIPAL
PA,TAX6601,42-029-1216189-EIT-156503,"West Fallowfield, TWP of-EIT (156503)",SCHOOL
PA,TAX17,42-109-1217027-LST-555003,"Adams, TWP of - LST (555003)",MUNICIPAL
PA,TAX17,42-109-1217027-LST-555003,"Adams, TWP of - LST (555003)",SCHOOL
PA,TAX5744,42-097-1215518-LST-496603,"Snydertown, BORO of - LST",MUNICIPAL
PA,TAX5744,42-097-1215518-LST-496603,"Snydertown, BORO of - LST",SCHOOL
PA,TAX1187,42-051-1215226-LST-261302,"Dunbar, BORO of - LST",MUNICIPAL
PA,TAX1187,42-051-1215226-LST-261302,"Dunbar, BORO of - LST",SCHOOL
PA,TAX5693,42-081-1216772-EIT-412003,"Shrewsbury, TWP of - EIT (412003)",MUNICIPAL
PA,TAX5693,42-081-1216772-EIT-412003,"Shrewsbury, TWP of - EIT (412003)",SCHOOL
PA,TAX1309,42-091-1216853-LST-465602,"East Norriton, TWP of - LST",MUNICIPAL
PA,TAX1309,42-091-1216853-LST-465602,"East Norriton, TWP of - LST",SCHOOL
PA,TAX5690,42-011-1214928-LST-063503,"Shoemakersville, BORO of-LST",MUNICIPAL
PA,TAX5690,42-011-1214928-LST-063503,"Shoemakersville, BORO of-LST",SCHOOL
PA,TAX3667,42-085-1216810-EIT-433903,"New Vernon, TWP of - EIT",MUNICIPAL
PA,TAX3667,42-085-1216810-EIT-433903,"New Vernon, TWP of - EIT",SCHOOL
PA,TAX939,42-041-1216331-EIT-210503,"Cooke, TWP of - EIT",MUNICIPAL
PA,TAX939,42-041-1216331-EIT-210503,"Cooke, TWP of - EIT",SCHOOL
PA,TAX1459,42-071-1216629-EIT-362603,"Ephrata, TWP of - EIT",MUNICIPAL
PA,TAX1459,42-071-1216629-EIT-362603,"Ephrata, TWP of - EIT",SCHOOL
PA,TAX5808,42-007-1214891-LST-040703,"South Heights, BORO of - LST",MUNICIPAL
PA,TAX5808,42-007-1214891-LST-040703,"South Heights, BORO of - LST",SCHOOL
PA,TAX3000,42-051-1215230-EIT-262903,"Lower Tyrone, TWP of - EIT",MUNICIPAL
PA,TAX3000,42-051-1215230-EIT-262903,"Lower Tyrone, TWP of - EIT",SCHOOL
PA,TAX5050,42-003-1214816-EIT-026303,"Pennsbury Village, BORO of-EIT",MUNICIPAL
PA,TAX5050,42-003-1214816-EIT-026303,"Pennsbury Village, BORO of-EIT",SCHOOL
PA,TAX829,42-125-1215659-EIT-631503,"Coal Center, BORO of - EIT",MUNICIPAL
PA,TAX829,42-125-1215659-EIT-631503,"Coal Center, BORO of - EIT",SCHOOL
PA,TAX3208,42-123-1217169-EIT-628302,"Mead, TWP of - EIT",MUNICIPAL
PA,TAX3208,42-123-1217169-EIT-628302,"Mead, TWP of - EIT",SCHOOL
PA,TAX2030,42-063-1215289-EIT-323303,"Homer City, BORO of - EIT",MUNICIPAL
PA,TAX2030,42-063-1215289-EIT-323303,"Homer City, BORO of - EIT",SCHOOL
PA,TAX5396,42-045-1215193-LST-237702,"Ridley Park, BORO of - LST",MUNICIPAL
PA,TAX5396,42-045-1215193-LST-237702,"Ridley Park, BORO of - LST",SCHOOL
PA,TAX2888,42-061-1216512-LST-312503,"Lincoln, TWP of - LST (312503)",MUNICIPAL
PA,TAX2888,42-061-1216512-LST-312503,"Lincoln, TWP of - LST (312503)",SCHOOL
PA,TAX599,42-127-1217214-EIT-648903,"Canaan, TWP of - EIT",MUNICIPAL
PA,TAX599,42-127-1217214-EIT-648903,"Canaan, TWP of - EIT",SCHOOL
PA,TAX3155,42-109-1215576-LST-555003,"McClure, BORO of - LST",MUNICIPAL
PA,TAX3155,42-109-1215576-LST-555003,"McClure, BORO of - LST",SCHOOL
PA,TAX1316,42-041-1216333-EIT-212503,"East Pennsboro, TWP of - EIT",MUNICIPAL
PA,TAX1316,42-041-1216333-EIT-212503,"East Pennsboro, TWP of - EIT",SCHOOL
PA,TAX3619,42-071-1215346-EIT-362303,"New Holland, BORO of - EIT",MUNICIPAL
PA,TAX3619,42-071-1215346-EIT-362303,"New Holland, BORO of - EIT",SCHOOL
PA,TAX3646,42-079-1216726-LST-402603,"Newport, TWP of - LST",MUNICIPAL
PA,TAX3646,42-079-1216726-LST-402603,"Newport, TWP of - LST",SCHOOL
PA,TAX1194,42-117-1217107-EIT-598503,"Duncan, TWP of - EIT",MUNICIPAL
PA,TAX1194,42-117-1217107-EIT-598503,"Duncan, TWP of - EIT",SCHOOL
PA,TAX180,42-039-1216296-LST-204703,"Athens, TWP of - LST (204703)",MUNICIPAL
PA,TAX180,42-039-1216296-LST-204703,"Athens, TWP of - LST (204703)",SCHOOL
PA,TAX3778,42-125-1217201-EIT-631703,"North Strabane, TWP of - EIT",MUNICIPAL
PA,TAX3778,42-125-1217201-EIT-631703,"North Strabane, TWP of - EIT",SCHOOL
PA,TAX594,42-039-1215131-LST-204703,"Cambridge Springs, BORO of-LST",MUNICIPAL
PA,TAX594,42-039-1215131-LST-204703,"Cambridge Springs, BORO of-LST",SCHOOL
PA,TAX1139,42-129-1215697-LST-655903,"Donegal, BORO of - LST",MUNICIPAL
PA,TAX1139,42-129-1215697-LST-655903,"Donegal, BORO of - LST",SCHOOL
PA,TAX465,42-071-1216613-LST-362303,"Brecknock, TWP of - LST (362303)",MUNICIPAL
PA,TAX465,42-071-1216613-LST-362303,"Brecknock, TWP of - LST (362303)",SCHOOL
PA,TAX2112,42-039-1215136-EIT-617203,"Hydetown, BORO of - EIT",MUNICIPAL
PA,TAX2112,42-039-1215136-EIT-617203,"Hydetown, BORO of - EIT",SCHOOL
PA,TAX5832,42-035-1215120-LST-183602,"South Renovo, BORO of - LST",MUNICIPAL
PA,TAX5832,42-035-1215120-LST-183602,"South Renovo, BORO of - LST",SCHOOL
PA,TAX39,42-049-1215204-LST-258503,"Albion, BORO of - LST",MUNICIPAL
PA,TAX39,42-049-1215204-LST-258503,"Albion, BORO of - LST",SCHOOL
PA,TAX5777,42-005-1214858-LST-168003,"South Bethlehem, BORO of-LST",MUNICIPAL
PA,TAX5777,42-005-1214858-LST-168003,"South Bethlehem, BORO of-LST",SCHOOL
PA,TAX3415,42-055-1215246-EIT-289003,"Mont Alto, BORO of - EIT",MUNICIPAL
PA,TAX3415,42-055-1215246-EIT-289003,"Mont Alto, BORO of - EIT",SCHOOL
PA,TAX2940,42-041-1216336-LST-216503,"Lower Allen, TWP of - LST (210604)",MUNICIPAL
PA,TAX2940,42-041-1216336-LST-216503,"Lower Allen, TWP of - LST (210604)",SCHOOL
PA,TAX1988,42-081-1216751-EIT-417202,"Hepburn, TWP of - EIT",MUNICIPAL
PA,TAX1988,42-081-1216751-EIT-417202,"Hepburn, TWP of - EIT",SCHOOL
PA,TAX2292,42-059-1215255-EIT-303503,"Jefferson, BORO of - EIT (303503)",MUNICIPAL
PA,TAX2292,42-059-1215255-EIT-303503,"Jefferson, BORO of - EIT (303503)",SCHOOL
PA,TAX3254,42-117-1217116-EIT-598503,"Middlebury, TWP of - EIT",MUNICIPAL
PA,TAX3254,42-117-1217116-EIT-598503,"Middlebury, TWP of - EIT",SCHOOL
PA,TAX545,42-015-1214950-LST-086653,"Burlington, BORO of - LST",MUNICIPAL
PA,TAX545,42-015-1214950-LST-086653,"Burlington, BORO of - LST",SCHOOL
PA,TAX2321,42-053-1216456-LST-272003,"Jenks, TWP of - LST",MUNICIPAL
PA,TAX2321,42-053-1216456-LST-272003,"Jenks, TWP of - LST",SCHOOL
PA,TAX5270,42-107-1215566-EIT-546103,"Pottsville, City of - EIT",MUNICIPAL
PA,TAX5270,42-107-1215566-EIT-546103,"Pottsville, City of - EIT",SCHOOL
PA,TAX5984,42-079-1216734-LST-403302,"Sugarloaf, TWP of - LST (403302)",MUNICIPAL
PA,TAX5984,42-079-1216734-LST-403302,"Sugarloaf, TWP of - LST (403302)",SCHOOL
PA,TAX6175,42-097-1216929-LST-495003,"Turbot, TWP of - LST",MUNICIPAL
PA,TAX6175,42-097-1216929-LST-495003,"Turbot, TWP of - LST",SCHOOL
PA,TAX3535,42-079-1215400-LST-402603,"Nanticoke, City of - LST",MUNICIPAL
PA,TAX3535,42-079-1215400-LST-402603,"Nanticoke, City of - LST",SCHOOL
PA,TAX741,42-045-1215175-EIT-231232,"Chester, City of - EIT",MUNICIPAL
PA,TAX741,42-045-1215175-EIT-231232,"Chester, City of - EIT",SCHOOL
PA,TAX2143,42-007-1215876-EIT-044103,"Independence, TWP of - EIT (044103)",MUNICIPAL
PA,TAX2143,42-007-1215876-EIT-044103,"Independence, TWP of - EIT (044103)",SCHOOL
PA,TAX681,42-039-1215132-EIT-617203,"Centerville, BORO of - EIT (617203)",MUNICIPAL
PA,TAX681,42-039-1215132-EIT-617203,"Centerville, BORO of - EIT (617203)",SCHOOL
PA,TAX3040,42-031-1216210-LST-169003,"Madison, TWP of - LST (169003)",MUNICIPAL
PA,TAX3040,42-031-1216210-LST-169003,"Madison, TWP of - LST (169003)",SCHOOL
PA,TAX416,42-027-1216119-LST-141003,"Boggs, TWP of - LST (141003)",MUNICIPAL
PA,TAX416,42-027-1216119-LST-141003,"Boggs, TWP of - LST (141003)",SCHOOL
PA,TAX6773,42-043-1215172-LST-548803,"Williamstown, BORO of - LST",MUNICIPAL
PA,TAX6773,42-043-1215172-LST-548803,"Williamstown, BORO of - LST",SCHOOL
PA,TAX978,42-079-1215383-EIT-409302,"Courtdale, BORO of - EIT",MUNICIPAL
PA,TAX978,42-079-1215383-EIT-409302,"Courtdale, BORO of - EIT",SCHOOL
PA,TAX3794,42-013-1215966-EIT-077503,"North Woodbury, TWP of - EIT",MUNICIPAL
PA,TAX3794,42-013-1215966-EIT-077503,"North Woodbury, TWP of - EIT",SCHOOL
PA,TAX2002,42-053-1216454-EIT-272003,"Hickory, TWP of - EIT (272003)",MUNICIPAL
PA,TAX2002,42-053-1216454-EIT-272003,"Hickory, TWP of - EIT (272003)",SCHOOL
PA,TAX1999,42-115-1217087-EIT-583003,"Herrick, TWP of - EIT (583003)",MUNICIPAL
PA,TAX1999,42-115-1217087-EIT-583003,"Herrick, TWP of - EIT (583003)",SCHOOL
PA,TAX3748,42-003-1215819-EIT-029403,"North Fayette, TWP of - EIT",MUNICIPAL
PA,TAX3748,42-003-1215819-EIT-029403,"North Fayette, TWP of - EIT",SCHOOL
PA,TAX5335,42-021-1216092-LST-173003,"Reade, TWP of - LST",MUNICIPAL
PA,TAX5335,42-021-1216092-LST-173003,"Reade, TWP of - LST",SCHOOL
PA,TAX6477,42-073-1217314-LST-378003,"Washington, TWP of - LST (378003)",MUNICIPAL
PA,TAX6477,42-073-1217314-LST-378003,"Washington, TWP of - LST (378003)",SCHOOL
PA,TAX6535,42-025-1215053-EIT-135503,"Weissport, BORO of - EIT",MUNICIPAL
PA,TAX6535,42-025-1215053-EIT-135503,"Weissport, BORO of - EIT",SCHOOL
PA,TAX6502,42-049-1215220-LST-259703,"Wattsburg, BORO of - LST",MUNICIPAL
PA,TAX6502,42-049-1215220-LST-259703,"Wattsburg, BORO of - LST",SCHOOL
PA,TAX3773,42-041-1216342-LST-210503,"North Newton, TWP of - LST",MUNICIPAL
PA,TAX3773,42-041-1216342-LST-210503,"North Newton, TWP of - LST",SCHOOL
PA,TAX1275,42-091-1215468-LST-468603,"East Greenville, BORO of-LST",MUNICIPAL
PA,TAX1275,42-091-1215468-LST-468603,"East Greenville, BORO of-LST",SCHOOL
PA,TAX5929,42-127-1217230-EIT-648903,"Sterling, TWP of - EIT",MUNICIPAL
PA,TAX5929,42-127-1217230-EIT-648903,"Sterling, TWP of - EIT",SCHOOL
PA,TAX3340,42-071-1215343-LST-365203,"Millersville, BORO of - LST",MUNICIPAL
PA,TAX3340,42-071-1215343-LST-365203,"Millersville, BORO of - LST",SCHOOL
PA,TAX2093,42-043-1215164-LST-224003,"Hummelstown, BORO of - LST",MUNICIPAL
PA,TAX2093,42-043-1215164-LST-224003,"Hummelstown, BORO of - LST",SCHOOL
PA,TAX447,42-019-1216042-EIT-107503,"Brady, TWP of - EIT (107503)",MUNICIPAL
PA,TAX447,42-019-1216042-EIT-107503,"Brady, TWP of - EIT (107503)",SCHOOL
PA,TAX3407,42-031-1216212-LST-161203,"Monroe, TWP of - LST (161203)",MUNICIPAL
PA,TAX3407,42-031-1216212-LST-161203,"Monroe, TWP of - LST (161203)",SCHOOL
PA,TAX2023,42-017-1216019-LST-465702,"Hilltown, TWP of - LST (465702)",MUNICIPAL
PA,TAX2023,42-017-1216019-LST-465702,"Hilltown, TWP of - LST (465702)",SCHOOL
PA,TAX5498,42-107-1217015-LST-544503,"Ryan, TWP of - LST",MUNICIPAL
PA,TAX5498,42-107-1217015-LST-544503,"Ryan, TWP of - LST",SCHOOL
PA,TAX549,42-087-1215454-LST-444602,"Burnham, BORO of - LST",MUNICIPAL
PA,TAX549,42-087-1215454-LST-444602,"Burnham, BORO of - LST",SCHOOL
PA,TAX5453,42-095-1215502-EIT-480803,"Roseto, BORO of - EIT",MUNICIPAL
PA,TAX5453,42-095-1215502-EIT-480803,"Roseto, BORO of - EIT",SCHOOL
PA,TAX1033,42-033-1215098-LST-171803,"Curwensville, BORO of - LST",MUNICIPAL
PA,TAX1033,42-033-1215098-LST-171803,"Curwensville, BORO of - LST",SCHOOL
PA,TAX5926,42-027-1215063-LST-148002,"State College, BORO of - LST",MUNICIPAL
PA,TAX5926,42-027-1215063-LST-148002,"State College, BORO of - LST",SCHOOL
PA,TAX1656,42-081-1216749-LST-412003,"Franklin, TWP of - LST (412003)",MUNICIPAL
PA,TAX1656,42-081-1216749-LST-412003,"Franklin, TWP of - LST (412003)",SCHOOL
PA,TAX1235,42-107-1216997-LST-540803,"East Brunswick, TWP of - LST",MUNICIPAL
PA,TAX1235,42-107-1216997-LST-540803,"East Brunswick, TWP of - LST",SCHOOL
PA,TAX5643,42-105-1216983-EIT-537504,"Sharon, TWP of - EIT",MUNICIPAL
PA,TAX5643,42-105-1216983-EIT-537504,"Sharon, TWP of - EIT",SCHOOL
PA,TAX5633,42-109-1215579-EIT-557103,"Shamokin Dam, BORO of - EIT",MUNICIPAL
PA,TAX5633,42-109-1215579-EIT-557103,"Shamokin Dam, BORO of - EIT",SCHOOL
PA,TAX6128,42-107-1215572-EIT-548803,"Tower City, BORO of - EIT",MUNICIPAL
PA,TAX6128,42-107-1215572-EIT-548803,"Tower City, BORO of - EIT",SCHOOL
PA,TAX5428,42-007-2086684-LST-046903,"Rochester, BORO of - LST",MUNICIPAL
PA,TAX5428,42-007-2086684-LST-046903,"Rochester, BORO of - LST",SCHOOL
PA,TAX5128,42-043-1215169-EIT-229003,"Pillow, BORO of - EIT",MUNICIPAL
PA,TAX5128,42-043-1215169-EIT-229003,"Pillow, BORO of - EIT",SCHOOL
PA,TAX10,42-071-1217319-EIT-361303,"Adamstown, BORO of - EIT",MUNICIPAL
PA,TAX10,42-071-1217319-EIT-361303,"Adamstown, BORO of - EIT",SCHOOL
PA,TAX3593,42-041-1215151-LST-218003,"Newburg, BORO of - LST (218003)",MUNICIPAL
PA,TAX3593,42-041-1215151-LST-218003,"Newburg, BORO of - LST (218003)",SCHOOL
PA,TAX5362,42-079-1216730-EIT-401403,"Rice, TWP of - EIT",MUNICIPAL
PA,TAX5362,42-079-1216730-EIT-401403,"Rice, TWP of - EIT",SCHOOL
PA,TAX2879,42-093-1216891-LST-498003,"Limestone, TWP of - LST (498003)",MUNICIPAL
PA,TAX2879,42-093-1216891-LST-498003,"Limestone, TWP of - LST (498003)",SCHOOL
PA,TAX896,42-021-1216078-LST-111403,"Conemaugh, TWP of - LST (111403)",MUNICIPAL
PA,TAX896,42-021-1216078-LST-111403,"Conemaugh, TWP of - LST (111403)",SCHOOL
PA,TAX1407,42-071-1215337-EIT-362403,"Elizabethtown, BORO of - EIT",MUNICIPAL
PA,TAX1407,42-071-1215337-EIT-362403,"Elizabethtown, BORO of - EIT",SCHOOL
PA,TAX5012,42-005-1215853-LST-654403,"Parks, TWP of - LST",MUNICIPAL
PA,TAX5012,42-005-1215853-LST-654403,"Parks, TWP of - LST",SCHOOL
PA,TAX5759,42-091-1215483-LST-467103,"Souderton, BORO of - LST",MUNICIPAL
PA,TAX5759,42-091-1215483-LST-467103,"Souderton, BORO of - LST",SCHOOL
PA,TAX5013,42-025-1215050-EIT-135503,"Parryville, BORO of - EIT",MUNICIPAL
PA,TAX5013,42-025-1215050-EIT-135503,"Parryville, BORO of - EIT",SCHOOL
PA,TAX5838,42-051-1216444-LST-264003,"South Union, TWP of - LST",MUNICIPAL
PA,TAX5838,42-051-1216444-LST-264003,"South Union, TWP of - LST",SCHOOL
PA,TAX5354,42-035-1215119-EIT-183602,"Renovo, BORO of - EIT",MUNICIPAL
PA,TAX5354,42-035-1215119-EIT-183602,"Renovo, BORO of - EIT",SCHOOL
PA,TAX3476,42-071-1216637-EIT-362203,"Mount Joy, TWP of - EIT (362203)",MUNICIPAL
PA,TAX3476,42-071-1216637-EIT-362203,"Mount Joy, TWP of - EIT (362203)",SCHOOL
PA,TAX5371,42-017-1216029-EIT-098403,"Richland, TWP of - EIT (098403)",MUNICIPAL
PA,TAX5371,42-017-1216029-EIT-098403,"Richland, TWP of - EIT (098403)",SCHOOL
PA,TAX2403,42-005-1214852-LST-030852,"Kittanning, BORO of - LST",MUNICIPAL
PA,TAX2403,42-005-1214852-LST-030852,"Kittanning, BORO of - LST",SCHOOL
PA,TAX2318,42-091-1215472-EIT-463803,"Jenkintown, BORO of - EIT",MUNICIPAL
PA,TAX2318,42-091-1215472-EIT-463803,"Jenkintown, BORO of - EIT",SCHOOL
PA,TAX3570,42-111-1215592-LST-561003,"New Baltimore, BORO of - LST",MUNICIPAL
PA,TAX3570,42-111-1215592-LST-561003,"New Baltimore, BORO of - LST",SCHOOL
PA,TAX5166,42-003-1214818-LST-021102,Pittsburgh - LST (021102),MUNICIPAL
PA,TAX5166,42-003-1214818-LST-021102,Pittsburgh - LST (021102),SCHOOL
PA,TAX301,42-003-1214768-LST-020753,"Ben Avon, BORO of - LST",MUNICIPAL
PA,TAX301,42-003-1214768-LST-020753,"Ben Avon, BORO of - LST",SCHOOL
PA,TAX3016,42-079-1215399-EIT-409302,"Luzerne, BORO of - EIT",MUNICIPAL
PA,TAX3016,42-079-1215399-EIT-409302,"Luzerne, BORO of - EIT",SCHOOL
PA,TAX1706,42-065-1216560-LST-338003,"Gaskill, TWP of - LST",MUNICIPAL
PA,TAX1706,42-065-1216560-LST-338003,"Gaskill, TWP of - LST",SCHOOL
PA,TAX1702,42-081-1216750-LST-415103,"Gamble, TWP of - LST",MUNICIPAL
PA,TAX1702,42-081-1216750-LST-415103,"Gamble, TWP of - LST",SCHOOL
PA,TAX1663,42-085-1215438-EIT-435303,"Fredonia, BORO of - EIT",MUNICIPAL
PA,TAX1663,42-085-1215438-EIT-435303,"Fredonia, BORO of - EIT",SCHOOL
PA,TAX1415,42-049-1216410-EIT-258503,"Elk Creek, TWP of - EIT",MUNICIPAL
PA,TAX1415,42-049-1216410-EIT-258503,"Elk Creek, TWP of - EIT",SCHOOL
PA,TAX2784,42-117-1215623-EIT-596003,"Lawrenceville, BORO of - EIT",MUNICIPAL
PA,TAX2784,42-117-1215623-EIT-596003,"Lawrenceville, BORO of - EIT",SCHOOL
PA,TAX840,42-097-1216913-LST-496503,"Coal, TWP of - LST",MUNICIPAL
PA,TAX840,42-097-1216913-LST-496503,"Coal, TWP of - LST",SCHOOL
PA,TAX5995,42-065-1215303-EIT-330803,"Summerville, BORO of - EIT",MUNICIPAL
PA,TAX5995,42-065-1215303-EIT-330803,"Summerville, BORO of - EIT",SCHOOL
PA,TAX1294,42-063-1216541-EIT-325203,"East Mahoning, TWP of - EIT",MUNICIPAL
PA,TAX1294,42-063-1216541-EIT-325203,"East Mahoning, TWP of - EIT",SCHOOL
PA,TAX2323,42-111-1215590-LST-565503,"Jennerstown, BORO of - LST",MUNICIPAL
PA,TAX2323,42-111-1215590-LST-565503,"Jennerstown, BORO of - LST",SCHOOL
PA,TAX5042,42-003-1215823-EIT-027352,"Penn Hills, TWP of - EIT",MUNICIPAL
PA,TAX5042,42-003-1215823-EIT-027352,"Penn Hills, TWP of - EIT",SCHOOL
PA,TAX735,42-019-1216046-EIT-105353,"Cherry, TWP of - EIT (105353)",MUNICIPAL
PA,TAX735,42-019-1216046-EIT-105353,"Cherry, TWP of - EIT (105353)",SCHOOL
PA,TAX6361,42-039-1215144-EIT-204703,"Venango, BORO of - EIT",MUNICIPAL
PA,TAX6361,42-039-1215144-EIT-204703,"Venango, BORO of - EIT",SCHOOL
PA,TAX3725,42-131-1217273-LST-667503,"North Branch, TWP of - LST",MUNICIPAL
PA,TAX3725,42-131-1217273-LST-667503,"North Branch, TWP of - LST",SCHOOL
PA,TAX1990,42-011-1215928-EIT-468603,"Hereford, TWP of - EIT",MUNICIPAL
PA,TAX1990,42-011-1215928-EIT-468603,"Hereford, TWP of - EIT",SCHOOL
PA,TAX990,42-019-1216052-EIT-107903,"Cranberry, TWP of - EIT (107903)",MUNICIPAL
PA,TAX990,42-019-1216052-EIT-107903,"Cranberry, TWP of - EIT (107903)",SCHOOL
PA,TAX206,42-035-1216253-EIT-183602,"Bald Eagle, TWP of - EIT",MUNICIPAL
PA,TAX206,42-035-1216253-EIT-183602,"Bald Eagle, TWP of - EIT",SCHOOL
PA,TAX1831,42-039-1216306-EIT-201033,"Greenwood, TWP of - EIT (201033)",MUNICIPAL
PA,TAX1831,42-039-1216306-EIT-201033,"Greenwood, TWP of - EIT (201033)",SCHOOL
PA,TAX2310,42-051-1216437-LST-262903,"Jefferson, TWP of - LST (262903)",MUNICIPAL
PA,TAX2310,42-051-1216437-LST-262903,"Jefferson, TWP of - LST (262903)",SCHOOL
PA,TAX5594,42-069-1215328-LST-357402,"Scranton, City of - LST",MUNICIPAL
PA,TAX5594,42-069-1215328-LST-357402,"Scranton, City of - LST",SCHOOL
PA,TAX2110,42-129-1215702-EIT-654403,"Hyde Park, BORO of - EIT",MUNICIPAL
PA,TAX2110,42-129-1215702-EIT-654403,"Hyde Park, BORO of - EIT",SCHOOL
PA,TAX1465,42-003-1214795-EIT-028302,"Etna, BORO of - EIT",MUNICIPAL
PA,TAX1465,42-003-1214795-EIT-028302,"Etna, BORO of - EIT",SCHOOL
PA,TAX5388,42-047-1215202-EIT-246003,"Ridgway, BORO of - EIT",MUNICIPAL
PA,TAX5388,42-047-1215202-EIT-246003,"Ridgway, BORO of - EIT",SCHOOL
PA,TAX918,42-039-1215135-LST-201033,"Conneautville, BORO of - LST",MUNICIPAL
PA,TAX918,42-039-1215135-LST-201033,"Conneautville, BORO of - LST",SCHOOL
PA,TAX5589,42-003-1215829-LST-021752,"Scott, TWP of - LST (021752)",MUNICIPAL
PA,TAX5589,42-003-1215829-LST-021752,"Scott, TWP of - LST (021752)",SCHOOL
PA,TAX489,42-017-1216012-LST-091352,"Bristol, TWP of - LST",MUNICIPAL
PA,TAX489,42-017-1216012-LST-091352,"Bristol, TWP of - LST",SCHOOL
PA,TAX712,42-109-1217030-EIT-557103,"Chapman, TWP of - EIT (557103)",MUNICIPAL
PA,TAX712,42-109-1217030-EIT-557103,"Chapman, TWP of - EIT (557103)",SCHOOL
PA,TAX551,42-033-1215094-LST-327303,"Burnside, BORO of - LST",MUNICIPAL
PA,TAX551,42-033-1215094-LST-327303,"Burnside, BORO of - LST",SCHOOL
PA,TAX6449,42-049-1216426-EIT-253903,"Washington, TWP of - EIT (253903)",MUNICIPAL
PA,TAX6449,42-049-1216426-EIT-253903,"Washington, TWP of - EIT (253903)",SCHOOL
PA,TAX1446,42-077-1215376-LST-392303,"Emmaus, BORO of - LST",MUNICIPAL
PA,TAX1446,42-077-1215376-LST-392303,"Emmaus, BORO of - LST",SCHOOL
PA,TAX2934,42-021-1215027-EIT-112003,"Lorain, BORO of - EIT",MUNICIPAL
PA,TAX2934,42-021-1215027-EIT-112003,"Lorain, BORO of - EIT",SCHOOL
PA,TAX1289,42-085-1216797-LST-435003,"East Lackawannock, TWP of-LST",MUNICIPAL
PA,TAX1289,42-085-1216797-LST-435003,"East Lackawannock, TWP of-LST",SCHOOL
PA,TAX6208,42-049-1215218-EIT-259103,"Union City, BORO of - EIT",MUNICIPAL
PA,TAX6208,42-049-1215218-EIT-259103,"Union City, BORO of - EIT",SCHOOL
PA,TAX1103,42-129-1215695-LST-652603,"Delmont, BORO of - LST (652603)",MUNICIPAL
PA,TAX1103,42-129-1215695-LST-652603,"Delmont, BORO of - LST (652603)",SCHOOL
PA,TAX6916,42-129-1215730-LST-653802,"Youngwood, BORO of - LST",MUNICIPAL
PA,TAX6916,42-129-1215730-LST-653802,"Youngwood, BORO of - LST",SCHOOL
PA,TAX3562,42-045-1216387-LST-239603,"Nether Providence, TWP of-LST",MUNICIPAL
PA,TAX3562,42-045-1216387-LST-239603,"Nether Providence, TWP of-LST",SCHOOL
PA,TAX1938,42-045-1216383-LST-234502,"Haverford, TWP of - LST",MUNICIPAL
PA,TAX1938,42-045-1216383-LST-234502,"Haverford, TWP of - LST",SCHOOL
PA,TAX5242,42-031-1216215-EIT-168003,"Porter, TWP of - EIT (168003)",MUNICIPAL
PA,TAX5242,42-031-1216215-EIT-168003,"Porter, TWP of - EIT (168003)",SCHOOL
PA,TAX5683,42-041-1215154-EIT-216503,"Shiremanstown, BORO of - EIT",MUNICIPAL
PA,TAX5683,42-041-1215154-EIT-216503,"Shiremanstown, BORO of - EIT",SCHOOL
PA,TAX2979,42-095-1216904-LST-484803,"Lower Nazareth, TWP of - LST",MUNICIPAL
PA,TAX2979,42-095-1216904-LST-484803,"Lower Nazareth, TWP of - LST",SCHOOL
PA,TAX3293,42-043-1216364-EIT-229003,"Mifflin, TWP of - EIT (229003)",MUNICIPAL
PA,TAX3293,42-043-1216364-EIT-229003,"Mifflin, TWP of - EIT (229003)",SCHOOL
PA,TAX3551,42-079-1215401-EIT-191103,"Nescopeck, BORO of - EIT",MUNICIPAL
PA,TAX3551,42-079-1215401-EIT-191103,"Nescopeck, BORO of - EIT",SCHOOL
PA,TAX244,42-079-1216702-EIT-408852,"Bear Creek, TWP of - EIT",MUNICIPAL
PA,TAX244,42-079-1216702-EIT-408852,"Bear Creek, TWP of - EIT",SCHOOL
PA,TAX3172,42-003-1214807-EIT-026002,"McKeesport, City of - EIT",MUNICIPAL
PA,TAX3172,42-003-1214807-EIT-026002,"McKeesport, City of - EIT",SCHOOL
PA,TAX804,42-115-1217080-LST-584603,"Clifford, TWP of - LST",MUNICIPAL
PA,TAX804,42-115-1217080-LST-584603,"Clifford, TWP of - LST",SCHOOL
PA,TAX6756,42-091-1216885-LST-469303,"Whitpain, TWP of - LST",MUNICIPAL
PA,TAX6756,42-091-1216885-LST-469303,"Whitpain, TWP of - LST",SCHOOL
PA,TAX275,42-009-1215887-LST-051003,"Bedford, TWP of - LST",MUNICIPAL
PA,TAX275,42-009-1215887-LST-051003,"Bedford, TWP of - LST",SCHOOL
PA,TAX675,42-109-1217029-EIT-555003,"Center, TWP of - EIT (555003)",MUNICIPAL
PA,TAX675,42-109-1217029-EIT-555003,"Center, TWP of - EIT (555003)",SCHOOL
PA,TAX4929,42-061-1215275-LST-317503,"Orbisonia, BORO of - LST",MUNICIPAL
PA,TAX4929,42-061-1215275-LST-317503,"Orbisonia, BORO of - LST",SCHOOL
PA,TAX818,42-121-1217141-LST-612203,"Clinton, TWP of - LST (612203)",MUNICIPAL
PA,TAX818,42-121-1217141-LST-612203,"Clinton, TWP of - LST (612203)",SCHOOL
PA,TAX6496,42-097-1215521-LST-498003,"Watsontown, BORO of - LST",MUNICIPAL
PA,TAX6496,42-097-1215521-LST-498003,"Watsontown, BORO of - LST",SCHOOL
PA,TAX2243,42-085-1215442-LST-433903,"Jackson Center, BORO of - LST",MUNICIPAL
PA,TAX2243,42-085-1215442-LST-433903,"Jackson Center, BORO of - LST",SCHOOL
PA,TAX3403,42-109-1217034-EIT-557103,"Monroe, TWP of - EIT (557103)",MUNICIPAL
PA,TAX3403,42-109-1217034-EIT-557103,"Monroe, TWP of - EIT (557103)",SCHOOL
PA,TAX6040,42-107-1215571-LST-547603,"Tamaqua, BORO of - LST",MUNICIPAL
PA,TAX6040,42-107-1215571-LST-547603,"Tamaqua, BORO of - LST",SCHOOL
PA,TAX191,42-035-1215113-EIT-414003,"Avis, BORO of - EIT",MUNICIPAL
PA,TAX191,42-035-1215113-EIT-414003,"Avis, BORO of - EIT",SCHOOL
PA,TAX3023,42-043-2086583-LST-229003,"Lykens, BORO of - LST",MUNICIPAL
PA,TAX3023,42-043-2086583-LST-229003,"Lykens, BORO of - LST",SCHOOL
PA,TAX2786,42-071-1216632-EIT-365303,"Leacock, TWP of - EIT",MUNICIPAL
PA,TAX2786,42-071-1216632-EIT-365303,"Leacock, TWP of - EIT",SCHOOL
PA,TAX1731,42-107-1215549-EIT-544503,"Gilberton, BORO of - EIT",MUNICIPAL
PA,TAX1731,42-107-1215549-EIT-544503,"Gilberton, BORO of - EIT",SCHOOL
PA,TAX6051,42-013-1215968-LST-077503,"Taylor, TWP of - LST (077503)",MUNICIPAL
PA,TAX6051,42-013-1215968-LST-077503,"Taylor, TWP of - LST (077503)",SCHOOL
PA,TAX2350,42-081-1216752-LST-412003,"Jordan, TWP of - LST (412003)",MUNICIPAL
PA,TAX2350,42-081-1216752-LST-412003,"Jordan, TWP of - LST (412003)",SCHOOL
PA,TAX647,42-061-1215267-EIT-317503,"Cassville, BORO of - EIT",MUNICIPAL
PA,TAX647,42-061-1215267-EIT-317503,"Cassville, BORO of - EIT",SCHOOL
PA,TAX4914,42-099-1216946-EIT-504003,"Oliver, TWP of - EIT (504003)",MUNICIPAL
PA,TAX4914,42-099-1216946-EIT-504003,"Oliver, TWP of - EIT (504003)",SCHOOL
PA,TAX3014,42-055-1216465-EIT-281302,"Lurgan, TWP of - EIT",MUNICIPAL
PA,TAX3014,42-055-1216465-EIT-281302,"Lurgan, TWP of - EIT",SCHOOL
PA,TAX5000,42-089-1216841-LST-455403,"Paradise, TWP of - LST (455403)",MUNICIPAL
PA,TAX5000,42-089-1216841-LST-455403,"Paradise, TWP of - LST (455403)",SCHOOL
PA,TAX1626,42-003-2086666-LST-026852,"Franklin Park, BORO of - LST",MUNICIPAL
PA,TAX1626,42-003-2086666-LST-026852,"Franklin Park, BORO of - LST",SCHOOL
PA,TAX3120,42-051-1215231-LST-268003,"Markleysburg, BORO of - LST",MUNICIPAL
PA,TAX3120,42-051-1215231-LST-268003,"Markleysburg, BORO of - LST",SCHOOL
PA,TAX6245,42-079-1216735-LST-406003,"Union, TWP of - LST (406003)",MUNICIPAL
PA,TAX6245,42-079-1216735-LST-406003,"Union, TWP of - LST (406003)",SCHOOL
PA,TAX84,42-077-1215372-EIT-390302,"Allentown, City of - EIT",MUNICIPAL
PA,TAX84,42-077-1215372-EIT-390302,"Allentown, City of - EIT",SCHOOL
PA,TAX6779,42-029-1216199-LST-153503,"Willistown, TWP of - LST",MUNICIPAL
PA,TAX6779,42-029-1216199-LST-153503,"Willistown, TWP of - LST",SCHOOL
PA,TAX1887,42-133-1215748-EIT-672803,"Hanover, BORO of - EIT",MUNICIPAL
PA,TAX1887,42-133-1215748-EIT-672803,"Hanover, BORO of - EIT",SCHOOL
PA,TAX6499,42-081-1216776-LST-414003,"Watson, TWP of - LST (414003)",MUNICIPAL
PA,TAX6499,42-081-1216776-LST-414003,"Watson, TWP of - LST (414003)",SCHOOL
PA,TAX2385,42-025-1216110-LST-139004,"Kidder, TWP of - LST (139004)",MUNICIPAL
PA,TAX2385,42-025-1216110-LST-139004,"Kidder, TWP of - LST (139004)",SCHOOL
PA,TAX5820,42-041-1216347-LST-218303,"South Middleton, TWP of - LST",MUNICIPAL
PA,TAX5820,42-041-1216347-LST-218303,"South Middleton, TWP of - LST",SCHOOL
PA,TAX3791,42-091-1215476-LST-465702,"North Wales, BORO of - LST",MUNICIPAL
PA,TAX3791,42-091-1215476-LST-465702,"North Wales, BORO of - LST",SCHOOL
PA,TAX3716,42-073-1216658-EIT-375003,"North Beaver, TWP of - EIT",MUNICIPAL
PA,TAX3716,42-073-1216658-EIT-375003,"North Beaver, TWP of - EIT",SCHOOL
PA,TAX781,42-069-1215317-EIT-350303,"Clarks Summit, BORO of - EIT",MUNICIPAL
PA,TAX781,42-069-1215317-EIT-350303,"Clarks Summit, BORO of - EIT",SCHOOL
PA,TAX2780,42-033-1216242-EIT-171003,"Lawrence, TWP of - EIT (171003)",MUNICIPAL
PA,TAX2780,42-033-1216242-EIT-171003,"Lawrence, TWP of - EIT (171003)",SCHOOL
PA,TAX5490,42-097-1216927-LST-471803,"Rush, TWP of - LST (471803)",MUNICIPAL
PA,TAX5490,42-097-1216927-LST-471803,"Rush, TWP of - LST (471803)",SCHOOL
PA,TAX1196,42-059-1216486-EIT-306503,"Dunkard, TWP of - EIT",MUNICIPAL
PA,TAX1196,42-059-1216486-EIT-306503,"Dunkard, TWP of - EIT",SCHOOL
PA,TAX888,42-045-1216380-EIT-234103,"Concord, TWP of - EIT (234103)",MUNICIPAL
PA,TAX888,42-045-1216380-EIT-234103,"Concord, TWP of - EIT (234103)",SCHOOL
PA,TAX6500,42-123-1217180-LST-628302,"Watson, TWP of - LST (628302)",MUNICIPAL
PA,TAX6500,42-123-1217180-LST-628302,"Watson, TWP of - LST (628302)",SCHOOL
PA,TAX6270,42-091-1216874-EIT-468303,"Upper Dublin, TWP of - EIT",MUNICIPAL
PA,TAX6270,42-091-1216874-EIT-468303,"Upper Dublin, TWP of - EIT",SCHOOL
PA,TAX2020,42-017-1216019-EIT-098103,"Hilltown, TWP of - EIT (098103)",MUNICIPAL
PA,TAX2020,42-017-1216019-EIT-098103,"Hilltown, TWP of - EIT (098103)",SCHOOL
PA,TAX2734,42-019-1216059-EIT-107903,"Lancaster, TWP of - EIT (107903)",MUNICIPAL
PA,TAX2734,42-019-1216059-EIT-107903,"Lancaster, TWP of - EIT (107903)",SCHOOL
PA,TAX1247,42-097-1216916-LST-495003,"East Chillisquaque, TWP of-LST",MUNICIPAL
PA,TAX1247,42-097-1216916-LST-495003,"East Chillisquaque, TWP of-LST",SCHOOL
PA,TAX4998,42-133-1217302-EIT-676703,"Paradise, TWP of - EIT (676703)",MUNICIPAL
PA,TAX4998,42-133-1217302-EIT-676703,"Paradise, TWP of - EIT (676703)",SCHOOL
PA,TAX231,42-021-1216073-LST-114503,"Barr, TWP of - LST",MUNICIPAL
PA,TAX231,42-021-1216073-LST-114503,"Barr, TWP of - LST",SCHOOL
PA,TAX3291,42-067-1215310-LST-343603,"Mifflintown, BORO of - LST",MUNICIPAL
PA,TAX3291,42-067-1215310-LST-343603,"Mifflintown, BORO of - LST",SCHOOL
PA,TAX166,42-021-1215008-LST-116003,"Ashville, BORO of - LST",MUNICIPAL
PA,TAX166,42-021-1215008-LST-116003,"Ashville, BORO of - LST",SCHOOL
PA,TAX6614,42-005-1215865-LST-030852,"West Franklin, TWP of - LST",MUNICIPAL
PA,TAX6614,42-005-1215865-LST-030852,"West Franklin, TWP of - LST",SCHOOL
PA,TAX1962,42-003-1214801-EIT-021752,"Heidelberg, BORO of - EIT",MUNICIPAL
PA,TAX1962,42-003-1214801-EIT-021752,"Heidelberg, BORO of - EIT",SCHOOL
PA,TAX6182,42-099-1216953-EIT-503004,"Tuscarora, TWP of - EIT (503004)",MUNICIPAL
PA,TAX6182,42-099-1216953-EIT-503004,"Tuscarora, TWP of - EIT (503004)",SCHOOL
PA,TAX6617,42-029-1215080-EIT-150503,"West Grove, BORO of - EIT",MUNICIPAL
PA,TAX6617,42-029-1215080-EIT-150503,"West Grove, BORO of - EIT",SCHOOL
PA,TAX2895,42-071-1215340-LST-369003,"Lititz, BORO of - LST",MUNICIPAL
PA,TAX2895,42-071-1215340-LST-369003,"Lititz, BORO of - LST",SCHOOL
PA,TAX5434,42-097-1216926-LST-496603,"Rockefeller, TWP of - LST",MUNICIPAL
PA,TAX5434,42-097-1216926-LST-496603,"Rockefeller, TWP of - LST",SCHOOL
PA,TAX1866,42-011-1214915-LST-063503,"Hamburg, BORO of - LST",MUNICIPAL
PA,TAX1866,42-011-1214915-LST-063503,"Hamburg, BORO of - LST",SCHOOL
PA,TAX3355,42-037-1215127-EIT-195004,"Millville, BORO of - EIT",MUNICIPAL
PA,TAX3355,42-037-1215127-EIT-195004,"Millville, BORO of - EIT",SCHOOL
PA,TAX938,42-037-1216278-LST-545003,"Conyngham, TWP of - LST (545003)",MUNICIPAL
PA,TAX938,42-037-1216278-LST-545003,"Conyngham, TWP of - LST (545003)",SCHOOL
PA,TAX5695,42-133-1217305-EIT-676503,"Shrewsbury, TWP of - EIT (676503)",MUNICIPAL
PA,TAX5695,42-133-1217305-EIT-676503,"Shrewsbury, TWP of - EIT (676503)",SCHOOL
PA,TAX1944,42-039-1216307-LST-204703,"Hayfield, TWP of - LST",MUNICIPAL
PA,TAX1944,42-039-1216307-LST-204703,"Hayfield, TWP of - LST",SCHOOL
PA,TAX5294,42-073-1216661-LST-378003,"Pulaski, TWP of - LST (378003)",MUNICIPAL
PA,TAX5294,42-073-1216661-LST-378003,"Pulaski, TWP of - LST (378003)",SCHOOL
PA,TAX5155,42-037-1216291-LST-195004,"Pine, TWP of - LST (195004)",MUNICIPAL
PA,TAX5155,42-037-1216291-LST-195004,"Pine, TWP of - LST (195004)",SCHOOL
PA,TAX5241,42-019-1215000-LST-107503,"Portersville, BORO of - LST",MUNICIPAL
PA,TAX5241,42-019-1215000-LST-107503,"Portersville, BORO of - LST",SCHOOL
PA,TAX5074,42-099-1216947-LST-506003,"Penn, TWP of - LST (506003)",MUNICIPAL
PA,TAX5074,42-099-1216947-LST-506003,"Penn, TWP of - LST (506003)",SCHOOL
PA,TAX2246,42-037-1216282-EIT-191004,"Jackson, TWP of - EIT (191004)",MUNICIPAL
PA,TAX2246,42-037-1216282-EIT-191004,"Jackson, TWP of - EIT (191004)",SCHOOL
PA,TAX6457,42-095-1216911-EIT-480803,"Washington, TWP of - EIT (480803)",MUNICIPAL
PA,TAX6457,42-095-1216911-EIT-480803,"Washington, TWP of - EIT (480803)",SCHOOL
PA,TAX706,42-055-1215243-LST-281302,"Chambersburg, BORO of - LST",MUNICIPAL
PA,TAX706,42-055-1215243-LST-281302,"Chambersburg, BORO of - LST",SCHOOL
PA,TAX2252,42-085-1216804-EIT-433903,"Jackson, TWP of - EIT (433903)",MUNICIPAL
PA,TAX2252,42-085-1216804-EIT-433903,"Jackson, TWP of - EIT (433903)",SCHOOL
PA,TAX1526,42-055-1216460-LST-282004,"Fannett, TWP of - LST",MUNICIPAL
PA,TAX1526,42-055-1216460-LST-282004,"Fannett, TWP of - LST",SCHOOL
PA,TAX1301,42-029-1216152-LST-158503,"East Marlborough, TWP of-LST (158503)",MUNICIPAL
PA,TAX1301,42-029-1216152-LST-158503,"East Marlborough, TWP of-LST (158503)",SCHOOL
PA,TAX3866,42-003-1215821-LST-023912,"Ohara, TWP of - LST",MUNICIPAL
PA,TAX3866,42-003-1215821-LST-023912,"Ohara, TWP of - LST",SCHOOL
PA,TAX315,42-111-1215581-LST-561803,"Benson, BORO of - LST",MUNICIPAL
PA,TAX315,42-111-1215581-LST-561803,"Benson, BORO of - LST",SCHOOL
PA,TAX6163,42-131-1215735-LST-667503,"Tunkhannock, BORO of - LST",MUNICIPAL
PA,TAX6163,42-131-1215735-LST-667503,"Tunkhannock, BORO of - LST",SCHOOL
PA,TAX987,42-005-1215843-LST-030852,"Cowanshannock, TWP of - LST",MUNICIPAL
PA,TAX987,42-005-1215843-LST-030852,"Cowanshannock, TWP of - LST",SCHOOL
PA,TAX6397,42-067-1216590-LST-343603,"Walker, TWP of - LST (343603)",MUNICIPAL
PA,TAX6397,42-067-1216590-LST-343603,"Walker, TWP of - LST (343603)",SCHOOL
PA,TAX6358,42-007-1214892-LST-041203,"Vanport, TWP of - LST",MUNICIPAL
PA,TAX6358,42-007-1214892-LST-041203,"Vanport, TWP of - LST",SCHOOL
PA,TAX718,42-117-1217101-LST-598503,"Charleston, TWP of - LST",MUNICIPAL
PA,TAX718,42-117-1217101-LST-598503,"Charleston, TWP of - LST",SCHOOL
PA,TAX1255,42-003-1215801-LST-022253,"East Deer, TWP of - LST",MUNICIPAL
PA,TAX1255,42-003-1215801-LST-022253,"East Deer, TWP of - LST",SCHOOL
PA,TAX5374,42-121-1217153-EIT-160303,"Richland, TWP of - EIT (160303)",MUNICIPAL
PA,TAX5374,42-121-1217153-EIT-160303,"Richland, TWP of - EIT (160303)",SCHOOL
PA,TAX3081,42-009-1214900-LST-051003,"Manns Choice, BORO of - LST",MUNICIPAL
PA,TAX3081,42-009-1214900-LST-051003,"Manns Choice, BORO of - LST",SCHOOL
PA,TAX6877,42-015-1216007-LST-089003,"Wyalusing, TWP of - LST",MUNICIPAL
PA,TAX6877,42-015-1216007-LST-089003,"Wyalusing, TWP of - LST",SCHOOL
PA,TAX1772,42-033-1216248-LST-171003,"Goshen, TWP of - LST",MUNICIPAL
PA,TAX1772,42-033-1216248-LST-171003,"Goshen, TWP of - LST",SCHOOL
PA,TAX542,42-125-1215653-EIT-631203,"Burgettstown, BORO of - EIT",MUNICIPAL
PA,TAX542,42-125-1215653-EIT-631203,"Burgettstown, BORO of - EIT",SCHOOL
PA,TAX3116,42-027-1216131-LST-141103,"Marion, TWP of - LST (141103)",MUNICIPAL
PA,TAX3116,42-027-1216131-LST-141103,"Marion, TWP of - LST (141103)",SCHOOL
PA,TAX254,42-025-1215042-EIT-403302,"Beaver Meadows, BORO of - EIT",MUNICIPAL
PA,TAX254,42-025-1215042-EIT-403302,"Beaver Meadows, BORO of - EIT",SCHOOL
PA,TAX878,42-003-1215799-LST-021752,"Collier, TWP of - LST",MUNICIPAL
PA,TAX878,42-003-1215799-LST-021752,"Collier, TWP of - LST",SCHOOL
PA,TAX6295,42-041-1216351-LST-210503,"Upper Mifflin, TWP of - LST",MUNICIPAL
PA,TAX6295,42-041-1216351-LST-210503,"Upper Mifflin, TWP of - LST",SCHOOL
PA,TAX422,42-001-1214754-LST-011603,"Bonneauville, BORO of - LST (011603)",MUNICIPAL
PA,TAX422,42-001-1214754-LST-011603,"Bonneauville, BORO of - LST (011603)",SCHOOL
PA,TAX2297,42-003-1217396-LST-029553,"Jefferson Hills, BORO of-LST",MUNICIPAL
PA,TAX2297,42-003-1217396-LST-029553,"Jefferson Hills, BORO of-LST",SCHOOL
PA,TAX2829,42-133-1215751-LST-219002,"Lewisberry, BORO of - LST",MUNICIPAL
PA,TAX2829,42-133-1215751-LST-219002,"Lewisberry, BORO of - LST",SCHOOL
PA,TAX6246,42-087-1216832-LST-444602,"Union, TWP of - LST (444602)",MUNICIPAL
PA,TAX6246,42-087-1216832-LST-444602,"Union, TWP of - LST (444602)",SCHOOL
PA,TAX614,42-125-1217184-LST-638003,"Canton, TWP of - LST (638003)",MUNICIPAL
PA,TAX614,42-125-1217184-LST-638003,"Canton, TWP of - LST (638003)",SCHOOL
PA,TAX1517,42-065-1217324-LST-172003,"Falls Creek, BORO of - LST (172003)",MUNICIPAL
PA,TAX1517,42-065-1217324-LST-172003,"Falls Creek, BORO of - LST (172003)",SCHOOL
PA,TAX5571,42-021-1215033-LST-569103,"Scalp Level, BORO of - LST",MUNICIPAL
PA,TAX5571,42-021-1215033-LST-569103,"Scalp Level, BORO of - LST",SCHOOL
PA,TAX1867,42-001-1215784-EIT-013054,"Hamiltonban, TWP of - EIT",MUNICIPAL
PA,TAX1867,42-001-1215784-EIT-013054,"Hamiltonban, TWP of - EIT",SCHOOL
PA,TAX2063,42-133-1217292-LST-676203,"Hopewell, TWP of - LST (676203)",MUNICIPAL
PA,TAX2063,42-133-1217292-LST-676203,"Hopewell, TWP of - LST (676203)",SCHOOL
PA,TAX5174,42-095-1216908-EIT-485603,"Plainfield, TWP of - EIT",MUNICIPAL
PA,TAX5174,42-095-1216908-EIT-485603,"Plainfield, TWP of - EIT",SCHOOL
PA,TAX3568,42-129-1215712-LST-651603,"New Alexandria, BORO of - LST",MUNICIPAL
PA,TAX3568,42-129-1215712-LST-651603,"New Alexandria, BORO of - LST",SCHOOL
PA,TAX296,42-065-1216557-LST-338003,"Bell, TWP of - LST (338003)",MUNICIPAL
PA,TAX296,42-065-1216557-LST-338003,"Bell, TWP of - LST (338003)",SCHOOL
PA,TAX2749,42-045-1215185-LST-239652,"Lansdowne, BORO of - LST",MUNICIPAL
PA,TAX2749,42-045-1215185-LST-239652,"Lansdowne, BORO of - LST",SCHOOL
PA,TAX1201,42-069-1215320-LST-352203,"Dunmore, BORO of - LST",MUNICIPAL
PA,TAX1201,42-069-1215320-LST-352203,"Dunmore, BORO of - LST",SCHOOL
PA,TAX5344,42-091-1215479-EIT-468603,"Red Hill, BORO of - EIT",MUNICIPAL
PA,TAX5344,42-091-1215479-EIT-468603,"Red Hill, BORO of - EIT",SCHOOL
PA,TAX625,42-003-1214778-EIT-021603,"Carnegie, BORO of - EIT",MUNICIPAL
PA,TAX625,42-003-1214778-EIT-021603,"Carnegie, BORO of - EIT",SCHOOL
PA,TAX1470,42-019-1214992-LST-107903,"Evans City, BORO of - LST",MUNICIPAL
PA,TAX1470,42-019-1214992-LST-107903,"Evans City, BORO of - LST",SCHOOL
PA,TAX391,42-069-1215314-LST-358403,"Blakely, BORO of - LST",MUNICIPAL
PA,TAX391,42-069-1215314-LST-358403,"Blakely, BORO of - LST",SCHOOL
PA,TAX2814,42-131-1217268-EIT-667503,"Lemon, TWP of - EIT",MUNICIPAL
PA,TAX2814,42-131-1217268-EIT-667503,"Lemon, TWP of - EIT",SCHOOL
PA,TAX3325,42-031-1216211-EIT-161703,"Millcreek, TWP of - EIT (161703)",MUNICIPAL
PA,TAX3325,42-031-1216211-EIT-161703,"Millcreek, TWP of - EIT (161703)",SCHOOL
PA,TAX994,42-049-1215206-EIT-258503,"Cranesville, BORO of - EIT",MUNICIPAL
PA,TAX994,42-049-1215206-EIT-258503,"Cranesville, BORO of - EIT",SCHOOL
PA,TAX529,42-079-1216704-LST-408852,"Buck, TWP of - LST",MUNICIPAL
PA,TAX529,42-079-1216704-LST-408852,"Buck, TWP of - LST",SCHOOL
PA,TAX2098,42-061-1215270-EIT-312503,"Huntingdon, BORO of - EIT",MUNICIPAL
PA,TAX2098,42-061-1215270-EIT-312503,"Huntingdon, BORO of - EIT",SCHOOL
PA,TAX4977,42-111-1215594-LST-569103,"Paint, BORO of - LST",MUNICIPAL
PA,TAX4977,42-111-1215594-LST-569103,"Paint, BORO of - LST",SCHOOL
PA,TAX2854,42-009-1215899-LST-058003,"Liberty, TWP of - LST (058003)",MUNICIPAL
PA,TAX2854,42-009-1215899-LST-058003,"Liberty, TWP of - LST (058003)",SCHOOL
PA,TAX2091,42-017-1214966-LST-097502,"Hulmeville, BORO of - LST",MUNICIPAL
PA,TAX2091,42-017-1214966-LST-097502,"Hulmeville, BORO of - LST",SCHOOL
PA,TAX1279,42-075-1216673-LST-385003,"East Hanover, TWP of - LST (385003)",MUNICIPAL
PA,TAX1279,42-075-1216673-LST-385003,"East Hanover, TWP of - LST (385003)",SCHOOL
PA,TAX2417,42-117-1215622-LST-596003,"Knoxville, BORO of - LST",MUNICIPAL
PA,TAX2417,42-117-1215622-LST-596003,"Knoxville, BORO of - LST",SCHOOL
PA,TAX6023,42-043-1216369-EIT-221402,"Swatara, TWP of - EIT (221402)",MUNICIPAL
PA,TAX6023,42-043-1216369-EIT-221402,"Swatara, TWP of - EIT (221402)",SCHOOL
PA,TAX1565,42-037-1216279-EIT-191004,"Fishing Creek, TWP of - EIT",MUNICIPAL
PA,TAX1565,42-037-1216279-EIT-191004,"Fishing Creek, TWP of - EIT",SCHOOL
PA,TAX150,42-081-1216739-EIT-416103,"Armstrong, TWP of - EIT (416103)",MUNICIPAL
PA,TAX150,42-081-1216739-EIT-416103,"Armstrong, TWP of - EIT (416103)",SCHOOL
PA,TAX1514,42-125-1217192-LST-631803,"Fallowfield, TWP of - LST",MUNICIPAL
PA,TAX1514,42-125-1217192-LST-631803,"Fallowfield, TWP of - LST",SCHOOL
PA,TAX6507,42-127-1215689-EIT-648903,"Waymart, BORO of - EIT",MUNICIPAL
PA,TAX6507,42-127-1215689-EIT-648903,"Waymart, BORO of - EIT",SCHOOL
PA,TAX1745,42-123-1217166-EIT-628302,"Glade, TWP of - EIT",MUNICIPAL
PA,TAX1745,42-123-1217166-EIT-628302,"Glade, TWP of - EIT",SCHOOL
PA,TAX5898,42-133-1217307-LST-671603,"Springfield, TWP of - LST (671603)",MUNICIPAL
PA,TAX5898,42-133-1217307-LST-671603,"Springfield, TWP of - LST (671603)",SCHOOL
PA,TAX1193,42-013-1214941-LST-073503,"Duncansville, BORO of - LST",MUNICIPAL
PA,TAX1193,42-013-1214941-LST-073503,"Duncansville, BORO of - LST",SCHOOL
PA,TAX475,42-017-1216011-LST-098003,"Bridgeton, TWP of - LST",MUNICIPAL
PA,TAX475,42-017-1216011-LST-098003,"Bridgeton, TWP of - LST",SCHOOL
PA,TAX6455,42-077-1216699-EIT-394503,"Washington, TWP of - EIT (394503)",MUNICIPAL
PA,TAX6455,42-077-1216699-EIT-394503,"Washington, TWP of - EIT (394503)",SCHOOL
PA,TAX1580,42-115-1215607-LST-583003,"Forest City, BORO of - LST",MUNICIPAL
PA,TAX1580,42-115-1215607-LST-583003,"Forest City, BORO of - LST",SCHOOL
PA,TAX6693,42-029-1216195-EIT-156503,"West Sadsbury, TWP of - EIT",MUNICIPAL
PA,TAX6693,42-029-1216195-EIT-156503,"West Sadsbury, TWP of - EIT",SCHOOL
PA,TAX2390,42-053-1216457-EIT-272003,"Kingsley, TWP of - EIT",MUNICIPAL
PA,TAX2390,42-053-1216457-EIT-272003,"Kingsley, TWP of - EIT",SCHOOL
PA,TAX3215,42-107-1215555-LST-546103,"Mechanicsville, BORO of - LST",MUNICIPAL
PA,TAX3215,42-107-1215555-LST-546103,"Mechanicsville, BORO of - LST",SCHOOL
PA,TAX1743,42-107-1215550-EIT-545003,"Girardville, BORO of - EIT",MUNICIPAL
PA,TAX1743,42-107-1215550-EIT-545003,"Girardville, BORO of - EIT",SCHOOL
PA,TAX5322,42-039-1216311-EIT-204703,"Randolph, TWP of - EIT",MUNICIPAL
PA,TAX5322,42-039-1216311-EIT-204703,"Randolph, TWP of - EIT",SCHOOL
PA,TAX1804,42-013-1215962-LST-071504,"Greenfield, TWP of - LST (071504)",MUNICIPAL
PA,TAX1804,42-013-1215962-LST-071504,"Greenfield, TWP of - LST (071504)",SCHOOL
PA,TAX6646,42-133-1215765-LST-678503,"West Manchester, TWP of - LST",MUNICIPAL
PA,TAX6646,42-133-1215765-LST-678503,"West Manchester, TWP of - LST",SCHOOL
PA,TAX4917,42-099-1216946-LST-504003,"Oliver, TWP of - LST (504003)",MUNICIPAL
PA,TAX4917,42-099-1216946-LST-504003,"Oliver, TWP of - LST (504003)",SCHOOL
PA,TAX792,42-071-1216615-LST-362603,"Clay, TWP of - LST (362603)",MUNICIPAL
PA,TAX792,42-071-1216615-LST-362603,"Clay, TWP of - LST (362603)",SCHOOL
PA,TAX649,42-035-1216255-EIT-183602,"Castanea, TWP of - EIT",MUNICIPAL
PA,TAX649,42-035-1216255-EIT-183602,"Castanea, TWP of - EIT",SCHOOL
PA,TAX1263,42-039-1216302-LST-201352,"East Fairfield, TWP of - LST",MUNICIPAL
PA,TAX1263,42-039-1216302-LST-201352,"East Fairfield, TWP of - LST",SCHOOL
PA,TAX2988,42-091-1216864-EIT-467103,"Lower Salford, TWP of - EIT",MUNICIPAL
PA,TAX2988,42-091-1216864-EIT-467103,"Lower Salford, TWP of - EIT",SCHOOL
PA,TAX3012,42-023-1216104-EIT-122703,"Lumber, TWP of - EIT",MUNICIPAL
PA,TAX3012,42-023-1216104-EIT-122703,"Lumber, TWP of - EIT",SCHOOL
PA,TAX4990,42-075-1215368-EIT-385303,"Palmyra, BORO of - EIT",MUNICIPAL
PA,TAX4990,42-075-1215368-EIT-385303,"Palmyra, BORO of - EIT",SCHOOL
PA,TAX2761,42-079-1215397-LST-409302,"Larksville, BORO of - LST",MUNICIPAL
PA,TAX2761,42-079-1215397-LST-409302,"Larksville, BORO of - LST",SCHOOL
PA,TAX593,42-039-1215131-EIT-204703,"Cambridge Springs, BORO of-EIT",MUNICIPAL
PA,TAX593,42-039-1215131-EIT-204703,"Cambridge Springs, BORO of-EIT",SCHOOL
PA,TAX1435,42-073-1214872-EIT-372003,"Ellwood City, BORO of - EIT (372003)",MUNICIPAL
PA,TAX1435,42-073-1214872-EIT-372003,"Ellwood City, BORO of - EIT (372003)",SCHOOL
PA,TAX528,42-079-1216704-EIT-408852,"Buck, TWP of - EIT",MUNICIPAL
PA,TAX528,42-079-1216704-EIT-408852,"Buck, TWP of - EIT",SCHOOL
PA,TAX2356,42-061-1216522-EIT-312503,"Juniata, TWP of - EIT (312503)",MUNICIPAL
PA,TAX2356,42-061-1216522-EIT-312503,"Juniata, TWP of - EIT (312503)",SCHOOL
PA,TAX3257,42-111-1217055-EIT-566303,"Middlecreek, TWP of - EIT (566303)",MUNICIPAL
PA,TAX3257,42-111-1217055-EIT-566303,"Middlecreek, TWP of - EIT (566303)",SCHOOL
PA,TAX3805,42-125-1217202-LST-637002,"Nottingham, TWP of - LST",MUNICIPAL
PA,TAX3805,42-125-1217202-LST-637002,"Nottingham, TWP of - LST",SCHOOL
PA,TAX5880,42-133-1217306-LST-679403,"Springettsbury, TWP of - LST (679403)",MUNICIPAL
PA,TAX5880,42-133-1217306-LST-679403,"Springettsbury, TWP of - LST (679403)",SCHOOL
PA,TAX3361,42-121-1217147-EIT-612203,"Mineral, TWP of - EIT",MUNICIPAL
PA,TAX3361,42-121-1217147-EIT-612203,"Mineral, TWP of - EIT",SCHOOL
PA,TAX989,42-003-1214785-LST-021603,"Crafton, BORO of - LST",MUNICIPAL
PA,TAX989,42-003-1214785-LST-021603,"Crafton, BORO of - LST",SCHOOL
PA,TAX690,42-027-1215055-LST-147003,"Centre Hall, BORO of - LST",MUNICIPAL
PA,TAX690,42-027-1215055-LST-147003,"Centre Hall, BORO of - LST",SCHOOL
PA,TAX5132,42-035-1216268-EIT-414003,"Pine Creek, TWP of - EIT (414003)",MUNICIPAL
PA,TAX5132,42-035-1216268-EIT-414003,"Pine Creek, TWP of - EIT (414003)",SCHOOL
PA,TAX6047,42-013-1215968-EIT-077503,"Taylor, TWP of - EIT (077503)",MUNICIPAL
PA,TAX6047,42-013-1215968-EIT-077503,"Taylor, TWP of - EIT (077503)",SCHOOL
PA,TAX404,42-033-1216225-EIT-172003,"Bloom, TWP of - EIT",MUNICIPAL
PA,TAX404,42-033-1216225-EIT-172003,"Bloom, TWP of - EIT",SCHOOL
PA,TAX3527,42-003-1214811-LST-028833,"Munhall, BORO of - LST",MUNICIPAL
PA,TAX3527,42-003-1214811-LST-028833,"Munhall, BORO of - LST",SCHOOL
PA,TAX5975,42-123-1215647-EIT-628302,"Sugar Grove, BORO of - EIT",MUNICIPAL
PA,TAX5975,42-123-1215647-EIT-628302,"Sugar Grove, BORO of - EIT",SCHOOL
PA,TAX1794,42-085-1216800-EIT-433604,"Greene, TWP of - EIT (433604)",MUNICIPAL
PA,TAX1794,42-085-1216800-EIT-433604,"Greene, TWP of - EIT (433604)",SCHOOL
PA,TAX1318,42-025-1216108-EIT-135503,"East Penn, TWP of - EIT",MUNICIPAL
PA,TAX1318,42-025-1216108-EIT-135503,"East Penn, TWP of - EIT",SCHOOL
PA,TAX3022,42-043-2086583-EIT-229003,"Lykens, BORO of - EIT",MUNICIPAL
PA,TAX3022,42-043-2086583-EIT-229003,"Lykens, BORO of - EIT",SCHOOL
PA,TAX640,42-021-1215012-LST-116303,"Cassandra, BORO of - LST",MUNICIPAL
PA,TAX640,42-021-1215012-LST-116303,"Cassandra, BORO of - LST",SCHOOL
PA,TAX3148,42-107-1215553-EIT-403302,"McAdoo, BORO of - EIT",MUNICIPAL
PA,TAX3148,42-107-1215553-EIT-403302,"McAdoo, BORO of - EIT",SCHOOL
PA,TAX6279,42-091-1216876-LST-465702,"Upper Gwynedd, TWP of - LST",MUNICIPAL
PA,TAX6279,42-091-1216876-LST-465702,"Upper Gwynedd, TWP of - LST",SCHOOL
PA,TAX5603,42-109-1215578-EIT-557103,"Selinsgrove, BORO of - EIT",MUNICIPAL
PA,TAX5603,42-109-1215578-EIT-557103,"Selinsgrove, BORO of - EIT",SCHOOL
PA,TAX5133,42-035-1216268-LST-183602,"Pine Creek, TWP of - LST (183602)",MUNICIPAL
PA,TAX5133,42-035-1216268-LST-183602,"Pine Creek, TWP of - LST (183602)",SCHOOL
PA,TAX1636,42-037-1216280-EIT-197503,"Franklin, TWP of - EIT (197503)",MUNICIPAL
PA,TAX1636,42-037-1216280-EIT-197503,"Franklin, TWP of - EIT (197503)",SCHOOL
PA,TAX3462,42-097-1215514-EIT-495103,"Mount Carmel, BORO of - EIT",MUNICIPAL
PA,TAX3462,42-097-1215514-EIT-495103,"Mount Carmel, BORO of - EIT",SCHOOL
PA,TAX5168,42-123-1217171-EIT-628302,"Pittsfield, TWP of - EIT",MUNICIPAL
PA,TAX5168,42-123-1217171-EIT-628302,"Pittsfield, TWP of - EIT",SCHOOL
PA,TAX1455,42-073-1215354-EIT-041603,"Enon Valley, BORO of - EIT",MUNICIPAL
PA,TAX1455,42-073-1215354-EIT-041603,"Enon Valley, BORO of - EIT",SCHOOL
PA,TAX6319,42-077-1216698-LST-395703,"Upper Saucon, TWP of - LST",MUNICIPAL
PA,TAX6319,42-077-1216698-LST-395703,"Upper Saucon, TWP of - LST",SCHOOL
PA,TAX1477,42-011-1215925-EIT-062003,"Exeter, TWP of - EIT (062003)",MUNICIPAL
PA,TAX1477,42-011-1215925-EIT-062003,"Exeter, TWP of - EIT (062003)",SCHOOL
PA,TAX5783,42-037-1216294-LST-191503,"South Centre, TWP of - LST",MUNICIPAL
PA,TAX5783,42-037-1216294-LST-191503,"South Centre, TWP of - LST",SCHOOL
PA,TAX5339,42-001-1215793-LST-011103,"Reading, TWP of - LST",MUNICIPAL
PA,TAX5339,42-001-1215793-LST-011103,"Reading, TWP of - LST",SCHOOL
PA,TAX569,42-019-1216044-LST-101252,"Butler, TWP of - LST (101252)",MUNICIPAL
PA,TAX569,42-019-1216044-LST-101252,"Butler, TWP of - LST (101252)",SCHOOL
PA,TAX6758,42-043-1216374-LST-548803,"Wiconisco, TWP of - LST",MUNICIPAL
PA,TAX6758,42-043-1216374-LST-548803,"Wiconisco, TWP of - LST",SCHOOL
PA,TAX6218,42-065-1215306-EIT-161703,"Union, TWP of - EIT (161703)",MUNICIPAL
PA,TAX6218,42-065-1215306-EIT-161703,"Union, TWP of - EIT (161703)",SCHOOL
PA,TAX876,42-113-1217068-LST-576303,"Colley, TWP of - LST",MUNICIPAL
PA,TAX876,42-113-1217068-LST-576303,"Colley, TWP of - LST",SCHOOL
PA,TAX1120,42-093-1216889-LST-471803,"Derry, TWP of - LST (471803)",MUNICIPAL
PA,TAX1120,42-093-1216889-LST-471803,"Derry, TWP of - LST (471803)",SCHOOL
PA,TAX1043,42-133-1215737-LST-671603,"Dallastown, BORO of - LST",MUNICIPAL
PA,TAX1043,42-133-1215737-LST-671603,"Dallastown, BORO of - LST",SCHOOL
PA,TAX1556,42-067-1216581-LST-343603,"Fermanagh, TWP of - LST",MUNICIPAL
PA,TAX1556,42-067-1216581-LST-343603,"Fermanagh, TWP of - LST",SCHOOL
PA,TAX3086,42-129-1215708-LST-653802,"Manor, BORO of - LST (653802)",MUNICIPAL
PA,TAX3086,42-129-1215708-LST-653802,"Manor, BORO of - LST (653802)",SCHOOL
PA,TAX688,42-037-1215126-LST-495103,"Centralia, BORO of - LST",MUNICIPAL
PA,TAX688,42-037-1215126-LST-495103,"Centralia, BORO of - LST",SCHOOL
PA,TAX5328,42-071-1216642-EIT-364403,"Rapho, TWP of - EIT",MUNICIPAL
PA,TAX5328,42-071-1216642-EIT-364403,"Rapho, TWP of - EIT",SCHOOL
PA,TAX5978,42-123-1217178-EIT-628302,"Sugar Grove, TWP of - EIT (628302)",MUNICIPAL
PA,TAX5978,42-123-1217178-EIT-628302,"Sugar Grove, TWP of - EIT (628302)",SCHOOL
PA,TAX6120,42-091-1216873-EIT-465702,"Towamencin, TWP of - EIT",MUNICIPAL
PA,TAX6120,42-091-1216873-EIT-465702,"Towamencin, TWP of - EIT",SCHOOL
PA,TAX477,42-003-1214777-LST-021752,"Bridgeville, BORO of - LST",MUNICIPAL
PA,TAX477,42-003-1214777-LST-021752,"Bridgeville, BORO of - LST",SCHOOL
PA,TAX1348,42-007-1214870-LST-041503,"Eastvale, BORO of - LST",MUNICIPAL
PA,TAX1348,42-007-1214870-LST-041503,"Eastvale, BORO of - LST",SCHOOL
PA,TAX487,42-017-1214962-LST-091303,"Bristol, BORO of - LST",MUNICIPAL
PA,TAX487,42-017-1214962-LST-091303,"Bristol, BORO of - LST",SCHOOL
PA,TAX5247,42-103-1216964-EIT-452003,"Porter, TWP of - EIT (452003)",MUNICIPAL
PA,TAX5247,42-103-1216964-EIT-452003,"Porter, TWP of - EIT (452003)",SCHOOL
PA,TAX335,42-001-1215776-LST-011603,"Berwick, TWP of - LST",MUNICIPAL
PA,TAX335,42-001-1215776-LST-011603,"Berwick, TWP of - LST",SCHOOL
PA,TAX2850,42-085-1216808-EIT-432903,"Liberty, TWP of - EIT (432903)",MUNICIPAL
PA,TAX2850,42-085-1216808-EIT-432903,"Liberty, TWP of - EIT (432903)",SCHOOL
PA,TAX432,42-003-1214773-EIT-029902,"Braddock, BORO of - EIT (029902)",MUNICIPAL
PA,TAX432,42-003-1214773-EIT-029902,"Braddock, BORO of - EIT (029902)",SCHOOL
PA,TAX325,42-111-1215582-LST-561003,"Berlin, BORO of - LST",MUNICIPAL
PA,TAX325,42-111-1215582-LST-561003,"Berlin, BORO of - LST",SCHOOL
PA,TAX3711,42-111-1217057-LST-561003,"Northampton, TWP of - LST (561003)",MUNICIPAL
PA,TAX3711,42-111-1217057-LST-561003,"Northampton, TWP of - LST (561003)",SCHOOL
PA,TAX2011,42-047-1216400-EIT-422303,"Highland, TWP of - EIT (422303)",MUNICIPAL
PA,TAX2011,42-047-1216400-EIT-422303,"Highland, TWP of - EIT (422303)",SCHOOL
PA,TAX1159,42-133-1217284-LST-671803,"Dover, TWP of - LST",MUNICIPAL
PA,TAX1159,42-133-1217284-LST-671803,"Dover, TWP of - LST",SCHOOL
PA,TAX6645,42-133-1215765-EIT-678503,"West Manchester, TWP of - EIT",MUNICIPAL
PA,TAX6645,42-133-1215765-EIT-678503,"West Manchester, TWP of - EIT",SCHOOL
PA,TAX5864,42-039-1215141-LST-201033,"Springboro, BORO of - LST",MUNICIPAL
PA,TAX5864,42-039-1215141-LST-201033,"Springboro, BORO of - LST",SCHOOL
PA,TAX6574,42-029-1216188-LST-151902,"West Caln, TWP of - LST",MUNICIPAL
PA,TAX6574,42-029-1216188-LST-151902,"West Caln, TWP of - LST",SCHOOL
PA,TAX6056,42-017-1217321-EIT-467103,"Telford, BORO of - EIT (467103)",MUNICIPAL
PA,TAX6056,42-017-1217321-EIT-467103,"Telford, BORO of - EIT (467103)",SCHOOL
PA,TAX1978,42-085-1216802-EIT-432803,"Hempfield, TWP of - EIT (432803)",MUNICIPAL
PA,TAX1978,42-085-1216802-EIT-432803,"Hempfield, TWP of - EIT (432803)",SCHOOL
PA,TAX586,42-019-1214986-LST-107903,"Callery, BORO of - LST",MUNICIPAL
PA,TAX586,42-019-1214986-LST-107903,"Callery, BORO of - LST",SCHOOL
PA,TAX5167,42-003-1214818-LST-027451,Pittsburgh - LST (027451),MUNICIPAL
PA,TAX5167,42-003-1214818-LST-027451,Pittsburgh - LST (027451),SCHOOL
PA,TAX1270,42-005-1215844-EIT-030852,"East Franklin, TWP of - EIT",MUNICIPAL
PA,TAX1270,42-005-1215844-EIT-030852,"East Franklin, TWP of - EIT",SCHOOL
PA,TAX3267,42-041-1216339-LST-211603,"Middlesex, TWP of - LST (211603)",MUNICIPAL
PA,TAX3267,42-041-1216339-LST-211603,"Middlesex, TWP of - LST (211603)",SCHOOL
PA,TAX2795,42-011-1214919-LST-067503,"Leesport, BORO of - LST",MUNICIPAL
PA,TAX2795,42-011-1214919-LST-067503,"Leesport, BORO of - LST",SCHOOL
PA,TAX5662,42-015-1215991-LST-080503,"Sheshequin, TWP of - LST",MUNICIPAL
PA,TAX5662,42-015-1215991-LST-080503,"Sheshequin, TWP of - LST",SCHOOL
PA,TAX6009,42-097-1215519-EIT-496603,"Sunbury, City of - EIT",MUNICIPAL
PA,TAX6009,42-097-1215519-EIT-496603,"Sunbury, City of - EIT",SCHOOL
PA,TAX961,42-121-1217142-LST-616203,"Cornplanter, TWP of - LST",MUNICIPAL
PA,TAX961,42-121-1217142-LST-616203,"Cornplanter, TWP of - LST",SCHOOL
PA,TAX5276,42-121-1217152-LST-272003,"President, TWP of - LST (272003)",MUNICIPAL
PA,TAX5276,42-121-1217152-LST-272003,"President, TWP of - LST (272003)",SCHOOL
PA,TAX47,42-003-1215797-EIT-027753,"Aleppo, TWP of - EIT (027753)",MUNICIPAL
PA,TAX47,42-003-1215797-EIT-027753,"Aleppo, TWP of - EIT (027753)",SCHOOL
PA,TAX523,42-063-1216534-LST-328003,"Brush Valley, TWP of - LST",MUNICIPAL
PA,TAX523,42-063-1216534-LST-328003,"Brush Valley, TWP of - LST",SCHOOL
PA,TAX6643,42-063-1216551-EIT-030852,"West Mahoning, TWP of - EIT",MUNICIPAL
PA,TAX6643,42-063-1216551-EIT-030852,"West Mahoning, TWP of - EIT",SCHOOL
PA,TAX1765,42-133-1215745-EIT-676503,"Glen Rock, BORO of - EIT",MUNICIPAL
PA,TAX1765,42-133-1215745-EIT-676503,"Glen Rock, BORO of - EIT",SCHOOL
PA,TAX661,42-037-1216276-EIT-191203,"Catawissa, TWP of - EIT (191203)",MUNICIPAL
PA,TAX661,42-037-1216276-EIT-191203,"Catawissa, TWP of - EIT (191203)",SCHOOL
PA,TAX1672,42-013-1215961-LST-077503,"Freedom, TWP of - LST (077503)",MUNICIPAL
PA,TAX1672,42-013-1215961-LST-077503,"Freedom, TWP of - LST (077503)",SCHOOL
PA,TAX5640,42-085-1215447-LST-435603,"Sharon, City of - LST",MUNICIPAL
PA,TAX5640,42-085-1215447-LST-435603,"Sharon, City of - LST",SCHOOL
PA,TAX3322,42-045-1215188-LST-239452,"Millbourne, BORO of - LST",MUNICIPAL
PA,TAX3322,42-045-1215188-LST-239452,"Millbourne, BORO of - LST",SCHOOL
PA,TAX6729,42-085-1215452-EIT-432503,"Wheatland, BORO of - EIT",MUNICIPAL
PA,TAX6729,42-085-1215452-EIT-432503,"Wheatland, BORO of - EIT",SCHOOL
PA,TAX6323,42-011-1215953-LST-063503,"Upper Tulpehocken, TWP of-LST",MUNICIPAL
PA,TAX6323,42-011-1215953-LST-063503,"Upper Tulpehocken, TWP of-LST",SCHOOL
PA,TAX2837,42-097-1216919-EIT-498003,"Lewis, TWP of - EIT (498003)",MUNICIPAL
PA,TAX2837,42-097-1216919-EIT-498003,"Lewis, TWP of - EIT (498003)",SCHOOL
PA,TAX811,42-127-1217216-EIT-583003,"Clinton, TWP of - EIT (583003)",MUNICIPAL
PA,TAX811,42-127-1217216-EIT-583003,"Clinton, TWP of - EIT (583003)",SCHOOL
PA,TAX6024,42-075-1216684-EIT-385003,"Swatara, TWP of - EIT (385003)",MUNICIPAL
PA,TAX6024,42-075-1216684-EIT-385003,"Swatara, TWP of - EIT (385003)",SCHOOL
PA,TAX5149,42-063-1216547-EIT-326303,"Pine, TWP of - EIT (326303)",MUNICIPAL
PA,TAX5149,42-063-1216547-EIT-326303,"Pine, TWP of - EIT (326303)",SCHOOL
PA,TAX343,42-075-1216671-EIT-385003,"Bethel, TWP of - EIT (385003)",MUNICIPAL
PA,TAX343,42-075-1216671-EIT-385003,"Bethel, TWP of - EIT (385003)",SCHOOL
PA,TAX457,42-131-1217262-LST-089003,"Braintrim, TWP of - LST",MUNICIPAL
PA,TAX457,42-131-1217262-LST-089003,"Braintrim, TWP of - LST",SCHOOL
PA,TAX5563,42-099-1216949-LST-508003,"Saville, TWP of - LST",MUNICIPAL
PA,TAX5563,42-099-1216949-LST-508003,"Saville, TWP of - LST",SCHOOL
PA,TAX2800,42-025-1215047-EIT-135503,"Lehighton, BORO of - EIT",MUNICIPAL
PA,TAX2800,42-025-1215047-EIT-135503,"Lehighton, BORO of - EIT",SCHOOL
PA,TAX3657,42-087-1215459-EIT-316003,"Newton Hamilton, BORO of-EIT",MUNICIPAL
PA,TAX3657,42-087-1215459-EIT-316003,"Newton Hamilton, BORO of-EIT",SCHOOL
PA,TAX2836,42-081-1216753-EIT-417202,"Lewis, TWP of - EIT (417202)",MUNICIPAL
PA,TAX2836,42-081-1216753-EIT-417202,"Lewis, TWP of - EIT (417202)",SCHOOL
PA,TAX5669,42-041-1217325-EIT-218003,"Shippensburg, BORO of - EIT (218003)",MUNICIPAL
PA,TAX5669,42-041-1217325-EIT-218003,"Shippensburg, BORO of - EIT (218003)",SCHOOL
PA,TAX5569,42-015-1214956-LST-086003,"Sayre, BORO of - LST",MUNICIPAL
PA,TAX5569,42-015-1214956-LST-086003,"Sayre, BORO of - LST",SCHOOL
PA,TAX6837,42-033-1216250-LST-175003,"Woodward, TWP of - LST (175003)",MUNICIPAL
PA,TAX6837,42-033-1216250-LST-175003,"Woodward, TWP of - LST (175003)",SCHOOL
PA,TAX1795,42-007-1215873-LST-047404,"Greene, TWP of - LST (047404)",MUNICIPAL
PA,TAX1795,42-007-1215873-LST-047404,"Greene, TWP of - LST (047404)",SCHOOL
PA,TAX6280,42-091-1216877-EIT-468603,"Upper Hanover, TWP of - EIT",MUNICIPAL
PA,TAX6280,42-091-1216877-EIT-468603,"Upper Hanover, TWP of - EIT",SCHOOL
PA,TAX1758,42-003-1214798-LST-027753,"Glenfield, BORO of - LST",MUNICIPAL
PA,TAX1758,42-003-1214798-LST-027753,"Glenfield, BORO of - LST",SCHOOL
PA,TAX2720,42-079-1216723-EIT-403903,"Lake, TWP of - EIT (403903)",MUNICIPAL
PA,TAX2720,42-079-1216723-EIT-403903,"Lake, TWP of - EIT (403903)",SCHOOL
PA,TAX1014,42-021-1216087-EIT-112203,"Croyle, TWP of - EIT",MUNICIPAL
PA,TAX1014,42-021-1216087-EIT-112203,"Croyle, TWP of - EIT",SCHOOL
PA,TAX6743,42-091-1216884-EIT-461602,"Whitemarsh, TWP of - EIT",MUNICIPAL
PA,TAX6743,42-091-1216884-EIT-461602,"Whitemarsh, TWP of - EIT",SCHOOL
PA,TAX2325,42-111-1217051-LST-565503,"Jenner, TWP of - LST",MUNICIPAL
PA,TAX2325,42-111-1217051-LST-565503,"Jenner, TWP of - LST",SCHOOL
PA,TAX1948,42-079-1215392-LST-403302,"Hazleton, City of - LST",MUNICIPAL
PA,TAX1948,42-079-1215392-LST-403302,"Hazleton, City of - LST",SCHOOL
PA,TAX6476,42-065-1216575-LST-330703,"Washington, TWP of - LST (330703)",MUNICIPAL
PA,TAX6476,42-065-1216575-LST-330703,"Washington, TWP of - LST (330703)",SCHOOL
PA,TAX6021,42-045-1215197-EIT-239603,"Swarthmore, BORO of - EIT",MUNICIPAL
PA,TAX6021,42-045-1215197-EIT-239603,"Swarthmore, BORO of - EIT",SCHOOL
PA,TAX118,42-011-1215914-LST-061503,"Amity, TWP of - LST (061503)",MUNICIPAL
PA,TAX118,42-011-1215914-LST-061503,"Amity, TWP of - LST (061503)",SCHOOL
PA,TAX3327,42-075-1216676-EIT-382303,"Millcreek, TWP of - EIT (382303)",MUNICIPAL
PA,TAX3327,42-075-1216676-EIT-382303,"Millcreek, TWP of - EIT (382303)",SCHOOL
PA,TAX6553,42-109-1217040-EIT-555003,"West Beaver, TWP of - EIT",MUNICIPAL
PA,TAX6553,42-109-1217040-EIT-555003,"West Beaver, TWP of - EIT",SCHOOL
PA,TAX1958,42-105-1216975-LST-532804,"Hector, TWP of - LST (532804)",MUNICIPAL
PA,TAX1958,42-105-1216975-LST-532804,"Hector, TWP of - LST (532804)",SCHOOL
PA,TAX1970,42-077-1216688-LST-394603,"Heidelberg, TWP of - LST (394603)",MUNICIPAL
PA,TAX1970,42-077-1216688-LST-394603,"Heidelberg, TWP of - LST (394603)",SCHOOL
PA,TAX3732,42-125-1215675-EIT-631803,"North Charleroi, BORO of-EIT",MUNICIPAL
PA,TAX3732,42-125-1215675-EIT-631803,"North Charleroi, BORO of-EIT",SCHOOL
PA,TAX1079,42-125-1215661-LST-631003,"Deemston, BORO of - LST",MUNICIPAL
PA,TAX1079,42-125-1215661-LST-631003,"Deemston, BORO of - LST",SCHOOL
PA,TAX2746,42-091-1215473-EIT-465702,"Lansdale, BORO of - EIT",MUNICIPAL
PA,TAX2746,42-091-1215473-EIT-465702,"Lansdale, BORO of - EIT",SCHOOL
PA,TAX1694,42-105-1215538-LST-532804,"Galeton, BORO of - LST",MUNICIPAL
PA,TAX1694,42-105-1215538-LST-532804,"Galeton, BORO of - LST",SCHOOL
PA,TAX1000,42-003-1215800-EIT-026343,"Crescent, TWP of - EIT",MUNICIPAL
PA,TAX1000,42-003-1215800-EIT-026343,"Crescent, TWP of - EIT",SCHOOL
PA,TAX3079,42-133-1217297-LST-676403,"Manheim, TWP of - LST (676403)",MUNICIPAL
PA,TAX3079,42-133-1217297-LST-676403,"Manheim, TWP of - LST (676403)",SCHOOL
PA,TAX6258,42-041-1216349-EIT-216503,"Upper Allen, TWP of - EIT",MUNICIPAL
PA,TAX6258,42-041-1216349-EIT-216503,"Upper Allen, TWP of - EIT",SCHOOL
PA,TAX381,42-111-1217044-LST-566303,"Black, TWP of - LST",MUNICIPAL
PA,TAX381,42-111-1217044-LST-566303,"Black, TWP of - LST",SCHOOL
PA,TAX5052,42-011-1215940-EIT-068003,"Penn, TWP of - EIT (068003)",MUNICIPAL
PA,TAX5052,42-011-1215940-EIT-068003,"Penn, TWP of - EIT (068003)",SCHOOL
PA,TAX645,42-061-1216504-LST-317503,"Cass, TWP of - LST (317503)",MUNICIPAL
PA,TAX645,42-061-1216504-LST-317503,"Cass, TWP of - LST (317503)",SCHOOL
PA,TAX1596,42-019-1216055-LST-107903,"Forward, TWP of - LST (107903)",MUNICIPAL
PA,TAX1596,42-019-1216055-LST-107903,"Forward, TWP of - LST (107903)",SCHOOL
PA,TAX2079,42-027-1216128-LST-141003,"Howard, TWP of - LST",MUNICIPAL
PA,TAX2079,42-027-1216128-LST-141003,"Howard, TWP of - LST",SCHOOL
PA,TAX915,42-039-1216300-LST-201033,"Conneaut, TWP of - LST (201033)",MUNICIPAL
PA,TAX915,42-039-1216300-LST-201033,"Conneaut, TWP of - LST (201033)",SCHOOL
PA,TAX1583,42-131-1217267-EIT-667503,"Forkston, TWP of - EIT",MUNICIPAL
PA,TAX1583,42-131-1217267-EIT-667503,"Forkston, TWP of - EIT",SCHOOL
PA,TAX1528,42-117-1217110-EIT-596003,"Farmington, TWP of - EIT (596003)",MUNICIPAL
PA,TAX1528,42-117-1217110-EIT-596003,"Farmington, TWP of - EIT (596003)",SCHOOL
PA,TAX108,42-013-1214939-EIT-070502,"Altoona, City of - EIT",MUNICIPAL
PA,TAX108,42-013-1214939-EIT-070502,"Altoona, City of - EIT",SCHOOL
PA,TAX6880,42-079-1215417-LST-409203,"Wyoming, BORO of - LST",MUNICIPAL
PA,TAX6880,42-079-1215417-LST-409203,"Wyoming, BORO of - LST",SCHOOL
PA,TAX5637,42-111-1215597-EIT-567404,"Shanksville, BORO of - EIT",MUNICIPAL
PA,TAX5637,42-111-1215597-EIT-567404,"Shanksville, BORO of - EIT",SCHOOL
PA,TAX3223,42-001-1215789-EIT-018523,"Menallen, TWP of - EIT (018523)",MUNICIPAL
PA,TAX3223,42-001-1215789-EIT-018523,"Menallen, TWP of - EIT (018523)",SCHOOL
PA,TAX2962,42-097-1216922-EIT-493503,"Lower Mahanoy, TWP of - EIT",MUNICIPAL
PA,TAX2962,42-097-1216922-EIT-493503,"Lower Mahanoy, TWP of - EIT",SCHOOL
PA,TAX3059,42-073-1216656-LST-375003,"Mahoning, TWP of - LST (375003)",MUNICIPAL
PA,TAX3059,42-073-1216656-LST-375003,"Mahoning, TWP of - LST (375003)",SCHOOL
PA,TAX5532,42-129-1217256-LST-653203,"Salem, TWP of - LST (653203)",MUNICIPAL
PA,TAX5532,42-129-1217256-LST-653203,"Salem, TWP of - LST (653203)",SCHOOL
PA,TAX5212,42-089-1216842-EIT-455403,"Pocono, TWP of - EIT",MUNICIPAL
PA,TAX5212,42-089-1216842-EIT-455403,"Pocono, TWP of - EIT",SCHOOL
PA,TAX5964,42-071-1216645-LST-363603,"Strasburg, TWP of - LST",MUNICIPAL
PA,TAX5964,42-071-1216645-LST-363603,"Strasburg, TWP of - LST",SCHOOL
PA,TAX6069,42-067-1215312-EIT-343603,"Thompsontown, BORO of - EIT",MUNICIPAL
PA,TAX6069,42-067-1215312-EIT-343603,"Thompsontown, BORO of - EIT",SCHOOL
PA,TAX2722,42-127-1217220-EIT-648903,"Lake, TWP of - EIT (648903)",MUNICIPAL
PA,TAX2722,42-127-1217220-EIT-648903,"Lake, TWP of - EIT (648903)",SCHOOL
PA,TAX6212,42-051-1215239-EIT-268003,"Uniontown, City of - EIT",MUNICIPAL
PA,TAX6212,42-051-1215239-EIT-268003,"Uniontown, City of - EIT",SCHOOL
PA,TAX5139,42-107-1217011-EIT-546003,"Pine Grove, TWP of - EIT (546003)",MUNICIPAL
PA,TAX5139,42-107-1217011-EIT-546003,"Pine Grove, TWP of - EIT (546003)",SCHOOL
PA,TAX6157,42-017-1214981-LST-098403,"Trumbauersville, BORO of-LST",MUNICIPAL
PA,TAX6157,42-017-1214981-LST-098403,"Trumbauersville, BORO of-LST",SCHOOL
PA,TAX5812,42-075-1216682-LST-381303,"South Lebanon, TWP of - LST",MUNICIPAL
PA,TAX5812,42-075-1216682-LST-381303,"South Lebanon, TWP of - LST",SCHOOL
PA,TAX5540,42-077-1216694-LST-395603,"Salisbury, TWP of - LST (395603)",MUNICIPAL
PA,TAX5540,42-077-1216694-LST-395603,"Salisbury, TWP of - LST (395603)",SCHOOL
PA,TAX5790,42-015-1215993-EIT-086653,"South Creek, TWP of - EIT",MUNICIPAL
PA,TAX5790,42-015-1215993-EIT-086653,"South Creek, TWP of - EIT",SCHOOL
PA,TAX2728,42-071-1215339-EIT-364002,"Lancaster, City of - EIT",MUNICIPAL
PA,TAX2728,42-071-1215339-EIT-364002,"Lancaster, City of - EIT",SCHOOL
PA,TAX5418,42-013-1214945-LST-077503,"Roaring Spring, BORO of - LST",MUNICIPAL
PA,TAX5418,42-013-1214945-LST-077503,"Roaring Spring, BORO of - LST",SCHOOL
PA,TAX6103,42-039-1215142-EIT-617203,"Titusville, City of - EIT",MUNICIPAL
PA,TAX6103,42-039-1215142-EIT-617203,"Titusville, City of - EIT",SCHOOL
PA,TAX258,42-031-1216201-EIT-166503,"Beaver, TWP of - EIT (166503)",MUNICIPAL
PA,TAX258,42-031-1216201-EIT-166503,"Beaver, TWP of - EIT (166503)",SCHOOL
PA,TAX2067,42-047-1216401-EIT-330703,"Horton, TWP of - EIT (330703)",MUNICIPAL
PA,TAX2067,42-047-1216401-EIT-330703,"Horton, TWP of - EIT (330703)",SCHOOL
PA,TAX5885,42-051-1216445-EIT-261302,"Springfield, TWP of - EIT (261302)",MUNICIPAL
PA,TAX5885,42-051-1216445-EIT-261302,"Springfield, TWP of - EIT (261302)",SCHOOL
PA,TAX769,42-105-1216970-EIT-537504,"Clara, TWP of - EIT",MUNICIPAL
PA,TAX769,42-105-1216970-EIT-537504,"Clara, TWP of - EIT",SCHOOL
PA,TAX1584,42-131-1217267-LST-667503,"Forkston, TWP of - LST",MUNICIPAL
PA,TAX1584,42-131-1217267-LST-667503,"Forkston, TWP of - LST",SCHOOL
PA,TAX1244,42-021-1216081-EIT-111203,"East Carroll, TWP of - EIT",MUNICIPAL
PA,TAX1244,42-021-1216081-EIT-111203,"East Carroll, TWP of - EIT",SCHOOL
PA,TAX51,42-061-1215264-EIT-312804,"Alexandria, BORO of - EIT",MUNICIPAL
PA,TAX51,42-061-1215264-EIT-312804,"Alexandria, BORO of - EIT",SCHOOL
PA,TAX6410,42-073-1215361-LST-372003,"Wampum, BORO of - LST (372003)",MUNICIPAL
PA,TAX6410,42-073-1215361-LST-372003,"Wampum, BORO of - LST (372003)",SCHOOL
PA,TAX6781,42-003-1214843-LST-022803,"Wilmerding, BORO of - LST",MUNICIPAL
PA,TAX6781,42-003-1214843-LST-022803,"Wilmerding, BORO of - LST",SCHOOL
PA,TAX3118,42-061-1215272-LST-312503,"Marklesburg, BORO of - LST",MUNICIPAL
PA,TAX3118,42-061-1215272-LST-312503,"Marklesburg, BORO of - LST",SCHOOL
PA,TAX3623,42-129-1213651-EIT-656303,New Kensington - EIT,MUNICIPAL
PA,TAX3623,42-129-1213651-EIT-656303,New Kensington - EIT,SCHOOL
PA,TAX1519,42-007-1214873-EIT-045653,"Fallston, BORO of - EIT",MUNICIPAL
PA,TAX1519,42-007-1214873-EIT-045653,"Fallston, BORO of - EIT",SCHOOL
PA,TAX1269,42-125-1217191-LST-633903,"East Finley, TWP of - LST",MUNICIPAL
PA,TAX1269,42-125-1217191-LST-633903,"East Finley, TWP of - LST",SCHOOL
PA,TAX5928,42-043-1215171-LST-228003,"Steelton, BORO of - LST",MUNICIPAL
PA,TAX5928,42-043-1215171-LST-228003,"Steelton, BORO of - LST",SCHOOL
PA,TAX5752,42-111-1215598-EIT-567703,"Somerset, BORO of - EIT",MUNICIPAL
PA,TAX5752,42-111-1215598-EIT-567703,"Somerset, BORO of - EIT",SCHOOL
PA,TAX1687,42-071-1216630-EIT-367003,"Fulton, TWP of - EIT",MUNICIPAL
PA,TAX1687,42-071-1216630-EIT-367003,"Fulton, TWP of - EIT",SCHOOL
PA,TAX1134,42-115-1217081-LST-582503,"Dimock, TWP of - LST",MUNICIPAL
PA,TAX1134,42-115-1217081-LST-582503,"Dimock, TWP of - LST",SCHOOL
PA,TAX1704,42-111-1215587-LST-565203,"Garrett, BORO of - LST",MUNICIPAL
PA,TAX1704,42-111-1215587-LST-565203,"Garrett, BORO of - LST",SCHOOL
PA,TAX5079,42-071-1216640-LST-365203,"Pequea, TWP of - LST",MUNICIPAL
PA,TAX5079,42-071-1216640-LST-365203,"Pequea, TWP of - LST",SCHOOL
PA,TAX3770,42-131-1217274-EIT-667503,"Northmoreland, TWP of - EIT",MUNICIPAL
PA,TAX3770,42-131-1217274-EIT-667503,"Northmoreland, TWP of - EIT",SCHOOL
PA,TAX3033,42-129-1215707-EIT-658903,"Madison, BORO of - EIT",MUNICIPAL
PA,TAX3033,42-129-1215707-EIT-658903,"Madison, BORO of - EIT",SCHOOL
PA,TAX886,42-045-1215179-LST-239652,"Colwyn, BORO of - LST",MUNICIPAL
PA,TAX886,42-045-1215179-LST-239652,"Colwyn, BORO of - LST",SCHOOL
PA,TAX5720,42-083-1215435-LST-427503,"Smethport, BORO of - LST",MUNICIPAL
PA,TAX5720,42-083-1215435-LST-427503,"Smethport, BORO of - LST",SCHOOL
PA,TAX3268,42-089-1216840-EIT-452003,"Middle Smithfield, TWP of-EIT",MUNICIPAL
PA,TAX3268,42-089-1216840-EIT-452003,"Middle Smithfield, TWP of-EIT",SCHOOL
PA,TAX6560,42-105-1216989-LST-532804,"West Branch, TWP of - LST",MUNICIPAL
PA,TAX6560,42-105-1216989-LST-532804,"West Branch, TWP of - LST",SCHOOL
PA,TAX563,42-019-1214985-LST-101252,"Butler, City of - LST",MUNICIPAL
PA,TAX563,42-019-1214985-LST-101252,"Butler, City of - LST",SCHOOL
PA,TAX3326,42-049-1216420-EIT-257602,"Millcreek, TWP of - EIT (257602)",MUNICIPAL
PA,TAX3326,42-049-1216420-EIT-257602,"Millcreek, TWP of - EIT (257602)",SCHOOL
PA,TAX5916,42-109-1217037-LST-555003,"Spring, TWP of - LST (555003)",MUNICIPAL
PA,TAX5916,42-109-1217037-LST-555003,"Spring, TWP of - LST (555003)",SCHOOL
PA,TAX3236,42-019-1216061-EIT-107503,"Mercer, TWP of - EIT",MUNICIPAL
PA,TAX3236,42-019-1216061-EIT-107503,"Mercer, TWP of - EIT",SCHOOL
PA,TAX1085,42-123-1217161-LST-628302,"Deerfield, TWP of - LST (628302)",MUNICIPAL
PA,TAX1085,42-123-1217161-LST-628302,"Deerfield, TWP of - LST (628302)",SCHOOL
PA,TAX2997,42-025-1216113-LST-136503,"Lower Towamensing, TWP of-LST",MUNICIPAL
PA,TAX2997,42-025-1216113-LST-136503,"Lower Towamensing, TWP of-LST",SCHOOL
PA,TAX6429,42-061-1216528-EIT-078003,"Warriors Mark, TWP of - EIT",MUNICIPAL
PA,TAX6429,42-061-1216528-EIT-078003,"Warriors Mark, TWP of - EIT",SCHOOL
PA,TAX1581,42-003-1214796-EIT-029902,"Forest Hills, BORO of - EIT",MUNICIPAL
PA,TAX1581,42-003-1214796-EIT-029902,"Forest Hills, BORO of - EIT",SCHOOL
PA,TAX3423,42-063-1216545-LST-327303,"Montgomery, TWP of - LST (327303)",MUNICIPAL
PA,TAX3423,42-063-1216545-LST-327303,"Montgomery, TWP of - LST (327303)",SCHOOL
PA,TAX760,42-019-1214988-LST-103603,"Chicora, BORO of - LST",MUNICIPAL
PA,TAX760,42-019-1214988-LST-103603,"Chicora, BORO of - LST",SCHOOL
PA,TAX1606,42-031-1215084-LST-160303,"Foxburg, BORO of - LST",MUNICIPAL
PA,TAX1606,42-031-1215084-LST-160303,"Foxburg, BORO of - LST",SCHOOL
PA,TAX5712,42-019-1215003-LST-107503,"Slippery Rock, BORO of - LST",MUNICIPAL
PA,TAX5712,42-019-1215003-LST-107503,"Slippery Rock, BORO of - LST",SCHOOL
PA,TAX5770,42-075-1216681-EIT-380303,"South Annville, TWP of - EIT",MUNICIPAL
PA,TAX5770,42-075-1216681-EIT-380303,"South Annville, TWP of - EIT",SCHOOL
PA,TAX6797,42-131-1217279-EIT-089003,"Windham, TWP of - EIT (089003)",MUNICIPAL
PA,TAX6797,42-131-1217279-EIT-089003,"Windham, TWP of - EIT (089003)",SCHOOL
PA,TAX1055,42-007-1214868-LST-041603,"Darlington, BORO of - LST",MUNICIPAL
PA,TAX1055,42-007-1214868-LST-041603,"Darlington, BORO of - LST",SCHOOL
PA,TAX1474,42-051-1215227-LST-657503,"Everson, BORO of - LST",MUNICIPAL
PA,TAX1474,42-051-1215227-LST-657503,"Everson, BORO of - LST",SCHOOL
PA,TAX6012,42-043-1216368-EIT-228303,"Susquehanna, TWP of - EIT (228303)",MUNICIPAL
PA,TAX6012,42-043-1216368-EIT-228303,"Susquehanna, TWP of - EIT (228303)",SCHOOL
PA,TAX1136,42-011-1215922-EIT-060853,"District, TWP of - EIT",MUNICIPAL
PA,TAX1136,42-011-1215922-EIT-060853,"District, TWP of - EIT",SCHOOL
PA,TAX3315,42-017-1216023-EIT-098403,"Milford, TWP of - EIT (098403)",MUNICIPAL
PA,TAX3315,42-017-1216023-EIT-098403,"Milford, TWP of - EIT (098403)",SCHOOL
PA,TAX5207,42-079-1215406-LST-409302,"Plymouth, BORO of - LST",MUNICIPAL
PA,TAX5207,42-079-1215406-LST-409302,"Plymouth, BORO of - LST",SCHOOL
PA,TAX6908,42-123-1215649-LST-628302,"Youngsville, BORO of - LST",MUNICIPAL
PA,TAX6908,42-123-1215649-LST-628302,"Youngsville, BORO of - LST",SCHOOL
PA,TAX1427,42-029-1216159-LST-156703,"Elk, TWP of - LST (156703)",MUNICIPAL
PA,TAX1427,42-029-1216159-LST-156703,"Elk, TWP of - LST (156703)",SCHOOL
PA,TAX6683,42-079-1215413-EIT-409203,"West Pittston, BORO of - EIT",MUNICIPAL
PA,TAX6683,42-079-1215413-EIT-409203,"West Pittston, BORO of - EIT",SCHOOL
PA,TAX6715,42-029-1216198-EIT-159002,"West Whiteland, TWP of - EIT",MUNICIPAL
PA,TAX6715,42-029-1216198-EIT-159002,"West Whiteland, TWP of - EIT",SCHOOL
PA,TAX2738,42-107-1215552-EIT-547303,"Landingville, BORO of - EIT",MUNICIPAL
PA,TAX2738,42-107-1215552-EIT-547303,"Landingville, BORO of - EIT",SCHOOL
PA,TAX5353,42-107-1217013-LST-544703,"Reilly, TWP of - LST",MUNICIPAL
PA,TAX5353,42-107-1217013-LST-544703,"Reilly, TWP of - LST",SCHOOL
PA,TAX1040,42-079-1215384-EIT-401603,"Dallas, BORO of - EIT",MUNICIPAL
PA,TAX1040,42-079-1215384-EIT-401603,"Dallas, BORO of - EIT",SCHOOL
PA,TAX5380,42-011-1215943-EIT-062503,"Richmond, TWP of - EIT (062503)",MUNICIPAL
PA,TAX5380,42-011-1215943-EIT-062503,"Richmond, TWP of - EIT (062503)",SCHOOL
PA,TAX352,42-077-1217330-LST-481002,"Bethlehem, City of - LST (481002)",MUNICIPAL
PA,TAX352,42-077-1217330-LST-481002,"Bethlehem, City of - LST (481002)",SCHOOL
PA,TAX6244,42-075-1216685-LST-385003,"Union, TWP of - LST (385003)",MUNICIPAL
PA,TAX6244,42-075-1216685-LST-385003,"Union, TWP of - LST (385003)",SCHOOL
PA,TAX5951,42-021-1216094-LST-112502,"Stonycreek, TWP of - LST (112502)",MUNICIPAL
PA,TAX5951,42-021-1216094-LST-112502,"Stonycreek, TWP of - LST (112502)",SCHOOL
PA,TAX2735,42-071-1216631-EIT-364002,"Lancaster, TWP of - EIT (364002)",MUNICIPAL
PA,TAX2735,42-071-1216631-EIT-364002,"Lancaster, TWP of - EIT (364002)",SCHOOL
PA,TAX638,42-081-1216743-LST-415103,"Cascade, TWP of - LST",MUNICIPAL
PA,TAX638,42-081-1216743-LST-415103,"Cascade, TWP of - LST",SCHOOL
PA,TAX6004,42-019-1216067-LST-101252,"Summit, TWP of - LST (101252)",MUNICIPAL
PA,TAX6004,42-019-1216067-LST-101252,"Summit, TWP of - LST (101252)",SCHOOL
PA,TAX2993,42-017-1216021-LST-097502,"Lower Southampton, TWP of-LST",MUNICIPAL
PA,TAX2993,42-017-1216021-LST-097502,"Lower Southampton, TWP of-LST",SCHOOL
PA,TAX3352,42-003-1214809-LST-028302,"Millvale, BORO of - LST",MUNICIPAL
PA,TAX3352,42-003-1214809-LST-028302,"Millvale, BORO of - LST",SCHOOL
PA,TAX2872,42-031-1216209-EIT-161703,"Limestone, TWP of - EIT (161703)",MUNICIPAL
PA,TAX2872,42-031-1216209-EIT-161703,"Limestone, TWP of - EIT (161703)",SCHOOL
PA,TAX5677,42-023-1216106-LST-122703,"Shippen, TWP of - LST (122703)",MUNICIPAL
PA,TAX5677,42-023-1216106-LST-122703,"Shippen, TWP of - LST (122703)",SCHOOL
PA,TAX1550,42-133-1215743-LST-675503,"Felton, BORO of - LST",MUNICIPAL
PA,TAX1550,42-133-1215743-LST-675503,"Felton, BORO of - LST",SCHOOL
PA,TAX683,42-039-1215132-LST-617203,"Centerville, BORO of - LST (617203)",MUNICIPAL
PA,TAX683,42-039-1215132-LST-617203,"Centerville, BORO of - LST (617203)",SCHOOL
PA,TAX6876,42-015-1216007-EIT-089003,"Wyalusing, TWP of - EIT",MUNICIPAL
PA,TAX6876,42-015-1216007-EIT-089003,"Wyalusing, TWP of - EIT",SCHOOL
PA,TAX5537,42-071-1216644-EIT-365303,"Salisbury, TWP of - EIT (365303)",MUNICIPAL
PA,TAX5537,42-071-1216644-EIT-365303,"Salisbury, TWP of - EIT (365303)",SCHOOL
PA,TAX2146,42-125-1217195-LST-630504,"Independence, TWP of - LST (630504)",MUNICIPAL
PA,TAX2146,42-125-1217195-LST-630504,"Independence, TWP of - LST (630504)",SCHOOL
PA,TAX1100,42-117-1217106-LST-598503,"Delmar, TWP of - LST",MUNICIPAL
PA,TAX1100,42-117-1217106-LST-598503,"Delmar, TWP of - LST",SCHOOL
PA,TAX5703,42-011-1214929-EIT-069103,"Sinking Spring, BORO of - EIT",MUNICIPAL
PA,TAX5703,42-011-1214929-EIT-069103,"Sinking Spring, BORO of - EIT",SCHOOL
PA,TAX369,42-061-1215265-LST-078003,"Birmingham, BORO of - LST",MUNICIPAL
PA,TAX369,42-061-1215265-LST-078003,"Birmingham, BORO of - LST",SCHOOL
PA,TAX860,42-125-1215660-LST-630903,"Cokeburg, BORO of - LST",MUNICIPAL
PA,TAX860,42-125-1215660-LST-630903,"Cokeburg, BORO of - LST",SCHOOL
PA,TAX284,42-003-1214766-EIT-027753,"Bell Acres, BORO of - EIT",MUNICIPAL
PA,TAX284,42-003-1214766-EIT-027753,"Bell Acres, BORO of - EIT",SCHOOL
PA,TAX229,42-089-1216834-LST-455403,"Barrett, TWP of - LST",MUNICIPAL
PA,TAX229,42-089-1216834-LST-455403,"Barrett, TWP of - LST",SCHOOL
PA,TAX3157,42-057-1215249-LST-291304,"McConnellsburg, BORO of - LST",MUNICIPAL
PA,TAX3157,42-057-1215249-LST-291304,"McConnellsburg, BORO of - LST",SCHOOL
PA,TAX1750,42-003-1214797-LST-028653,"Glassport, BORO of - LST",MUNICIPAL
PA,TAX1750,42-003-1214797-LST-028653,"Glassport, BORO of - LST",SCHOOL
PA,TAX1541,42-051-1215229-EIT-650603,"Fayette City, BORO of - EIT",MUNICIPAL
PA,TAX1541,42-051-1215229-EIT-650603,"Fayette City, BORO of - EIT",SCHOOL
PA,TAX3179,42-001-1214760-LST-011603,"McSherrystown, BORO of - LST",MUNICIPAL
PA,TAX3179,42-001-1214760-LST-011603,"McSherrystown, BORO of - LST",SCHOOL
PA,TAX3028,42-011-1214921-EIT-064003,"Lyons, BORO of - EIT",MUNICIPAL
PA,TAX3028,42-011-1214921-EIT-064003,"Lyons, BORO of - EIT",SCHOOL
PA,TAX6554,42-109-1217040-LST-555003,"West Beaver, TWP of - LST",MUNICIPAL
PA,TAX6554,42-109-1217040-LST-555003,"West Beaver, TWP of - LST",SCHOOL
PA,TAX4999,42-071-1216638-LST-365303,"Paradise, TWP of - LST (365303)",MUNICIPAL
PA,TAX4999,42-071-1216638-LST-365303,"Paradise, TWP of - LST (365303)",SCHOOL
PA,TAX2802,42-025-1216112-EIT-139004,"Lehigh, TWP of - EIT (139004)",MUNICIPAL
PA,TAX2802,42-025-1216112-EIT-139004,"Lehigh, TWP of - EIT (139004)",SCHOOL
PA,TAX1393,42-083-1216783-EIT-426003,"Eldred, TWP of - EIT (426003)",MUNICIPAL
PA,TAX1393,42-083-1216783-EIT-426003,"Eldred, TWP of - EIT (426003)",SCHOOL
PA,TAX2757,42-113-1217074-LST-576303,"Laporte, TWP of - LST",MUNICIPAL
PA,TAX2757,42-113-1217074-LST-576303,"Laporte, TWP of - LST",SCHOOL
PA,TAX6296,42-077-1216697-EIT-392303,"Upper Milford, TWP of - EIT",MUNICIPAL
PA,TAX6296,42-077-1216697-EIT-392303,"Upper Milford, TWP of - EIT",SCHOOL
PA,TAX6661,42-021-1215038-EIT-118503,"Westmont, BORO of - EIT",MUNICIPAL
PA,TAX6661,42-021-1215038-EIT-118503,"Westmont, BORO of - EIT",SCHOOL
PA,TAX438,42-033-1216227-EIT-171003,"Bradford, TWP of - EIT (171003)",MUNICIPAL
PA,TAX438,42-033-1216227-EIT-171003,"Bradford, TWP of - EIT (171003)",SCHOOL
PA,TAX3800,42-083-1216790-EIT-427503,"Norwich, TWP of - EIT",MUNICIPAL
PA,TAX3800,42-083-1216790-EIT-427503,"Norwich, TWP of - EIT",SCHOOL
PA,TAX190,42-003-1214764-LST-026873,"Avalon, BORO of - LST",MUNICIPAL
PA,TAX190,42-003-1214764-LST-026873,"Avalon, BORO of - LST",SCHOOL
PA,TAX2927,42-043-1216359-LST-224003,"Londonderry, TWP of - LST (224003)",MUNICIPAL
PA,TAX2927,42-043-1216359-LST-224003,"Londonderry, TWP of - LST (224003)",SCHOOL
PA,TAX1665,42-109-1215575-EIT-557103,"Freeburg, BORO of - EIT",MUNICIPAL
PA,TAX1665,42-109-1215575-EIT-557103,"Freeburg, BORO of - EIT",SCHOOL
PA,TAX5741,42-073-1215358-EIT-375003,"S.N.P.J., BORO of - EIT",MUNICIPAL
PA,TAX5741,42-073-1215358-EIT-375003,"S.N.P.J., BORO of - EIT",SCHOOL
PA,TAX2089,42-081-1215420-LST-412003,"Hughesville, BORO of - LST",MUNICIPAL
PA,TAX2089,42-081-1215420-LST-412003,"Hughesville, BORO of - LST",SCHOOL
PA,TAX2776,42-025-1216111-EIT-139004,"Lausanne, TWP of - EIT",MUNICIPAL
PA,TAX2776,42-025-1216111-EIT-139004,"Lausanne, TWP of - EIT",SCHOOL
PA,TAX1312,42-029-1216154-EIT-156703,"East Nottingham, TWP of - EIT",MUNICIPAL
PA,TAX1312,42-029-1216154-EIT-156703,"East Nottingham, TWP of - EIT",SCHOOL
PA,TAX968,42-083-1216782-EIT-420803,"Corydon, TWP of - EIT",MUNICIPAL
PA,TAX968,42-083-1216782-EIT-420803,"Corydon, TWP of - EIT",SCHOOL
PA,TAX1266,42-029-1216150-LST-151902,"East Fallowfield, TWP of-LST (151902)",MUNICIPAL
PA,TAX1266,42-029-1216150-LST-151902,"East Fallowfield, TWP of-LST (151902)",SCHOOL
PA,TAX307,42-047-1216397-LST-248003,"Benezette, TWP of - LST",MUNICIPAL
PA,TAX307,42-047-1216397-LST-248003,"Benezette, TWP of - LST",SCHOOL
PA,TAX1161,42-029-1215068-LST-152003,"Downingtown, BORO of - LST",MUNICIPAL
PA,TAX1161,42-029-1215068-LST-152003,"Downingtown, BORO of - LST",SCHOOL
PA,TAX1599,42-107-1217001-EIT-544703,"Foster, TWP of - EIT (544703)",MUNICIPAL
PA,TAX1599,42-107-1217001-EIT-544703,"Foster, TWP of - EIT (544703)",SCHOOL
PA,TAX5077,42-133-1217304-LST-676403,"Penn, TWP of - LST (676403)",MUNICIPAL
PA,TAX5077,42-133-1217304-LST-676403,"Penn, TWP of - LST (676403)",SCHOOL
PA,TAX204,42-007-1214863-EIT-040703,"Baden, BORO of - EIT",MUNICIPAL
PA,TAX204,42-007-1214863-EIT-040703,"Baden, BORO of - EIT",SCHOOL
PA,TAX780,42-069-1215316-LST-350303,"Clarks Green, BORO of - LST",MUNICIPAL
PA,TAX780,42-069-1215316-LST-350303,"Clarks Green, BORO of - LST",SCHOOL
PA,TAX3338,42-099-1215528-LST-503004,"Millerstown, BORO of - LST",MUNICIPAL
PA,TAX3338,42-099-1215528-LST-503004,"Millerstown, BORO of - LST",SCHOOL
PA,TAX2289,42-129-1215704-LST-657103,"Jeannette, City of - LST (657103)",MUNICIPAL
PA,TAX2289,42-129-1215704-LST-657103,"Jeannette, City of - LST (657103)",SCHOOL
PA,TAX1179,42-061-1216507-LST-317503,"Dublin, TWP of - LST (317503)",MUNICIPAL
PA,TAX1179,42-061-1216507-LST-317503,"Dublin, TWP of - LST (317503)",SCHOOL
PA,TAX1220,42-095-1216899-EIT-484903,"East Allen, TWP of - EIT",MUNICIPAL
PA,TAX1220,42-095-1216899-EIT-484903,"East Allen, TWP of - EIT",SCHOOL
PA,TAX6736,42-003-1214840-LST-021102,"Whitehall, BORO of - LST",MUNICIPAL
PA,TAX6736,42-003-1214840-LST-021102,"Whitehall, BORO of - LST",SCHOOL
PA,TAX5977,42-085-1216821-EIT-432803,"Sugar Grove, TWP of - EIT (432803)",MUNICIPAL
PA,TAX5977,42-085-1216821-EIT-432803,"Sugar Grove, TWP of - EIT (432803)",SCHOOL
PA,TAX2804,42-095-1216902-EIT-484903,"Lehigh, TWP of - EIT (484903)",MUNICIPAL
PA,TAX2804,42-095-1216902-EIT-484903,"Lehigh, TWP of - EIT (484903)",SCHOOL
PA,TAX5479,42-005-1214857-EIT-030852,"Rural Valley, BORO of - EIT",MUNICIPAL
PA,TAX5479,42-005-1214857-EIT-030852,"Rural Valley, BORO of - EIT",SCHOOL
PA,TAX5702,42-041-1216345-LST-211603,"Silver Spring, TWP of - LST",MUNICIPAL
PA,TAX5702,42-041-1216345-LST-211603,"Silver Spring, TWP of - LST",SCHOOL
PA,TAX764,42-071-1215333-LST-156503,"Christiana, BORO of - LST",MUNICIPAL
PA,TAX764,42-071-1215333-LST-156503,"Christiana, BORO of - LST",SCHOOL
PA,TAX2016,42-043-1215163-EIT-228003,"Highspire, BORO of - EIT",MUNICIPAL
PA,TAX2016,42-043-1215163-EIT-228003,"Highspire, BORO of - EIT",SCHOOL
PA,TAX3211,42-039-1215138-LST-201352,"Meadville, City of - LST",MUNICIPAL
PA,TAX3211,42-039-1215138-LST-201352,"Meadville, City of - LST",SCHOOL
PA,TAX5217,42-051-1215236-LST-260303,"Point Marion, BORO of - LST",MUNICIPAL
PA,TAX5217,42-051-1215236-LST-260303,"Point Marion, BORO of - LST",SCHOOL
PA,TAX2149,42-003-1215810-EIT-023912,"Indiana, TWP of - EIT",MUNICIPAL
PA,TAX2149,42-003-1215810-EIT-023912,"Indiana, TWP of - EIT",SCHOOL
PA,TAX4918,42-069-1215327-EIT-355503,"Olyphant, BORO of - EIT",MUNICIPAL
PA,TAX4918,42-069-1215327-EIT-355503,"Olyphant, BORO of - EIT",SCHOOL
PA,TAX5700,42-017-1214980-LST-098103,"Silverdale, BORO of - LST",MUNICIPAL
PA,TAX5700,42-017-1214980-LST-098103,"Silverdale, BORO of - LST",SCHOOL
PA,TAX2014,42-031-1216206-LST-161203,"Highland, TWP of - LST (161203)",MUNICIPAL
PA,TAX2014,42-031-1216206-LST-161203,"Highland, TWP of - LST (161203)",SCHOOL
PA,TAX6774,42-095-1216912-EIT-488603,"Williams, TWP of - EIT (488603)",MUNICIPAL
PA,TAX6774,42-095-1216912-EIT-488603,"Williams, TWP of - EIT (488603)",SCHOOL
PA,TAX2277,42-133-1217293-LST-676703,"Jackson, TWP of - LST (676703)",MUNICIPAL
PA,TAX2277,42-133-1217293-LST-676703,"Jackson, TWP of - LST (676703)",SCHOOL
PA,TAX533,42-125-1217183-EIT-633903,"Buffalo, TWP of - EIT (633903)",MUNICIPAL
PA,TAX533,42-125-1217183-EIT-633903,"Buffalo, TWP of - EIT (633903)",SCHOOL
PA,TAX3100,42-045-1215186-LST-231303,"Marcus Hook, BORO of - LST",MUNICIPAL
PA,TAX3100,42-045-1215186-LST-231303,"Marcus Hook, BORO of - LST",SCHOOL
PA,TAX1729,42-023-1216102-LST-122703,"Gibson, TWP of - LST (122703)",MUNICIPAL
PA,TAX1729,42-023-1216102-LST-122703,"Gibson, TWP of - LST (122703)",SCHOOL
PA,TAX624,42-059-1215251-LST-301303,"Carmichaels, BORO of - LST",MUNICIPAL
PA,TAX624,42-059-1215251-LST-301303,"Carmichaels, BORO of - LST",SCHOOL
PA,TAX3634,42-115-1217093-LST-581003,"New Milford, TWP of - LST",MUNICIPAL
PA,TAX3634,42-115-1217093-LST-581003,"New Milford, TWP of - LST",SCHOOL
PA,TAX708,42-133-1217281-LST-675503,"Chanceford, TWP of - LST",MUNICIPAL
PA,TAX708,42-133-1217281-LST-675503,"Chanceford, TWP of - LST",SCHOOL
PA,TAX1767,42-133-1215746-EIT-219002,"Goldsboro, BORO of - EIT",MUNICIPAL
PA,TAX1767,42-133-1215746-EIT-219002,"Goldsboro, BORO of - EIT",SCHOOL
PA,TAX2423,42-097-1215510-LST-495103,"Kulpmont, BORO of - LST",MUNICIPAL
PA,TAX2423,42-097-1215510-LST-495103,"Kulpmont, BORO of - LST",SCHOOL
PA,TAX5906,42-059-1215260-LST-308503,"Springhill, TWP of - LST (308503)",MUNICIPAL
PA,TAX5906,42-059-1215260-LST-308503,"Springhill, TWP of - LST (308503)",SCHOOL
PA,TAX5367,42-075-1215369-LST-382303,"Richland, BORO of - LST",MUNICIPAL
PA,TAX5367,42-075-1215369-LST-382303,"Richland, BORO of - LST",SCHOOL
PA,TAX5282,42-019-1215001-EIT-107503,"Prospect, BORO of - EIT",MUNICIPAL
PA,TAX5282,42-019-1215001-EIT-107503,"Prospect, BORO of - EIT",SCHOOL
PA,TAX5764,42-055-1216471-EIT-218003,"Southampton, TWP of - EIT (218003)",MUNICIPAL
PA,TAX5764,42-055-1216471-EIT-218003,"Southampton, TWP of - EIT (218003)",SCHOOL
PA,TAX3121,42-091-1216865-EIT-468603,"Marlborough, TWP of - EIT",MUNICIPAL
PA,TAX3121,42-091-1216865-EIT-468603,"Marlborough, TWP of - EIT",SCHOOL
PA,TAX5615,42-129-1215721-EIT-654903,"Seward, BORO of - EIT",MUNICIPAL
PA,TAX5615,42-129-1215721-EIT-654903,"Seward, BORO of - EIT",SCHOOL
PA,TAX6738,42-077-1216701-LST-397803,"Whitehall, TWP of - LST",MUNICIPAL
PA,TAX6738,42-077-1216701-LST-397803,"Whitehall, TWP of - LST",SCHOOL
PA,TAX997,42-035-1216258-LST-414003,"Crawford, TWP of - LST",MUNICIPAL
PA,TAX997,42-035-1216258-LST-414003,"Crawford, TWP of - LST",SCHOOL
PA,TAX6328,42-029-1216180-EIT-152003,"Upper Uwchlan, TWP of - EIT",MUNICIPAL
PA,TAX6328,42-029-1216180-EIT-152003,"Upper Uwchlan, TWP of - EIT",SCHOOL
PA,TAX6858,42-079-1216737-EIT-401403,"Wright, TWP of - EIT",MUNICIPAL
PA,TAX6858,42-079-1216737-EIT-401403,"Wright, TWP of - EIT",SCHOOL
PA,TAX3228,42-051-1216439-LST-268003,"Menallen, TWP of - LST (268003)",MUNICIPAL
PA,TAX3228,42-051-1216439-LST-268003,"Menallen, TWP of - LST (268003)",SCHOOL
PA,TAX6696,42-009-1215910-LST-051503,"West Saint Clair, TWP of-LST",MUNICIPAL
PA,TAX6696,42-009-1215910-LST-051503,"West Saint Clair, TWP of-LST",SCHOOL
PA,TAX1621,42-021-1215021-EIT-111403,"Franklin, BORO of - EIT",MUNICIPAL
PA,TAX1621,42-021-1215021-EIT-111403,"Franklin, BORO of - EIT",SCHOOL
PA,TAX5440,42-121-1217173-LST-611303,"Rockland, TWP of - LST (611303)",MUNICIPAL
PA,TAX5440,42-121-1217173-LST-611303,"Rockland, TWP of - LST (611303)",SCHOOL
PA,TAX6114,42-061-1216525-EIT-058003,"Todd, TWP of - EIT (058003)",MUNICIPAL
PA,TAX6114,42-061-1216525-EIT-058003,"Todd, TWP of - EIT (058003)",SCHOOL
PA,TAX3520,42-081-1215424-EIT-415303,"Muncy, BORO of - EIT",MUNICIPAL
PA,TAX3520,42-081-1215424-EIT-415303,"Muncy, BORO of - EIT",SCHOOL
PA,TAX3581,42-007-1214885-EIT-045653,"New Brighton, BORO of - EIT",MUNICIPAL
PA,TAX3581,42-007-1214885-EIT-045653,"New Brighton, BORO of - EIT",SCHOOL
PA,TAX1414,42-043-1215159-LST-229003,"Elizabethville, BORO of - LST",MUNICIPAL
PA,TAX1414,42-043-1215159-LST-229003,"Elizabethville, BORO of - LST",SCHOOL
PA,TAX993,42-121-1217143-LST-611303,"Cranberry, TWP of - LST (611303)",MUNICIPAL
PA,TAX993,42-121-1217143-LST-611303,"Cranberry, TWP of - LST (611303)",SCHOOL
PA,TAX6714,42-063-1216552-LST-328003,"West Wheatfield, TWP of - LST",MUNICIPAL
PA,TAX6714,42-063-1216552-LST-328003,"West Wheatfield, TWP of - LST",SCHOOL
PA,TAX5586,42-037-1216293-EIT-191503,"Scott, TWP of - EIT (191503)",MUNICIPAL
PA,TAX5586,42-037-1216293-EIT-191503,"Scott, TWP of - EIT (191503)",SCHOOL
PA,TAX15,42-019-1216040-LST-105003,"Adams, TWP of - LST (105003)",MUNICIPAL
PA,TAX15,42-019-1216040-LST-105003,"Adams, TWP of - LST (105003)",SCHOOL
PA,TAX1917,42-009-1215894-LST-051003,"Harrison, TWP of - LST (051003)",MUNICIPAL
PA,TAX1917,42-009-1215894-LST-051003,"Harrison, TWP of - LST (051003)",SCHOOL
PA,TAX421,42-001-1214754-EIT-015203,"Bonneauville, BORO of - EIT (015203)",MUNICIPAL
PA,TAX421,42-001-1214754-EIT-015203,"Bonneauville, BORO of - EIT (015203)",SCHOOL
PA,TAX1209,42-017-1216015-LST-098003,"Durham, TWP of - LST",MUNICIPAL
PA,TAX1209,42-017-1216015-LST-098003,"Durham, TWP of - LST",SCHOOL
PA,TAX1379,42-079-1215387-EIT-409302,"Edwardsville, BORO of - EIT",MUNICIPAL
PA,TAX1379,42-079-1215387-EIT-409302,"Edwardsville, BORO of - EIT",SCHOOL
PA,TAX378,42-063-1216533-LST-030603,"Black Lick, TWP of - LST (030603)",MUNICIPAL
PA,TAX378,42-063-1216533-LST-030603,"Black Lick, TWP of - LST (030603)",SCHOOL
PA,TAX5263,42-003-1214820-LST-028653,"Port Vue, BORO of - LST",MUNICIPAL
PA,TAX5263,42-003-1214820-LST-028653,"Port Vue, BORO of - LST",SCHOOL
PA,TAX5171,42-079-1215405-LST-406602,"Pittston, City of - LST",MUNICIPAL
PA,TAX5171,42-079-1215405-LST-406602,"Pittston, City of - LST",SCHOOL
PA,TAX5486,42-107-1217014-EIT-547603,"Rush, TWP of - EIT (547603)",MUNICIPAL
PA,TAX5486,42-107-1217014-EIT-547603,"Rush, TWP of - EIT (547603)",SCHOOL
PA,TAX1563,42-125-1215667-EIT-637002,"Finleyville, BORO of - EIT",MUNICIPAL
PA,TAX1563,42-125-1215667-EIT-637002,"Finleyville, BORO of - EIT",SCHOOL
PA,TAX6782,42-085-1216823-EIT-378003,"Wilmington, TWP of - EIT (378003)",MUNICIPAL
PA,TAX6782,42-085-1216823-EIT-378003,"Wilmington, TWP of - EIT (378003)",SCHOOL
PA,TAX361,42-001-1214753-LST-018523,"Biglerville, BORO of - LST",MUNICIPAL
PA,TAX361,42-001-1214753-LST-018523,"Biglerville, BORO of - LST",SCHOOL
PA,TAX1130,42-069-1215319-LST-355503,"Dickson City, BORO of - LST",MUNICIPAL
PA,TAX1130,42-069-1215319-LST-355503,"Dickson City, BORO of - LST",SCHOOL
PA,TAX1992,42-085-1176876-EIT-433303,"Hermitage, City of - EIT",MUNICIPAL
PA,TAX1992,42-085-1176876-EIT-433303,"Hermitage, City of - EIT",SCHOOL
PA,TAX587,42-111-2086600-EIT-565203,"Callimont, BORO of - EIT",MUNICIPAL
PA,TAX587,42-111-2086600-EIT-565203,"Callimont, BORO of - EIT",SCHOOL
PA,TAX140,42-001-1214751-EIT-018523,"Arendtsville, BORO of - EIT",MUNICIPAL
PA,TAX140,42-001-1214751-EIT-018523,"Arendtsville, BORO of - EIT",SCHOOL
PA,TAX2044,42-007-1214880-EIT-047404,"Hookstown, BORO of - EIT",MUNICIPAL
PA,TAX2044,42-007-1214880-EIT-047404,"Hookstown, BORO of - EIT",SCHOOL
PA,TAX1216,42-011-1215924-EIT-060753,"Earl, TWP of - EIT (060753)",MUNICIPAL
PA,TAX1216,42-011-1215924-EIT-060753,"Earl, TWP of - EIT (060753)",SCHOOL
PA,TAX727,42-123-1217159-EIT-628302,"Cherry Grove, TWP of - EIT",MUNICIPAL
PA,TAX727,42-123-1217159-EIT-628302,"Cherry Grove, TWP of - EIT",SCHOOL
PA,TAX2833,42-083-1215432-LST-420803,"Lewis Run, BORO of - LST",MUNICIPAL
PA,TAX2833,42-083-1215432-LST-420803,"Lewis Run, BORO of - LST",SCHOOL
PA,TAX1751,42-069-1216598-EIT-350303,"Glenburn, TWP of - EIT",MUNICIPAL
PA,TAX1751,42-069-1216598-EIT-350303,"Glenburn, TWP of - EIT",SCHOOL
PA,TAX5884,42-049-1216422-EIT-258503,"Springfield, TWP of - EIT (258503)",MUNICIPAL
PA,TAX5884,42-049-1216422-EIT-258503,"Springfield, TWP of - EIT (258503)",SCHOOL
PA,TAX78,42-019-1216041-LST-160303,"Allegheny, TWP of - LST (160303)",MUNICIPAL
PA,TAX78,42-019-1216041-LST-160303,"Allegheny, TWP of - LST (160303)",SCHOOL
PA,TAX928,42-071-1216618-LST-362403,"Conoy, TWP of - LST",MUNICIPAL
PA,TAX928,42-071-1216618-LST-362403,"Conoy, TWP of - LST",SCHOOL
PA,TAX941,42-129-1217234-EIT-654903,"Cook, TWP of - EIT",MUNICIPAL
PA,TAX941,42-129-1217234-EIT-654903,"Cook, TWP of - EIT",SCHOOL
PA,TAX3730,42-037-1216289-EIT-191503,"North Centre, TWP of - EIT",MUNICIPAL
PA,TAX3730,42-037-1216289-EIT-191503,"North Centre, TWP of - EIT",SCHOOL
PA,TAX2255,42-099-1216941-EIT-508003,"Jackson, TWP of - EIT (508003)",MUNICIPAL
PA,TAX2255,42-099-1216941-EIT-508003,"Jackson, TWP of - EIT (508003)",SCHOOL
PA,TAX6231,42-119-1217135-EIT-605003,"Union, TWP of - EIT (605003)",MUNICIPAL
PA,TAX6231,42-119-1217135-EIT-605003,"Union, TWP of - EIT (605003)",SCHOOL
PA,TAX386,42-063-1215283-EIT-321103,"Blairsville, BORO of - EIT",MUNICIPAL
PA,TAX386,42-063-1215283-EIT-321103,"Blairsville, BORO of - EIT",SCHOOL
PA,TAX799,42-075-1215362-EIT-380303,"Cleona, BORO of - EIT",MUNICIPAL
PA,TAX799,42-075-1215362-EIT-380303,"Cleona, BORO of - EIT",SCHOOL
PA,TAX2718,42-049-1215213-EIT-254053,"Lake City, BORO of - EIT",MUNICIPAL
PA,TAX2718,42-049-1215213-EIT-254053,"Lake City, BORO of - EIT",SCHOOL
PA,TAX4950,42-107-1215561-EIT-540803,"Orwigsburg, BORO of - EIT",MUNICIPAL
PA,TAX4950,42-107-1215561-EIT-540803,"Orwigsburg, BORO of - EIT",SCHOOL
PA,TAX5795,42-021-1215034-EIT-112203,"South Fork, BORO of - EIT",MUNICIPAL
PA,TAX5795,42-021-1215034-EIT-112203,"South Fork, BORO of - EIT",SCHOOL
PA,TAX1803,42-069-1216599-EIT-354603,"Greenfield, TWP of - EIT (354603)",MUNICIPAL
PA,TAX1803,42-069-1216599-EIT-354603,"Greenfield, TWP of - EIT (354603)",SCHOOL
PA,TAX279,42-035-1215114-LST-183602,"Beech Creek, BORO of - LST",MUNICIPAL
PA,TAX279,42-035-1215114-LST-183602,"Beech Creek, BORO of - LST",SCHOOL
PA,TAX442,42-003-1214775-EIT-026852,"Bradford Woods, BORO of - EIT",MUNICIPAL
PA,TAX442,42-003-1214775-EIT-026852,"Bradford Woods, BORO of - EIT",SCHOOL
PA,TAX6543,42-015-1216003-LST-086653,"Wells, TWP of - LST (086653)",MUNICIPAL
PA,TAX6543,42-015-1216003-LST-086653,"Wells, TWP of - LST (086653)",SCHOOL
PA,TAX567,42-107-1216994-EIT-545003,"Butler, TWP of - EIT (545003)",MUNICIPAL
PA,TAX567,42-107-1216994-EIT-545003,"Butler, TWP of - EIT (545003)",SCHOOL
PA,TAX1084,42-117-1217105-LST-596003,"Deerfield, TWP of - LST (596003)",MUNICIPAL
PA,TAX1084,42-117-1217105-LST-596003,"Deerfield, TWP of - LST (596003)",SCHOOL
PA,TAX90,42-035-1216252-EIT-183602,"Allison, TWP of - EIT",MUNICIPAL
PA,TAX90,42-035-1216252-EIT-183602,"Allison, TWP of - EIT",SCHOOL
PA,TAX5096,42-005-1215854-LST-103603,"Perry, TWP of - LST (103603)",MUNICIPAL
PA,TAX5096,42-005-1215854-LST-103603,"Perry, TWP of - LST (103603)",SCHOOL
PA,TAX3432,42-003-1215816-LST-026343,"Moon, TWP of - LST",MUNICIPAL
PA,TAX3432,42-003-1215816-LST-026343,"Moon, TWP of - LST",SCHOOL
PA,TAX5651,42-123-1217175-EIT-628302,Sheffield Township - EIT,MUNICIPAL
PA,TAX5651,42-123-1217175-EIT-628302,Sheffield Township - EIT,SCHOOL
PA,TAX5126,42-033-1216245-LST-171803,"Pike, TWP of - LST (171803)",MUNICIPAL
PA,TAX5126,42-033-1216245-LST-171803,"Pike, TWP of - LST (171803)",SCHOOL
PA,TAX3114,42-011-1215934-LST-061103,"Marion, TWP of - LST (061103)",MUNICIPAL
PA,TAX3114,42-011-1215934-LST-061103,"Marion, TWP of - LST (061103)",SCHOOL
PA,TAX401,42-039-1215130-LST-204703,"Blooming Valley, BORO of-LST",MUNICIPAL
PA,TAX401,42-039-1215130-LST-204703,"Blooming Valley, BORO of-LST",SCHOOL
PA,TAX3031,42-077-1215378-EIT-392303,"Macungie, BORO of - EIT",MUNICIPAL
PA,TAX3031,42-077-1215378-EIT-392303,"Macungie, BORO of - EIT",SCHOOL
PA,TAX6656,42-085-1215451-LST-437503,"West Middlesex, BORO of - LST",MUNICIPAL
PA,TAX6656,42-085-1215451-LST-437503,"West Middlesex, BORO of - LST",SCHOOL
PA,TAX1667,42-007-1214875-EIT-042853,"Freedom, BORO of - EIT",MUNICIPAL
PA,TAX1667,42-007-1214875-EIT-042853,"Freedom, BORO of - EIT",SCHOOL
PA,TAX6825,42-013-1215970-EIT-079004,"Woodbury, TWP of - EIT (079004)",MUNICIPAL
PA,TAX6825,42-013-1215970-EIT-079004,"Woodbury, TWP of - EIT (079004)",SCHOOL
PA,TAX5364,42-059-1215259-EIT-308503,"Richhill, TWP of - EIT",MUNICIPAL
PA,TAX5364,42-059-1215259-EIT-308503,"Richhill, TWP of - EIT",SCHOOL
PA,TAX1074,42-087-1216827-EIT-444602,"Decatur, TWP of - EIT (444602)",MUNICIPAL
PA,TAX1074,42-087-1216827-EIT-444602,"Decatur, TWP of - EIT (444602)",SCHOOL
PA,TAX2410,42-031-1216207-EIT-167504,"Knox, TWP of - EIT (167504)",MUNICIPAL
PA,TAX2410,42-031-1216207-EIT-167504,"Knox, TWP of - EIT (167504)",SCHOOL
PA,TAX1398,42-081-1216747-LST-415103,"Eldred, TWP of - LST (415103)",MUNICIPAL
PA,TAX1398,42-081-1216747-LST-415103,"Eldred, TWP of - LST (415103)",SCHOOL
PA,TAX1635,42-029-1216160-EIT-150503,"Franklin, TWP of - EIT (150503)",MUNICIPAL
PA,TAX1635,42-029-1216160-EIT-150503,"Franklin, TWP of - EIT (150503)",SCHOOL
PA,TAX2053,42-009-1215895-EIT-056004,"Hopewell, TWP of - EIT (056004)",MUNICIPAL
PA,TAX2053,42-009-1215895-EIT-056004,"Hopewell, TWP of - EIT (056004)",SCHOOL
PA,TAX4982,42-111-1217059-LST-561803,"Paint, TWP of - LST (561803)",MUNICIPAL
PA,TAX4982,42-111-1217059-LST-561803,"Paint, TWP of - LST (561803)",SCHOOL
PA,TAX6733,42-119-1217137-EIT-495003,"White Deer, TWP of - EIT",MUNICIPAL
PA,TAX6733,42-119-1217137-EIT-495003,"White Deer, TWP of - EIT",SCHOOL
PA,TAX1859,42-043-1215161-EIT-222504,"Halifax, BORO of - EIT",MUNICIPAL
PA,TAX1859,42-043-1215161-EIT-222504,"Halifax, BORO of - EIT",SCHOOL
PA,TAX1537,42-003-1215803-EIT-024753,"Fawn, TWP of - EIT (024753)",MUNICIPAL
PA,TAX1537,42-003-1215803-EIT-024753,"Fawn, TWP of - EIT (024753)",SCHOOL
PA,TAX2919,42-061-1216513-LST-312804,"Logan, TWP of - LST (312804)",MUNICIPAL
PA,TAX2919,42-061-1216513-LST-312804,"Logan, TWP of - LST (312804)",SCHOOL
PA,TAX5676,42-117-1217122-EIT-598503,"Shippen, TWP of - EIT (598503)",MUNICIPAL
PA,TAX5676,42-117-1217122-EIT-598503,"Shippen, TWP of - EIT (598503)",SCHOOL
PA,TAX513,42-051-1216429-LST-260803,"Brownsville, TWP of - LST",MUNICIPAL
PA,TAX513,42-051-1216429-LST-260803,"Brownsville, TWP of - LST",SCHOOL
PA,TAX3288,42-119-1215633-EIT-605003,"Mifflinburg, BORO of - EIT",MUNICIPAL
PA,TAX3288,42-119-1215633-EIT-605003,"Mifflinburg, BORO of - EIT",SCHOOL
PA,TAX6057,42-091-1217321-LST-467103,"Telford, BORO of - LST (467103)",MUNICIPAL
PA,TAX6057,42-091-1217321-LST-467103,"Telford, BORO of - LST (467103)",SCHOOL
PA,TAX5883,42-045-1216391-EIT-238502,"Springfield, TWP of - EIT (238502)",MUNICIPAL
PA,TAX5883,42-045-1216391-EIT-238502,"Springfield, TWP of - EIT (238502)",SCHOOL
PA,TAX679,42-063-1216538-LST-323303,"Center, TWP of - LST (323303)",MUNICIPAL
PA,TAX679,42-063-1216538-LST-323303,"Center, TWP of - LST (323303)",SCHOOL
PA,TAX3489,42-129-1215710-LST-655903,"Mount Pleasant, BORO of - LST",MUNICIPAL
PA,TAX3489,42-129-1215710-LST-655903,"Mount Pleasant, BORO of - LST",SCHOOL
PA,TAX1225,42-001-1214756-LST-011103,"East Berlin, BORO of - LST",MUNICIPAL
PA,TAX1225,42-001-1214756-LST-011103,"East Berlin, BORO of - LST",SCHOOL
PA,TAX6186,42-125-1215679-EIT-631803,"Twilight, BORO of - EIT",MUNICIPAL
PA,TAX6186,42-125-1215679-EIT-631803,"Twilight, BORO of - EIT",SCHOOL
PA,TAX6691,42-017-1216038-EIT-098103,"West Rockhill, TWP of - EIT",MUNICIPAL
PA,TAX6691,42-017-1216038-EIT-098103,"West Rockhill, TWP of - EIT",SCHOOL
PA,TAX822,42-121-1215636-LST-612203,"Clintonville, BORO of - LST",MUNICIPAL
PA,TAX822,42-121-1215636-LST-612203,"Clintonville, BORO of - LST",SCHOOL
PA,TAX1870,42-001-1215783-EIT-011603,"Hamilton, TWP of - EIT (011603)",MUNICIPAL
PA,TAX1870,42-001-1215783-EIT-011603,"Hamilton, TWP of - EIT (011603)",SCHOOL
PA,TAX3532,42-075-1215367-EIT-382303,"Myerstown, BORO of - EIT",MUNICIPAL
PA,TAX3532,42-075-1215367-EIT-382303,"Myerstown, BORO of - EIT",SCHOOL
PA,TAX6718,42-079-1215414-LST-409203,"West Wyoming, BORO of - LST",MUNICIPAL
PA,TAX6718,42-079-1215414-LST-409203,"West Wyoming, BORO of - LST",SCHOOL
PA,TAX321,42-069-1216592-EIT-665003,"Benton, TWP of - EIT (665003)",MUNICIPAL
PA,TAX321,42-069-1216592-EIT-665003,"Benton, TWP of - EIT (665003)",SCHOOL
PA,TAX342,42-057-1216476-EIT-297504,"Bethel, TWP of - EIT (297504)",MUNICIPAL
PA,TAX342,42-057-1216476-EIT-297504,"Bethel, TWP of - EIT (297504)",SCHOOL
PA,TAX1026,42-081-1216746-EIT-414003,"Cummings, TWP of - EIT",MUNICIPAL
PA,TAX1026,42-081-1216746-EIT-414003,"Cummings, TWP of - EIT",SCHOOL
PA,TAX3499,42-127-1217224-LST-583003,"Mount Pleasant, TWP of - LST (583003)",MUNICIPAL
PA,TAX3499,42-127-1217224-LST-583003,"Mount Pleasant, TWP of - LST (583003)",SCHOOL
PA,TAX2316,42-079-1216721-EIT-406602,"Jenkins, TWP of - EIT",MUNICIPAL
PA,TAX2316,42-079-1216721-EIT-406602,"Jenkins, TWP of - EIT",SCHOOL
PA,TAX6889,42-079-1215418-EIT-406602,"Yatesville, BORO of - EIT",MUNICIPAL
PA,TAX6889,42-079-1215418-EIT-406602,"Yatesville, BORO of - EIT",SCHOOL
PA,TAX355,42-095-1216897-LST-481002,"Bethlehem, TWP of - LST",MUNICIPAL
PA,TAX355,42-095-1216897-LST-481002,"Bethlehem, TWP of - LST",SCHOOL
PA,TAX4973,42-025-1216115-EIT-139004,"Packer, TWP of - EIT",MUNICIPAL
PA,TAX4973,42-025-1216115-EIT-139004,"Packer, TWP of - EIT",SCHOOL
PA,TAX6647,42-133-1217311-EIT-676403,"West Manheim, TWP of - EIT",MUNICIPAL
PA,TAX6647,42-133-1217311-EIT-676403,"West Manheim, TWP of - EIT",SCHOOL
PA,TAX1942,42-017-1216018-LST-098403,"Haycock, TWP of - LST",MUNICIPAL
PA,TAX1942,42-017-1216018-LST-098403,"Haycock, TWP of - LST",SCHOOL
PA,TAX509,42-021-1215010-LST-112003,"Brownstown, BORO of - LST",MUNICIPAL
PA,TAX509,42-021-1215010-LST-112003,"Brownstown, BORO of - LST",SCHOOL
PA,TAX473,42-091-1215464-LST-468402,"Bridgeport, BORO of - LST",MUNICIPAL
PA,TAX473,42-091-1215464-LST-468402,"Bridgeport, BORO of - LST",SCHOOL
PA,TAX5731,42-129-1215722-EIT-658903,"Smithton, BORO of - EIT",MUNICIPAL
PA,TAX5731,42-129-1215722-EIT-658903,"Smithton, BORO of - EIT",SCHOOL
PA,TAX6632,42-005-1214859-LST-030852,"West Kittanning, BORO of-LST",MUNICIPAL
PA,TAX6632,42-005-1214859-LST-030852,"West Kittanning, BORO of-LST",SCHOOL
PA,TAX1073,42-033-1216232-EIT-177003,"Decatur, TWP of - EIT (177003)",MUNICIPAL
PA,TAX1073,42-033-1216232-EIT-177003,"Decatur, TWP of - EIT (177003)",SCHOOL
PA,TAX5552,42-085-1216816-LST-431304,"Sandy Creek, TWP of - LST",MUNICIPAL
PA,TAX5552,42-085-1216816-LST-431304,"Sandy Creek, TWP of - LST",SCHOOL
PA,TAX1974,42-095-1215496-EIT-486003,"Hellertown, BORO of - EIT",MUNICIPAL
PA,TAX1974,42-095-1215496-EIT-486003,"Hellertown, BORO of - EIT",SCHOOL
PA,TAX5415,42-037-1216292-EIT-197503,"Roaring Creek, TWP of - EIT",MUNICIPAL
PA,TAX5415,42-037-1216292-EIT-197503,"Roaring Creek, TWP of - EIT",SCHOOL
PA,TAX3451,42-017-1214970-EIT-097203,"Morrisville, Boro of - EIT (097203)",MUNICIPAL
PA,TAX3451,42-017-1214970-EIT-097203,"Morrisville, Boro of - EIT (097203)",SCHOOL
PA,TAX2732,42-071-1215339-LST-361703,"Lancaster, City of - LST (361703)",MUNICIPAL
PA,TAX2732,42-071-1215339-LST-361703,"Lancaster, City of - LST (361703)",SCHOOL
NY,TAX3820,36-000-0000-ER_POP-008,NY MCTMT Employer Payroll Tax,ZONE_ONE
NY,TAX3820,36-000-0000-ER_POP-008,NY MCTMT Employer Payroll Tax,ZONE_TWO
DE,TAX1077,10-000-0000-ER_FLI-000,DE Employer Paid Family & Medical Leave,FAMILY_CAREGIVER_QUALIFIED_EXIGENCY_PREMIUM
DE,TAX1077,10-000-0000-ER_FLI-000,DE Employer Paid Family & Medical Leave,MEDICAL_LEAVE_PREMIUM
DE,TAX1077,10-000-0000-ER_FLI-000,DE Employer Paid Family & Medical Leave,PARENTAL_LEAVE_PREMIUM 
DE,TAX1111,10-000-0000-FLI-000,DE Paid Family & Medical Leave,FAMILY_CAREGIVER_QUALIFIED_EXIGENCY_PREMIUM
DE,TAX1111,10-000-0000-FLI-000,DE Paid Family & Medical Leave,MEDICAL_LEAVE_PREMIUM
DE,TAX1111,10-000-0000-FLI-000,DE Paid Family & Medical Leave,PARENTAL_LEAVE_PREMIUM 
MN,TAX6921,27-000-0000-ER_FLI-000,MN Paid Family and Medical Leave - Employer,FAMILY_LEAVE_PREMIUM 
MN,TAX6921,27-000-0000-ER_FLI-000,MN Paid Family and Medical Leave - Employer,MEDICAL_LEAVE_PREMIUM
MN,TAX6922,27-000-0000-FLI-000,MN Paid Family and Medical Leave,FAMILY_LEAVE_PREMIUM 
MN,TAX6922,27-000-0000-FLI-000,MN Paid Family and Medical Leave,MEDICAL_LEAVE_PREMIUM
CO,TAX851,08-000-0000-ER_FLI-000,CO Employer Paid Family Leave,FAMILY_LEAVE_PREMIUM 
CO,TAX851,08-000-0000-ER_FLI-000,CO Employer Paid Family Leave,MEDICAL_LEAVE_PREMIUM
CO,TAX955,08-000-0000-FLI-000,CO Paid Family & Medical Leave,FAMILY_LEAVE_PREMIUM 
CO,TAX955,08-000-0000-FLI-000,CO Paid Family & Medical Leave,MEDICAL_LEAVE_PREMIUM
WA,TAX6412,53-000-0000-FLI-000,WA Paid Family & Medical Leave,FAMILY_LEAVE_PREMIUM 
WA,TAX6412,53-000-0000-FLI-000,WA Paid Family & Medical Leave,MEDICAL_LEAVE_PREMIUM
MA,TAX3096,25-000-0000-FLI-000,MA Paid FMLY and Medical Leave,FAMILY_LEAVE_PREMIUM 
MA,TAX3096,25-000-0000-FLI-000,MA Paid FMLY and Medical Leave,MEDICAL_LEAVE_PREMIUM
WA,TAX6388,53-000-0000-ER_FLI-000,WA Employer Paid Family Leave,FAMILY_LEAVE_PREMIUM 
WA,TAX6388,53-000-0000-ER_FLI-000,WA Employer Paid Family Leave,MEDICAL_LEAVE_PREMIUM
MA,TAX3044,25-000-0000-ER_FLI-000,MA Employer Paid Family Leave,FAMILY_LEAVE_PREMIUM 
MA,TAX3044,25-000-0000-ER_FLI-000,MA Employer Paid Family Leave,MEDICAL_LEAVE_PREMIUM
OR,TAX4939,41-000-0000-FLI-000,OR Paid Family & Medical Leave,FAMILY_LEAVE_PREMIUM 
OR,TAX4939,41-000-0000-FLI-000,OR Paid Family & Medical Leave,MEDICAL_LEAVE_PREMIUM
OR,TAX4933,41-000-0000-ER_FLI-000,OR Employer Paid Family Leave,FAMILY_LEAVE_PREMIUM 
OR,TAX4933,41-000-0000-ER_FLI-000,OR Employer Paid Family Leave,MEDICAL_LEAVE_PREMIUM
KY,TAX2601,21-169-0000-OLF-000,KY Metcalfe County - OLF,
FED,TAX01,00-000-0000-UPS_TPS-000,3rd Party Sick Tax,
AR,TAX158,05-000-0000-ER_SUTA-000,AR State Unemployment Tax,
OH,TAX4857,39-000-0000-JEDD-098,OH Whitehouse - Spencer JEDZ Tax,
OH,TAX4550,39-000-0000-JEDD-031,OH Olmstead JEDD Tax,
OH,TAX3906,39-000-1060860-CITY-000,OH Bellaire City Tax,
MI,TAX3366,26-000-1624839-CITY-000,MI Port Huron City Tax,
AL,TAX92,01-000-160013-CITY-000,AL Lynn City Tax,
IN,TAX2190,18-101-0000-CNTY-000,IN Martin County Tax,
OH,TAX4169,39-000-1077526-CITY-000,OH Gallipolis City Tax,
OH,TAX4214,39-000-1064783-CITY-000,OH Hamersville City Tax,
OH,TAX4755,39-000-0000-JEDD-085,OH Toledo Airport JEDD Tax,
OH,TAX4352,39-000-0000-JEDD-024,OH Macedonia Northfield TWP,
KY,TAX2606,21-171-0000-OLF-000,KY Monroe County - OLF,
OH,TAX4398,39-000-1048968-CITY-000,OH Metamora City Tax,
OH,TAX4734,39-000-1049225-CITY-000,OH Sugar Grove City Tax,
OH,TAX4439,39-000-0000-JEDD-097,OH Monclova - Whitehouse JEDD Tax,
OH,TAX4846,39-000-1061730-CITY-000,OH West Liberty City Tax,
OH,TAX4318,39-000-1057795-CITY-000,OH Lewisburg City Tax,
KY,TAX2704,21-000-506924-OLF-000,KY Winchester - OLF,
OH,TAX3882,39-000-0000-SCHL-0502,OH Athens CSD Tax,
OH,TAX4356,39-000-0000-JEDD-127,OH Madison TWP JEDD Tax,
OH,TAX4598,39-000-1061541-CITY-000,OH Piketon City Tax,
OH,TAX4376,39-000-1061481-CITY-000,OH Mason City Tax,
OH,TAX4422,39-000-0000-SCHL-8604,OH Millcreek-West Unity LSD Tax,
OH,TAX4081,39-000-0000-JEDD-046,OH Defiance JEDD Tax,
RI,TAX5394,44-000-0000-SDI-000,RI Disability Insurance Tax,
OH,TAX4275,39-000-1061427-CITY-000,OH Jackson City Tax,
OH,TAX3904,39-000-1060854-CITY-000,OH Bedford City Tax,
OH,TAX4737,39-000-0000-SCHL-2606,OH Swanton LSD Tax,
OH,TAX4001,39-000-0000-SCHL-4201,OH Centerburg LSD Tax,
OH,TAX3852,39-000-0000-SCHL-2301,OH Amanda-Clearcreek LSD Tax,
KY,TAX2591,21-000-497596-OLF-000,KY Martin - OLF,
OH,TAX4635,39-000-1076745-CITY-000,OH Rio Grande City Tax,
DE,TAX1125,10-000-214862-ER_EHT-000,DE Wilmington Business Lic Fee,
OR,TAX4937,41-000-0000-SST-001,OR Metro SHS Tax,
WV,TAX6862,54-000-1560592-CITY-000,WV Glen Dale City Service Fee,
KY,TAX2651,21-000-502532-OLF-000,KY Russell Springs - OLF,
OH,TAX4888,39-000-0000-JEDD-044,OH Youngstown Girard JEDZ Tax,
KY,TAX2537,21-093-0000-OLF-001,KY Hardin County - OLF,
OH,TAX4000,39-000-1060936-CITY-000,OH Centerburg City Tax,
OH,TAX4496,39-000-0000-SCHL-7404,OH New Riegel LSD Tax,
OH,TAX3855,39-000-1064320-CITY-000,OH Amherst City Tax,
OH,TAX3920,39-000-0000-SCHL-5501,OH Bethel LSD Tax,
OH,TAX4498,39-000-0000-SCHL-5506,OH Newton LSD Tax,
OH,TAX4761,39-000-1061703-CITY-000,OH Trenton City Tax,
OH,TAX3900,39-000-1048493-CITY-000,OH Beachwood City Tax,
KY,TAX2521,21-00-000-ER_FUTA_CR-0000,KY FUTA Credit Reduction,
OH,TAX3914,39-000-1072192-CITY-000,OH Berea City Tax,
NE,TAX3559,31-000-0000-SIT-000,NE State Income Tax,
OH,TAX4889,39-000-1071002-CITY-000,OH Zanesville City Tax,
OH,TAX4295,39-000-1064929-CITY-000,OH Kenton City Tax,
MD,TAX3184,24-510-0000-CNTY-000,MD Baltimore City Tax,
OH,TAX4624,39-000-0000-JEDD-036,OH Reminderville Twinsburg Twp JEDD Tax,
ME,TAX3216,23-000-0000-ER_SUTA_SC-041,ME CSSF,
OH,TAX3957,39-000-1048555-CITY-000,OH Brooklyn Heights City Tax,
OH,TAX4481,39-000-1777352-CITY-000,OH New Franklin City Tax,
KY,TAX2573,21-000-496280-OLF-000,KY Leitchfield - OLF,
KY,TAX2707,21-000-507172-OLF-000,KY Wurtland - OLF,
OH,TAX3938,39-000-0000-JEDD-060,OH Boston Township - Peninsula JEDD Tax,
KY,TAX2491,21-059-0000-OLF-000,KY Daviess County - OLF,
OH,TAX3846,39-000-0000-SCHL-0501,OH Alexander LSD Tax,
OH,TAX4257,39-000-1056347-CITY-000,OH Huron City Tax,
NE,TAX3560,31-000-0000-ER_SUTA-000,NE State Unemployment Tax,
MS,TAX3511,28-000-0000-ER_SUTA-000,MS State Unemployment Tax,
OH,TAX3990,39-000-1056767-CITY-000,OH Carlisle City Tax,
OH,TAX3984,39-000-1038796-CITY-000,OH Canfield City Tax,
OH,TAX4212,39-000-1048806-CITY-000,OH Grove City City Tax,
OH,TAX4426,39-000-1043380-CITY-000,OH Millersport City Tax,
OH,TAX4067,39-000-1048646-CITY-000,OH Cuyahoga Falls City Tax,
KY,TAX2463,21-037-0000-OLF-000,KY Campbell County - OLF,
NY,TAX3817,36-000-0000-ER_ECET-000,NY Compensation Expense Tax,
OH,TAX4360,39-000-1061464-CITY-000,OH Malvern City Tax,
KY,TAX2460,21-000-488648-OLF-000,KY Calvert City - OLF,
OH,TAX4238,39-000-1085667-CITY-000,OH Highland Hills City Tax,
OH,TAX4436,39-000-1077531-CITY-000,OH Mogadore City Tax,
OH,TAX4799,39-000-0000-SCHL-8104,OH Van Wert CSD Tax,
MD,TAX3183,24-003-0000-CNTY-000,MD Anne Arundel County Tax,
OH,TAX4088,39-000-1039681-CITY-000,OH Deshler City Tax,
KY,TAX2486,21-055-0000-OLF-000,KY Crittenden County - OLF,
OH,TAX4801,39-000-1049274-CITY-000,OH Vermilion City Tax,
KY,TAX2449,21-021-0000-OLF-000,KY Boyle County - OLF,
OH,TAX4082,39-000-1061018-CITY-000,OH De Graff City Tax,
OH,TAX4508,39-000-1065163-CITY-000,OH North Canton City Tax,
OH,TAX4012,39-000-0000-JEDD-074,OH Christ-Children's JEDD II Tax,
KY,TAX2627,21-000-500106-OLF-000,KY Paducah - OLF,
OH,TAX4507,39-000-0000-SCHL-8705,OH North Baltimore LSD Tax,
OH,TAX3936,39-000-1064463-CITY-000,OH Bolivar City Tax,
KY,TAX2583,21-151-0000-OLF-000,KY Madison County - OLF,
KY,TAX2518,21-073-0000-OLF-000,KY Franklin County - OLF,
OH,TAX4612,39-000-1061567-CITY-000,OH Portsmouth City Tax,
OH,TAX3947,39-000-1048543-CITY-000,OH Bratenahl City Tax,
KY,TAX2639,21-197-0000-OLF-000,KY Powell County - OLF,
CO,TAX843,08-000-204737-CITY-000,CO Aurora - Employee OPT,
SD,TAX5792,46-000-0000-SIT-000,South Dakota State Tax,
KY,TAX2686,21-000-506053-OLF-000,KY Vine Grove - OLF,
WA,TAX6389,53-000-0000-ER_SUTA_SC-052,WA Employment Admin Fund,
OH,TAX4321,39-000-1064993-CITY-000,OH Liberty Center City Tax,
AL,TAX57,01-000-154458-CITY-000,AL Guin City Tax,
KY,TAX2598,21-149-0000-OLF-000,KY McLean County - OLF,
OH,TAX4119,39-000-1064624-CITY-000,OH Englewood City Tax,
KY,TAX2625,21-000-500082-OLF-000,KY Owensboro - OLF,
OH,TAX4800,39-000-0000-SCHL-3207,OH Van Buren LSD Tax,
OH,TAX4098,39-000-1061038-CITY-000,OH East Liverpool City Tax,
OH,TAX4242,39-000-0000-SCHL-3604,OH Hillsboro CSD Tax,
OH,TAX4510,39-000-0000-SCHL-1203,OH Northeastern LSD Tax,
KY,TAX2574,21-131-0000-OLF-000,KY Leslie County - OLF,
OH,TAX4615,39-000-1061570-CITY-000,OH Powhatan Point City Tax,
OH,TAX4675,39-000-1048375-CITY-000,OH Sheffield City Tax,
OH,TAX4854,39-000-1047810-CITY-000,OH West Unity City Tax,
OH,TAX4631,39-000-1061602-CITY-000,OH Richwood City Tax,
IN,TAX2142,18-035-0000-CNTY-000,IN Delaware County Tax,
IN,TAX2153,18-037-0000-CNTY-000,IN Dubois County Tax,
KY,TAX2695,21-000-516279-OLF-000,KY West Liberty - OLF,
KY,TAX2441,21-015-0000-MHT-000,KY Boone County - MHT,
OH,TAX3950,39-000-1064485-CITY-000,OH Brewster City Tax,
OH,TAX4391,39-000-1061504-CITY-000,OH Medina City Tax,
OH,TAX4555,39-000-0000-JEDD-158,OH Orange TWP JEDD Tax,
KY,TAX2619,21-181-0000-OLF-000,KY Nicholas County - OLF,
OH,TAX4554,39-000-1065211-CITY-000,OH Orange City Tax,
OH,TAX4413,39-000-1061523-CITY-000,OH Milford City Tax,
FED,TAX5749,00-000-0000-FICA-000,Social Security Tax,
OH,TAX4710,39-000-0000-SCHL-5010,OH Springfield LSD Tax,
OH,TAX4862,39-000-0000-JEDD-117,OH Williamsburg JEDD Tax,
KY,TAX2450,21-025-0000-OLF-000,KY Breathitt County - OLF,
OH,TAX4467,39-000-0000-JEDD-078,OH Navarre JEDD Tax,
MI,TAX3360,26-000-633165-CITY-000,MI Muskegon Heights City Tax,
OH,TAX4084,39-000-1056973-CITY-000,OH Delphos City Tax,
OH,TAX4250,39-000-1064861-CITY-000,OH Hopedale City Tax,
IN,TAX2229,18-175-0000-CNTY-000,IN Washington County Tax,
WY,TAX6881,56-000-0000-SIT-000,Wyoming State Tax,
OH,TAX4230,39-000-1064808-CITY-000,OH Hartville City Tax,
KY,TAX2454,21-000-488045-OLF-000,KY Brownsville - OLF,
OH,TAX4750,39-000-1047053-CITY-000,OH Thurston City Tax,
IN,TAX2176,18-073-0000-CNTY-000,IN Jasper County Tax,
KY,TAX2609,21-175-0000-OLF-000,KY Morgan County - OLF,
OH,TAX4307,39-000-1064966-CITY-000,OH Lakewood City Tax,
OH,TAX4708,39-000-0000-JEDD-041,OH Springfield-Beckley JEDD Tax,
KS,TAX2421,20-000-0000-ER_SUTA-000,KS State Unemployment Tax,
AL,TAX93,01-087-0000-CNTY-000,AL Macon County Tax,
OH,TAX4730,39-000-1056948-CITY-000,OH Struthers City Tax,
OH,TAX3841,39-000-1064295-CITY-000,OH Ada City Tax,
FED,TAX1450,00-000-0000-ER_FICA-000,Employer Social Security Tax,
KY,TAX2623,21-183-0000-OLF-000,KY Ohio County - OLF,
OH,TAX4219,39-000-1041273-CITY-000,OH Hamler City Tax,
OH,TAX4125,39-000-0000-JEDD-125,OH Etna Reynoldsburg JEDD4 Tax,
OH,TAX4014,39-000-1056803-CITY-000,OH Circleville City Tax,
OH,TAX3887,39-000-0000-SCHL-2001,OH Ayersville LSD Tax,
OH,TAX4787,39-000-0000-SCHL-3306,OH Upper Scioto Valley LSD Tax,
OH,TAX4649,39-000-1070919-CITY-000,OH Roswell City Tax,
OH,TAX3926,39-000-1038105-CITY-000,OH Blanchester City Tax,
OH,TAX4725,39-000-1065272-CITY-000,OH St. Paris City Tax,
OH,TAX4287,39-000-1064912-CITY-000,OH Jewett City Tax,
OH,TAX4035,39-000-0000-SCHL-5402,OH Coldwater EVSD Tax,
FED,TAX5477,00-000-0000-RRTA2-000,RRTA Tier II Tax,
OH,TAX3945,39-000-0000-SCHL-5502,OH Bradford EVSD Tax,
KY,TAX2459,21-033-0000-OLF-000,KY Caldwell County - OLF,
KY,TAX2546,21-000-494109-OLF-000,KY Hickman - OLF,
OH,TAX6925,39-000-0000-SCHL-0505,OH Trimble LSD Tax,
OH,TAX4345,39-000-1085672-CITY-000,OH Loveland City Tax,
MO,TAX3459,29-000-765765-ER_POP-004,MO St Louis Payroll Expense,
OH,TAX4881,39-000-1061805-CITY-000,OH Xenia City Tax,
KY,TAX2475,21-051-0000-OLF-000,KY Clay County - OLF,
OH,TAX4683,39-000-0000-SCHL-7508,OH Sidney CSD Tax,
OH,TAX4652,39-000-1065259-CITY-000,OH Rushville City Tax,
KY,TAX2570,21-125-0000-OLF-000,KY Laurel County - OLF,
OH,TAX3969,39-000-0000-JEDD-141,OH Burton JEDD Tax,
IN,TAX2182,18-085-0000-CNTY-000,IN Kosciusko County Tax,
IN,TAX2205,18-131-0000-CNTY-000,IN Pulaski County Tax,
MI,TAX3249,26-000-620755-CITY-000,MI Battle Creek City Tax,
KY,TAX2469,21-043-0000-OLF-000,KY Carter County - OLF,
KY,TAX2682,21-000-505762-OLF-000,KY Union - OLF,
OH,TAX3993,39-000-1056769-CITY-000,OH Carrollton City Tax,
KY,TAX2657,21-209-0000-OLTS-000,KY Scott County - OLTS,
OH,TAX3953,39-000-0000-JEDD-005,OH Brimfield - Kent JEDD Tax,
OH,TAX4173,39-000-1064705-CITY-000,OH Gates Mills City Tax,
OH,TAX4107,39-000-1064601-CITY-000,OH Edison City Tax,
OH,TAX4512,39-000-0000-SCHL-4508,OH North Fork LSD Tax,
OH,TAX4672,39-000-0000-JEDD-138,OH Sharon TWP JEDD Tax,
OH,TAX4576,39-000-1049066-CITY-000,OH Pataskala City Tax,
OH,TAX4254,39-000-1048856-CITY-000,OH Huber Heights City Tax,
KY,TAX2702,21-000-506837-OLF-000,KY Williamstown - OLF,
KY,TAX2596,21-147-0000-OLF-000,KY McCreary County - OLF,
NH,TAX3676,33-000-0000-ER_SUTA-000,NH State Unemployment Tax,
OH,TAX3954,39-000-0000-JEDD-006,OH Brimfield-Tallmadge Tax,
OH,TAX4347,39-000-1048939-CITY-000,OH Luckey City Tax,
KY,TAX2644,21-000-501516-OLF-000,KY Radcliff - OLF,
ID,TAX2120,16-000-0000-ER_SUTA-000,ID State Unemployment Tax,
MD,TAX3194,24-025-0000-CNTY-000,MD Harford County Tax,
OH,TAX4551,39-000-1072238-CITY-000,OH Olmsted Falls City Tax,
CT,TAX1017,09-000-0000-FLI-000,CT Paid Leave,
AL,TAX103,01-000-127146-CITY-000,AL Southside City Tax,
KY,TAX2431,21-000-486133-OLF-000,KY Auburn - OLF,
FED,TAX1545,00-000-0000-FIT-000,Federal Income Tax,
KY,TAX2622,21-000-499655-OLF-000,KY Oak Grove - OLF,
OH,TAX4673,39-000-1061198-CITY-000,OH Sharonville City Tax,
ME,TAX3064,23-000-0000-SIT-000,Maine State Tax,
OH,TAX4679,39-000-1049175-CITY-000,OH Sherrodsville City Tax,
MA,TAX3138,25-000-0000-ER_SUTA-000,MA State Unemployment Tax,
NM,TAX3696,35-000-0000-SIT-000,NM State Income Tax,
KY,TAX2579,21-111-0000-OLF-000,KY Louisville/Jefferson - OLF,
CO,TAX972,08-000-0000-ER_SUTA_SC-005,CO Solvency Surcharge,
ID,TAX2119,16-000-0000-SIT-000,ID State Income Tax,
KY,TAX2533,21-000-493340-OLF-000,KY Greenup - OLF,
OH,TAX4163,39-000-0000-SCHL-7202,OH Fremont CSD Tax,
KY,TAX2612,21-000-514113-OLF-000,KY Mount Vernon - OLF,
OH,TAX4028,39-000-0000-JEDD-067,OH Clinton-Grandview Heights JEDZ,
OH,TAX4448,39-000-1065058-CITY-000,OH Morral City Tax,
OH,TAX4771,39-000-0000-JEDD-136,OH Turtlecreek-Monroe Raceway JEDD Tax,
IN,TAX2217,18-151-0000-CNTY-000,IN Steuben County Tax,
OH,TAX4574,39-000-1049063-CITY-000,OH Parma City Tax,
IN,TAX2136,18-023-0000-CNTY-000,IN Clinton County Tax,
KY,TAX2541,21-000-493841-OLF-000,KY Hartford - OLF,
OH,TAX3966,39-000-1056736-CITY-000,OH Bucyrus City Tax,
OH,TAX4421,39-000-1065468-CITY-000,OH Millbury City Tax,
OH,TAX4176,39-000-0000-JEDD-083,OH Geneva III JEDD Tax,
OH,TAX3995,39-000-1038883-CITY-000,OH Cecil City Tax,
OH,TAX4354,39-000-0000-SCHL-0905,OH Madison LSD Tax,
OH,TAX4849,39-000-1061746-CITY-000,OH West Millgrove City Tax,
KY,TAX2631,21-000-500180-OLF-000,KY Park Hills - OLF,
KY,TAX2470,21-000-489094-OLF-000,KY Catlettsburg - OLF,
OH,TAX4643,39-000-1061619-CITY-000,OH Rock Creek City Tax,
NJ,TAX3693,34-000-0000-SUI-000,NJ Unemployment Insurance,
KY,TAX2668,21-000-504006-OLF-000,KY Southgate - OLF,
OH,TAX4393,39-000-0000-JEDD-045,OH Medina - Montville JEDD,
OH,TAX6926,39-000-0000-SCHL-2514,OH Westerville CSD Tax,
OH,TAX3859,39-000-0000-SCHL-7501,OH Anna LSD Tax,
NJ,TAX3694,34-000-0000-ER_POP-001,NJ Waterfront Payroll Tax,
OH,TAX4131,39-000-0000-SCHL-8001,OH Fairbanks LSD Tax,
OH,TAX4871,39-000-1061794-CITY-000,OH Windham City Tax,
KY,TAX2476,21-053-0000-OLF-000,KY Clinton County - OLF,
KY,TAX2667,21-000-503873-OLF-000,KY Somerset- OLF,
MT,TAX3514,30-000-0000-SIT-000,MT State Income Tax,
OH,TAX4200,39-000-0000-JEDD-161,OH Grapeville TWP JEDD Tax,
OH,TAX4865,39-000-1056575-CITY-000,OH Willoughby Hills City Tax,
MI,TAX3359,26-000-1620963-CITY-000,MI Muskegon City Tax,
KY,TAX2457,21-031-0000-OLF-000,KY Butler County - OLF,
OH,TAX4017,39-000-1056810-CITY-000,OH Clarksville City Tax,
OH,TAX4285,39-000-1085470-CITY-000,OH Jeromesville City Tax,
OH,TAX4007,39-000-1056798-CITY-000,OH Chesterville City Tax,
OH,TAX4590,39-000-0000-SCHL-8708,OH Perrysburg EVSD Tax,
MA,TAX3045,25-00-000-ER_FUTA_CR-0000,MA FUTA Credit Reduction,
OH,TAX4144,39-000-0000-SCHL-2603,OH Fayette LSD Tax,
OH,TAX4435,39-000-0000-SCHL-1905,OH Mississinawa Valley LSD Tax,
OH,TAX4289,39-000-0000-SCHL-4503,OH Johnstown-Monroe LSD Tax,
IN,TAX2213,18-147-0000-CNTY-000,IN Spencer County Tax,
OH,TAX3902,39-000-0000-JEDD-004,OH Beachwood West JEDD Tax,
OH,TAX3899,39-000-1083966-CITY-000,OH Beach City City Tax,
OH,TAX4080,39-000-0000-SCHL-2003,OH Defiance CSD Tax,
OH,TAX4712,39-000-0000-SIT-000,OH State Income Tax,
OH,TAX4246,39-000-0000-SCHL-3501,OH Holgate LSD Tax,
OH,TAX4766,39-000-0000-SCHL-8509,OH Triway LSD Tax,
KY,TAX2522,21-077-0000-OLF-000,KY Gallatin County - OLF,
VA,TAX6340,51-00-000-ER_FUTA_CR-0000,VA FUTA Credit Reduction,
KY,TAX2479,21-000-489794-OLF-000,KY Cold Spring - OLF,
WV,TAX6866,54-000-1555161-CITY-000,WV Morgantown City Tax,
OH,TAX4117,39-000-0000-JEDD-015,OH Emerald Park Revenue,
KY,TAX2678,21-000-505046-OLF-000,KY Taylorsville - OLF,
DE,TAX1123,10-000-0000-ER_SUTA-000,DE State Unemployment Tax,
KY,TAX2683,21-000-505972-OLF-000,KY Vanceburg - OLF,
OH,TAX4832,39-000-0000-SCHL-4715,OH Wellington EVSD Tax,
OR,TAX4947,41-000-0000-ER_TRANS-003,OR TriMet Transit Tax,
OH,TAX4732,39-000-0000-SCHL-8607,OH Stryker LSD Tax,
RI,TAX5410,44-000-0000-ER_SUTA-000,RI State Unemployment Tax,
OH,TAX3919,39-000-1064426-CITY-000,OH Bethel City Tax,
KY,TAX2655,21-000-502868-OLF-000,KY Salyersville - OLF,
OH,TAX4580,39-000-1044331-CITY-000,OH Paulding City Tax,
KY,TAX2493,21-000-490708-OLF-000,KY Dayton - OLF,
OH,TAX3879,39-000-0000-JEDD-096,OH Ashtabula-Saybrook Route 20 JEDD Tax,
OH,TAX4587,39-000-1044385-CITY-000,OH Perry City Tax,
OH,TAX4820,39-000-0000-SCHL-2402,OH Washington Court House CSD Tax,
MI,TAX3368,26-000-636498-CITY-000,MI Saginaw City Tax,
OH,TAX4049,39-000-1056836-CITY-000,OH Convoy City Tax,
IN,TAX2212,18-145-0000-CNTY-000,IN Shelby County Tax,
KY,TAX2624,21-000-499923-OLF-000,KY Olive Hill - OLF,
OH,TAX4440,39-000-1061157-CITY-000,OH Monroe City Tax,
MD,TAX3187,24-011-0000-CNTY-000,MD Caroline County Tax,
MI,TAX3308,26-000-630146-CITY-000,MI Lapeer City Tax,
OH,TAX3922,39-000-1048521-CITY-000,OH Beverly City Tax,
OH,TAX4514,39-000-1056455-CITY-000,OH North Kingsville City Tax,
OH,TAX4844,39-000-1058129-CITY-000,OH West Lafayette City Tax,
OH,TAX4781,39-000-0000-JEDD-163,OH Union TWP Village of Batavia JEDD 9,
KY,TAX2692,21-229-0000-OLF-000,KY Washington County - OLF,
KY,TAX2610,21-000-498600-OLF-000,KY Morgantown - OLF,
OH,TAX4052,39-000-0000-SCHL-3203,OH Cory-Rawson LSD Tax,
OH,TAX4025,39-000-0000-JEDD-008,OH Cleveland Highland Hill Tax,
AL,TAX105,01-000-0000-ER_SUTA-000,AL State Unemployment Tax,
AL,TAX111,01-000-128488-CITY-000,AL Wadley City Tax,
OH,TAX4278,39-000-1042061-CITY-000,OH Jefferson City Tax,
OH,TAX4563,39-000-1070881-CITY-000,OH Ottawa City Tax,
OH,TAX3961,39-000-1048561-CITY-000,OH Bryan City Tax,
CO,TAX844,08-000-204737-ER_EHT-000,CO Aurora - OPT,
OH,TAX4364,39-000-1048945-CITY-000,OH Maple Heights City Tax,
KY,TAX2439,21-000-486888-OLF-000,KY Benton - OLF,
OH,TAX3847,39-000-1064308-CITY-000,OH Alexandria City Tax,
KY,TAX2650,21-000-502497-OLF-000,KY Russell - OLF,
OH,TAX4266,39-000-0000-JEDD-021,OH IX Center Revenue Sharing JEDD Tax,
OH,TAX4603,39-000-1061547-CITY-000,OH Plain City City Tax,
OH,TAX4415,39-000-0000-JEDD-070,OH Milford II JEDD Tax,
OH,TAX4553,39-000-0000-JEDD-032,OH Orange Chagrin Highlands JEDD Tax,
KY,TAX2628,21-000-500128-OLF-000,KY Paintsville - OLF,
MT,TAX3513,30-000-0000-ER_SUTA_SC-022,MT Administrative Fund Tax,
KY,TAX2670,21-000-504157-OLF-000,KY Springfield - OLF,
KY,TAX2703,21-000-506874-OLF-000,KY Wilmore - OLF,
KY,TAX2442,21-015-0000-OLF-000,KY Boone County - OLF,
OH,TAX4625,39-000-1061597-CITY-000,OH Reynoldsburg City Tax,
OH,TAX4167,39-000-1064698-CITY-000,OH Galena City Tax,
OH,TAX3874,39-000-1060832-CITY-000,OH Ashland City Tax,
OH,TAX3868,39-000-0000-SCHL-1902,OH Arcanum-Butler LSD Tax,
OH,TAX4253,39-000-0000-JEDD-088,OH Hubbard JEDD Tax,
OH,TAX4689,39-000-1065343-CITY-000,OH Somerset City Tax,
OH,TAX3891,39-000-1064378-CITY-000,OH Baltimore City Tax,
IN,TAX2225,18-167-0000-CNTY-000,IN Vigo County Tax,
CA,TAX580,06-00-000-ER_FUTA_CR-0000,CA FUTA Credit Reduction,
VT,TAX6381,50-000-0000-ER_EHT-000,VT Catamount Healthcare Assmt.,
IN,TAX2215,18-000-0000-SIT-000,IN State Income Tax,
OH,TAX4300,39-000-1056381-CITY-000,OH Kirkersville City Tax,
OH,TAX4658,39-000-1045870-CITY-000,OH Salem City Tax,
ID,TAX2118,16-000-0000-ER_SUTA_SC-013,ID Administrative Reserve Tax,
OH,TAX4470,39-000-1065144-CITY-000,OH Newark City Tax,
KY,TAX2674,21-000-0000-ER_SUTA-000,KY State Unemployment Tax,
OH,TAX4085,39-000-0000-SCHL-0204,OH Delphos CSD tax,
MN,TAX3373,27-000-0000-ER_SUTA_SC-042,MN Additional Assessment Tax,
OH,TAX4177,39-000-0000-JEDD-082,OH Geneva II JEDD Tax,
OH,TAX4484,39-000-1065104-CITY-000,OH New Lebanon City Tax,
OH,TAX4400,39-000-0000-SCHL-5504,OH Miami East LSD Tax,
CT,TAX1016,09-00-000-ER_FUTA_CR-0000,CT FUTA Credit Reduction,
OH,TAX4868,39-000-1061792-CITY-000,OH Wilmington City Tax,
OH,TAX3974,39-000-1056747-CITY-000,OH Byesville City Tax,
OH,TAX4312,39-000-1042462-CITY-000,OH Lebanon City Tax,
OH,TAX4765,39-000-0000-SCHL-1906,OH Tri-Village LSD Tax,
OH,TAX4096,39-000-1064577-CITY-000,OH East Cleveland City Tax,
KY,TAX2618,21-000-499438-OLF-000,KY Newport - OLF,
OH,TAX4432,39-000-1065035-CITY-000,OH Mingo Junction City Tax,
KY,TAX2556,21-000-495097-OLF-000,KY Jackson - OLF,
OH,TAX4308,39-000-0000-SCHL-7204,OH Lakota LSD Tax,
OH,TAX4233,39-000-1041450-CITY-000,OH Hebron City Tax,
OH,TAX4221,39-000-1075994-CITY-000,OH Hanging Rock City Tax,
AL,TAX54,01-000-157961-CITY-000,AL Gadsden City Tax,
OH,TAX4831,39-000-1047670-CITY-000,OH Wellington City Tax,
OH,TAX4747,39-000-1061671-CITY-000,OH Tallmadge City Tax,
IA,TAX2117,19-000-0000-ER_SUTA-000,IA State Unemployment Tax,
KY,TAX2688,21-227-0000-OLF-000,KY Warren County - OLF,
IN,TAX2201,18-123-0000-CNTY-000,IN Perry County Tax,
WV,TAX5004,54-000-1544587-CITY-000,Parkersburg City Service Fee,
OH,TAX4420,39-000-0000-JEDD-122,OH Milford VI JEDD Tax,
OH,TAX4866,39-000-1049332-CITY-000,OH Willowick City Tax,
OH,TAX3894,39-000-0000-JEDD-101,OH Barnesville JEDD I,
OH,TAX4696,39-000-1065348-CITY-000,OH South Lebanon City Tax,
OH,TAX4087,39-000-1064529-CITY-000,OH Dennison City Tax,
NY,TAX3819,36-00-000-ER_FUTA_CR-0000,NY FUTA Credit Reduction,
OH,TAX4768,39-000-1049252-CITY-000,OH Troy City Tax,
KY,TAX2649,21-207-0000-OLF-000,KY Russell County - OLF,
KY,TAX2549,21-000-494334-OLF-000,KY Hodgenville - OLF,
IN,TAX2133,18-017-0000-CNTY-000,IN Cass County Tax,
MI,TAX3369,26-000-638622-CITY-000,MI Springfield City Tax,
OH,TAX4226,39-000-1041362-CITY-000,OH Harrison City Tax,
OH,TAX4124,39-000-0000-JEDD-121,OH Etna Reynoldsburg JEDD3 Tax,
OR,TAX4931,41-000-0000-WC-000,Oregon Workers’ Benefit Fund Assessment - Employee,
OH,TAX4690,39-000-1065346-CITY-000,OH South Amherst City Tax,
OH,TAX4769,39-000-0000-SCHL-5509,OH Troy CSD Tax,
KY,TAX2594,21-000-517025-OLF-000,KY Maysville - OLF,
OH,TAX4702,39-000-1070944-CITY-000,OH South Zanesville City Tax,
NH,TAX3675,33-000-0000-ER_SUTA_SC-024,NH Administrative Contribution,
OH,TAX3989,39-000-0000-SCHL-8801,OH Carey EVSD Tax,
OH,TAX4874,39-000-1080509-CITY-000,OH Woodmere City Tax,
OH,TAX4228,39-000-0000-JEDD-020,OH Harrison TWP JEDD Tax,
NC,TAX3544,37-00-000-ER_FUTA_CR-0000,NC FUTA Credit Reduction,
OH,TAX4791,39-000-1055101-CITY-000,OH Valley Hi City Tax,
OH,TAX4210,39-000-0000-SCHL-1904,OH Greenville CSD Tax,
OH,TAX4209,39-000-1064762-CITY-000,OH Greenville City Tax,
OH,TAX4349,39-000-1061456-CITY-000,OH Lyons City Tax,
KY,TAX2569,21-000-495946-OLF-000,KY Lancaster - OLF,
OH,TAX4589,39-000-1066139-CITY-000,OH Perrysburg City Tax,
OH,TAX3991,39-000-0000-SCHL-8301,OH Carlisle LSD Tax,
SC,TAX5599,45-000-0000-ER_SUTA_SC-032,SC SUI Admin Contingency Tax,
KY,TAX2437,21-000-510486-OLF-000,KY Beattyville - OLF,
OH,TAX4856,39-000-1056573-CITY-000,OH Whitehouse City Tax,
OH,TAX4309,39-000-1048903-CITY-000,OH Lancaster City Tax,
OH,TAX4869,39-000-0000-SCHL-1404,OH Wilmington CSD Tax,
OH,TAX4330,39-000-1065008-CITY-000,OH Lithopolis City Tax,
KY,TAX2528,21-081-0000-OLF-000,KY Grant County - OLF,
KY,TAX2516,21-000-492374-OLF-000,KY Fountain Run - OLF,
KY,TAX2694,21-000-506409-OLF-000,KY West Buechel - OLF,
OH,TAX4181,39-000-1048774-CITY-000,OH Genoa City Tax,
KY,TAX2587,21-000-497543-OLF-000,KY Marion - OLF,
KY,TAX2530,21-085-0000-OLF-000,KY Grayson County - OLF,
OH,TAX3849,39-000-1064313-CITY-000,OH Alliance City Tax,
MA,TAX3030,25-000-0000-ER_SUTA_SC-062,MA COVID-19 Recovery Assessment,
KY,TAX2482,21-000-490167-OLF-000,KY Covington - OLF,
OH,TAX4399,39-000-0000-JEDD-065,OH Miami Crossing JEDD Tax,
OH,TAX3935,39-000-0000-SCHL-0203,OH Bluffton EVSD Tax,
OH,TAX4526,39-000-0000-SCHL-8003,OH North Union LSD Tax,
KY,TAX2540,21-099-0000-OLF-000,KY Hart County - OLF,
OH,TAX3867,39-000-0000-SCHL-3201,OH Arcadia LSD Tax,
OH,TAX4303,39-000-1042388-CITY-000,OH Lakeline City Tax,
KY,TAX2483,21-000-490242-OLF-000,KY Crab Orchard - OLF,
OH,TAX4157,39-000-0000-SCHL-1903,OH Franklin Monroe LSD Tax,
OH,TAX4149,39-000-1040570-CITY-000,OH Forest Park City Tax,
OH,TAX4016,39-000-0000-JEDD-099,OH Circleville - Pickaway TWP JEDD Tax,
OH,TAX4602,39-000-1084103-CITY-000,OH Pitsburg City Tax,
OH,TAX3994,39-000-1056775-CITY-000,OH Catawba City Tax,
MI,TAX3365,26-000-635224-CITY-000,MI Pontiac City Tax,
PA,TAX4994,42-000-1209052-CITY-000,PA Philadelphia City Tax,
KY,TAX2595,21-145-0000-OLF-000,KY McCracken County - OLF,
KY,TAX2559,21-000-512986-OLF-000,KY Jeffersonville - OLF,
OH,TAX4640,39-000-1071094-CITY-000,OH Riverside City Tax,
IN,TAX2200,18-121-0000-CNTY-000,IN Parke County Tax,
KY,TAX2452,21-000-487948-OLF-000,KY Bromley - OLF,
MD,TAX3193,24-023-0000-CNTY-000,MD Garrett County Tax,
OH,TAX4270,39-000-0000-JEDD-129,OH Jackson Canton TGAB JEDD Tax,
KY,TAX2536,21-000-493695-OLF-000,KY Hanson - OLF,
OH,TAX4779,39-000-0000-SCHL-7106,OH Union-Scioto LSD Tax,
OH,TAX4040,39-000-0000-JEDD-063,OH Columbia Township JEDZ Tax,
KY,TAX2513,21-000-492355-OLF-000,KY Fort Mitchell - OLF,
OH,TAX4776,39-000-1061719-CITY-000,OH Uhrichsville City Tax,
OR,TAX4932,41-000-0000-ER_WC-000,Oregon Workers’ Benefit Fund Assessment - Employer,
OH,TAX4427,39-000-1061526-CITY-000,OH Millville City Tax,
WA,TAX6441,53-000-0000-SIT-000,Washington State Tax,
MI,TAX3304,26-000-628761-CITY-000,MI Hudson City Tax,
KY,TAX2526,21-000-492876-OLF-000,KY Glasgow - OLF,
OH,TAX4647,39-000-1049137-CITY-000,OH Rossford City Tax,
OH,TAX4544,39-000-1049034-CITY-000,OH Oberlin City Tax,
OH,TAX3884,39-000-0000-JEDD-064,OH Austin Center JEDD Tax,
OH,TAX4816,39-000-0000-JEDD-009,OH Warrensville Heights JEDZ Tax,
NV,TAX3812,32-000-0000-ER_SUTA_SC-023,NV Career Enhancement Program,
KY,TAX2684,21-000-506028-OLF-000,KY Versailles - OLF,
KY,TAX2593,21-000-497715-OLF-000,KY Mayfield - OLF,
MI,TAX3306,26-000-629165-CITY-000,MI Jackson City Tax,
MI,TAX3302,26-000-627707-CITY-000,MI Hamtramck City Tax,
OH,TAX4208,39-000-1061115-CITY-000,OH Green Springs City Tax,
KY,TAX2517,21-000-517517-OLF-000,KY Frankfort - OLF,
IN,TAX2223,18-163-0000-CNTY-000,IN Vanderburgh County Tax,
OH,TAX3962,39-000-0000-SCHL-8601,OH Bryan CSD Tax,
KY,TAX2529,21-083-0000-OLF-000,KY Graves County - OLF,
OH,TAX4279,39-000-0000-SCHL-4901,OH Jefferson LSD Tax,
OH,TAX4594,39-000-1056916-CITY-000,OH Phillipsburg City Tax,
OH,TAX4773,39-000-1061716-CITY-000,OH Twinsburg City Tax,
MD,TAX3186,24-009-0000-CNTY-000,MD Calvert County Tax,
OH,TAX4313,39-000-0000-JEDD-087,OH Lebanon - Turtle Creek JEDD Tax,
OH,TAX4359,39-000-1042909-CITY-000,OH Malta City Tax,
NY,TAX3825,36-000-0000-ER_SUTA-000,NY State Unemployment Tax,
OH,TAX4324,39-000-0000-SCHL-2306,OH Liberty Union-Thurston LSD Tax,
OH,TAX4595,39-000-1061537-CITY-000,OH Pickerington City Tax,
FED,TAX1449,00-000-0000-ER_RRTA1-000,Employer RRTA Tier I Tax,
AL,TAX56,01-000-159683-CITY-000,AL Goodwater City Tax,
NJ,TAX3687,34-000-0000-FLI-000,NJ Family Leave Insurance,
OH,TAX4597,39-000-0000-SCHL-2605,OH Pike-Delta-York LSD Tax,
NY,TAX3818,36-000-0000-SDI-000,NY Disability Insurance Tax,
OH,TAX4608,39-000-0000-SCHL-7007,OH Plymouth-Shiloh LSD Tax,
OH,TAX4198,39-000-1061369-CITY-000,OH Granville City Tax,
OH,TAX4070,39-000-1064503-CITY-000,OH Dalton City Tax,
OH,TAX4358,39-000-1042904-CITY-000,OH Malinta City Tax,
OH,TAX4527,39-000-0000-SCHL-1204,OH Northwestern LSD (1204) Tax,
OH,TAX3844,39-000-1064300-CITY-000,OH Adelphi City Tax,
AL,TAX64,01-000-120702-OLF-000,AL Irondale OLF Tax,
OH,TAX4344,39-000-1061447-CITY-000,OH Louisville City Tax,
OH,TAX4265,39-000-1076122-CITY-000,OH Ironton City Tax,
IN,TAX2179,18-079-0000-CNTY-000,IN Jennings County Tax,
OH,TAX4456,39-000-1065073-CITY-000,OH Mount Orab City Tax,
KY,TAX2681,21-225-0000-OLF-000,KY Union County - OLF,
OH,TAX3840,39-000-1056195-CITY-000,OH Aberdeen City Tax,
OH,TAX4717,39-000-1057982-CITY-000,OH St. Henry City Tax,
KY,TAX2501,21-000-491697-OLF-000,KY Elkton - OLF,
OH,TAX4504,39-000-1065154-CITY-000,OH Niles City Tax,
AL,TAX98,01-000-153101-CITY-000,AL Rainbow City City Tax,
OH,TAX4735,39-000-1049231-CITY-000,OH Sunbury City Tax,
OH,TAX4492,39-000-1065129-CITY-000,OH New Paris City Tax,
OH,TAX4688,39-000-1046426-CITY-000,OH Solon City Tax,
OH,TAX4842,39-000-1061761-CITY-000,OH Westfield Center City Tax,
IN,TAX2230,18-177-0000-CNTY-000,IN Wayne County Tax,
OH,TAX4418,39-000-0000-JEDD-162,OH Milford JEDD VIII Tax,
OH,TAX4038,39-000-1060989-CITY-000,OH Columbiana City Tax,
OH,TAX4839,39-000-0000-SCHL-3906,OH Western Reserve LSD Tax,
OH,TAX4298,39-000-1064935-CITY-000,OH Killbuck City Tax,
MI,TAX3248,26-000-619906-CITY-000,MI Albion City Tax,
ID,TAX2121,16-000-0000-ER_SUTA_SC-049,ID Workforce Development Tax,
OH,TAX4491,39-000-0000-SCHL-0907,OH New Miami LSD Tax,
OH,TAX4662,39-000-1065292-CITY-000,OH Scio City Tax,
OH,TAX4387,39-000-1048957-CITY-000,OH McDonald City Tax,
FL,TAX1572,12-000-0000-ER_SUTA-000,FL State Unemployment Tax,
KY,TAX2608,21-000-514051-OLF-000,KY Morehead - OLF,
OH,TAX4142,39-000-1040389-CITY-000,OH Farmersville City Tax,
OH,TAX4071,39-000-0000-SCHL-8502,OH Dalton LSD Tax,
IN,TAX2172,18-065-0000-CNTY-000,IN Henry County Tax,
OH,TAX4133,39-000-0000-SCHL-2903,OH Fairborn CSD Tax,
KY,TAX2699,21-235-0000-OLF-000,KY Whitley County - OLF,
PR,TAX5290,72-000-0000-SIT-000,PR Territory Tax,
OH,TAX4072,39-000-1039574-CITY-000,OH Danville City Tax,
NY,TAX3826,36-000-0000-ER_POP-001,NY Waterfront Payroll Tax,
OH,TAX4231,39-000-1048823-CITY-000,OH Haskins City Tax,
ME,TAX3220,23-000-0000-ER_FLI-000,ME Employer Paid Family & Medical Leave,
VT,TAX6385,50-000-0000-SIT-000,VT State Income Tax,
KY,TAX2507,21-067-0000-OLF-000,KY Fayette County - OLF,
OH,TAX4058,39-000-0000-SCHL-5503,OH Covington EVSD Tax,
OH,TAX4884,39-000-1061807-CITY-000,OH Yellow Springs City Tax,
OH,TAX4450,39-000-1043538-CITY-000,OH Mount Blanchard Village Tax,
OH,TAX4529,39-000-0000-SCHL-7612,OH Northwest LSD Tax,
OH,TAX4713,39-000-0000-ER_SUTA-000,OH State Unemployment Tax,
OH,TAX4599,39-000-1044482-CITY-000,OH Pioneer City Tax,
OH,TAX4407,39-000-1061519-CITY-000,OH Middletown City Tax,
KY,TAX2572,21-000-496130-OLF-000,KY Lebanon - OLF,
IN,TAX2226,18-169-0000-CNTY-000,IN Wabash County Tax,
OH,TAX4146,39-000-1064647-CITY-000,OH Felicity City Tax,
KY,TAX2600,21-167-0000-OLF-000,KY Mercer County - OLF,
KY,TAX2584,21-000-497441-OLF-000,KY Madisonville - OLF,
OH,TAX4663,39-000-0000-JEDD-077,OH Scioto Township JEDD Tax,
TX,TAX6188,48-00-000-ER_FUTA_CR-0000,TX FUTA Credit Reduction,
KY,TAX2548,21-000-1699788-OLF-000,KY Hillview - OLF,
OH,TAX4454,39-000-0000-SCHL-5903,OH Mount Gilead EVSD Tax,
VT,TAX6384,50-00-000-ER_FUTA_CR-0000,VT FUTA Credit Reduction,
OH,TAX3861,39-000-0000-SCHL-1901,OH Ansonia LSD Tax,
MI,TAX3303,26-000-628251-CITY-000,MI Highland Park City Tax,
KY,TAX2564,21-117-0000-OLF-000,KY Kenton County - OLF,
OH,TAX4064,39-000-1056849-CITY-000,OH Cridersville City Tax,
OH,TAX6927,39-000-0000-SCHL-3204,OH Findlay CSD Tax,
OH,TAX4707,39-000-0000-JEDD-040,OH Springfield - Akron JEDD Tax,
OH,TAX4789,39-000-1049263-CITY-000,OH Urbancrest City Tax,
OH,TAX4385,39-000-0000-SCHL-3206,OH McComb LSD Tax,
OH,TAX3987,39-000-0000-SCHL-5901,OH Cardington-Lincoln LSD Tax,
OH,TAX4068,39-000-1080492-CITY-000,OH Cuyahoga Heights City Tax,
OH,TAX4006,39-000-1056789-CITY-000,OH Chardon City Tax,
OH,TAX4404,39-000-1061515-CITY-000,OH Middlefield City Tax,
OH,TAX4141,39-000-1072213-CITY-000,OH Fairview Park City Tax,
OH,TAX4486,39-000-1076507-CITY-000,OH New Lexington City Tax,
OH,TAX4531,39-000-0000-SCHL-8706,OH Northwood LSD Tax,
AL,TAX59,01-000-119567-CITY-000,AL Haleyville City Tax,
OH,TAX4327,39-000-1048919-CITY-000,OH Lincoln Heights City Tax,
OH,TAX4691,39-000-1049188-CITY-000,OH South Bloomfield City Tax,
OH,TAX4076,39-000-1064514-CITY-000,OH Dayton City Tax,
OH,TAX4501,39-000-1056451-CITY-000,OH New Washington City Tax,
OH,TAX4655,39-000-0000-SCHL-7507,OH Russia LSD Tax,
KY,TAX2605,21-000-498363-OLF-000,KY Millersburg - OLF,
MI,TAX3370,26-000-0000-SIT-000,MI State Income Tax,
OH,TAX4669,39-000-1065308-CITY-000,OH Shaker Heights City Tax,
OH,TAX4517,39-000-1056457-CITY-000,OH North Olmsted City Tax,
KY,TAX2661,21-000-503351-OLF-000,KY Shepherdsville - OLF,
OH,TAX4239,39-000-0000-SCHL-5902,OH Highland LSD Tax,
OH,TAX4449,39-000-1065061-CITY-000,OH Morrow City Tax,
OH,TAX4811,39-000-0000-JEDD-092,OH Walton - Sagamore JEDD Tax,
OH,TAX4160,39-000-1064680-CITY-000,OH Fredericktown City Tax,
OH,TAX4380,39-000-1061487-CITY-000,OH Mayfield City Tax,
AL,TAX36,01-000-113775-CITY-000,AL Beaverton City Tax,
OH,TAX4320,39-000-0000-SCHL-3205,OH Liberty-Benton LSD Tax,
OH,TAX4089,39-000-0000-JEDD-126,OH Dorr Street JEDD Tax,
OH,TAX3988,39-000-1056766-CITY-000,OH Carey City Tax,
OH,TAX4570,39-000-1044274-CITY-000,OH Painesville City Tax,
FED,TAX22,00-000-0000-MEDI2-000,Additional Medicare Tax,
OH,TAX4050,39-000-0000-JEDD-010,OH Copley - Akron JEDD Tax,
OH,TAX4083,39-000-1064521-CITY-000,OH Delaware City Tax,
MO,TAX3456,29-000-0000-SIT-000,MO State Income Tax,
OH,TAX4373,39-000-1061478-CITY-000,OH Martins Ferry City Tax,
OH,TAX4020,39-000-0000-JEDD-007,OH Clayton JEDD Tax,
OH,TAX4569,39-000-1044265-CITY-000,OH Oxford City Tax,
OH,TAX4729,39-000-1065396-CITY-000,OH Strongsville City Tax,
OH,TAX4105,39-000-1048691-CITY-000,OH Edgerton City Tax,
KY,TAX2616,21-000-499118-OLF-000,KY Murray - OLF,
AL,TAX61,01-000-159780-CITY-000,AL Hobson City Tax,
KY,TAX2429,21-003-0000-OLF-000,KY Allen County - OLF,
OH,TAX4290,39-000-0000-SCHL-4902,OH Jonathan Alder LSD Tax,
DE,TAX1122,10-000-0000-SIT-000,DE State Income Tax,
OH,TAX4591,39-000-0000-JEDD-035,OH Perrysburg Toledo JEDZ Tax,
OH,TAX3944,39-000-1064474-CITY-000,OH Bradford City Tax,
WV,TAX6872,54-000-1555932-CITY-000,WV Weirton City Tax,
OH,TAX4744,39-000-0000-JEDD-115,OH Sylvania Revenue Sharing JEDD Tax,
OH,TAX4158,39-000-1064677-CITY-000,OH Frazeysburg City Tax,
OH,TAX4153,39-000-1040590-CITY-000,OH Fort Recovery City Tax,
MI,TAX3371,26-000-0000-ER_SUTA-000,MI State Unemployment Tax,
KY,TAX2538,21-097-0000-OLF-000,KY Harrison County - OLF,
OH,TAX3959,39-000-1056728-CITY-000,OH Brookville City Tax,
IN,TAX2168,18-057-0000-CNTY-000,IN Hamilton County Tax,
NJ,TAX3688,34-00-000-ER_FUTA_CR-0000,NJ FUTA Credit Reduction,
OH,TAX4045,39-000-1048625-CITY-000,OH Conesville City Tax,
IN,TAX2166,18-053-0000-CNTY-000,IN Grant County Tax,
KY,TAX2691,21-000-506241-OLF-000,KY Warsaw - OLF,
KY,TAX2629,21-000-500172-OLF-000,KY Paris - OLF,
OH,TAX4027,39-000-1057275-CITY-000,OH Clinton City Tax,
MN,TAX3378,27-000-0000-ER_SUTA_SC-019,MN Workforce Enhancement Fee,
OH,TAX4822,39-000-1047628-CITY-000,OH Wauseon City Tax,
NC,TAX3546,37-000-0000-ER_SUTA-000,NC State Unemployment Tax,
IN,TAX2141,18-033-0000-CNTY-000,IN DeKalb County Tax,
WA,TAX6407,53-000-0000-LTI-000,WA Long-Term Care Insurance,
OH,TAX4179,39-000-0000-SCHL-0404,OH Geneva LSD Tax,
OH,TAX4656,39-000-1049143-CITY-000,OH Rutland City Tax,
OH,TAX4453,39-000-1065069-CITY-000,OH Mount Gilead City Tax,
MI,TAX3307,26-000-1625035-CITY-000,MI Lansing City Tax,
OH,TAX4693,39-000-1065347-CITY-000,OH South Charleston City Tax,
WY,TAX6888,56-000-0000-ER_SUTA-000,WY State Unemployment Tax,
KY,TAX2551,21-000-494550-OLF-000,KY Hopkinsville - OLF,
OH,TAX4834,39-000-1049302-CITY-000,OH Wellsville City Tax,
IN,TAX2193,18-107-0000-CNTY-000,IN Montgomery County Tax,
OH,TAX4803,39-000-0000-SCHL-1907,OH Versailles EVSD Tax,
IN,TAX2130,18-011-0000-CNTY-000,IN Boone County Tax,
MI,TAX3301,26-000-627264-CITY-000,MI Grayling City Tax,
KY,TAX2446,21-017-0000-OLF-000,KY Bourbon County - OLF,
KY,TAX2504,21-000-491762-OLF-000,KY Eminence - OLF,
KY,TAX2663,21-000-503511-OLF-000,KY Silver Grove - OLF,
MD,TAX3188,24-013-0000-CNTY-000,MD Carroll County Tax,
OH,TAX4835,39-000-1061732-CITY-000,OH West Alexandria City Tax,
NM,TAX3699,35-000-0000-WC-000,NM Workers' Compensation,
OH,TAX4211,39-000-1064763-CITY-000,OH Greenwich City Tax,
OH,TAX4838,39-000-1049309-CITY-000,OH West Elkton City Tax,
OH,TAX3976,39-000-1056752-CITY-000,OH Cairo City Tax,
OH,TAX4880,39-000-0000-SCHL-3122,OH Wyoming CSD Tax,
FED,TAX1546,00-000-0000-ER_FUTA-000,Federal Unemployment Tax,
OH,TAX4860,39-000-0000-SCHL-3907,OH Willard CSD Tax,
OH,TAX4396,39-000-1056421-CITY-000,OH Mentor-on-the-Lake City Tax,
OH,TAX3892,39-000-1037625-CITY-000,OH Barberton City Tax,
OH,TAX4116,39-000-0000-JEDD-014,OH Elyria JEDD Tax,
MO,TAX3384,29-000-748198-CITY-000,MO Kansas City City Tax,
KY,TAX2488,21-057-0000-OLTS-000,KY Cumberland County - OLTS,
OH,TAX4703,39-000-1065366-CITY-000,OH Spencerville City Tax,
OH,TAX3923,39-000-1048522-CITY-000,OH Bexley City Tax,
OH,TAX4301,39-000-1064951-CITY-000,OH Kirtland City Tax,
OH,TAX4170,39-000-1056293-CITY-000,OH Gambier City Tax,
OH,TAX4549,39-000-0000-SCHL-7405,OH Old Fort LSD Tax,
OH,TAX4547,39-000-1065190-CITY-000,OH Octa City Tax,
KY,TAX2542,21-000-512617-OLF-000,KY Hazard - OLF,
OH,TAX4783,39-000-1065413-CITY-000,OH University Heights City Tax,
KY,TAX2509,21-000-491228-TIF-000,KY Ferguson Blvd TIF,
GA,TAX1707,13-000-0000-SIT-000,GA State Income Tax,
OH,TAX4245,39-000-1064848-CITY-000,OH Holgate City Tax,
VT,TAX6383,50-000-0000-ER_CCC-000,VT Employer Child Care Contribution Tax,
OH,TAX4203,39-000-0000-SCHL-2904,OH Greeneview LSD Tax,
OH,TAX4867,39-000-1061791-CITY-000,OH Willshire City Tax,
IN,TAX2227,18-171-0000-CNTY-000,IN Warren County Tax,
IN,TAX2163,18-051-0000-CNTY-000,IN Gibson County Tax,
OH,TAX4339,39-000-0000-JEDD-023,OH Lorain-Amherst JEDD Tax,
IN,TAX2220,18-157-0000-CNTY-000,IN Tippecanoe County Tax,
OH,TAX4051,39-000-1060999-CITY-000,OH Corwin City Tax,
OH,TAX4539,39-000-1065474-CITY-000,OH Oak Harbor City Tax,
OH,TAX4633,39-000-0000-SCHL-3304,OH Ridgemont LSD Tax,
IN,TAX2198,18-117-0000-CNTY-000,IN Orange County Tax,
OH,TAX3982,39-000-1048579-CITY-000,OH Canal Winchester City Tax,
OH,TAX4807,39-000-1065446-CITY-000,OH Wakeman City Tax,
OH,TAX4739,39-000-0000-JEDD-057,OH Sycamore Central JEDZ Tax,
OH,TAX6924,39-000-0000-JEDD-165,OH Coopers Hawk JEDD tax,
OH,TAX4283,39-000-1042073-CITY-000,OH Jenera City Tax,
OH,TAX4600,39-000-1061544-CITY-000,OH Piqua City Tax,
OH,TAX4593,39-000-0000-SCHL-2604,OH Pettisville LSD Tax,
NJ,TAX3695,34-000-0000-ER_SUTA_SC-048,NJ Work Force Development,
KY,TAX2581,21-000-497339-OLF-000,KY Ludlow - OLF,
OH,TAX4023,39-000-1066654-CITY-000,OH Cleveland City Tax,
KY,TAX2543,21-101-0000-OLF-000,KY Henderson County - OLF,
OH,TAX4536,39-000-0000-SCHL-3904,OH Norwalk CSD Tax,
KY,TAX2630,21-000-500179-OLF-000,KY Park City - OLF,
OH,TAX4115,39-000-1040177-CITY-000,OH Elyria City Tax,
OH,TAX4190,39-000-1064733-CITY-000,OH Glenwillow City Tax,
TN,TAX6105,47-000-0000-ER_SUTA-000,TN State Unemployment Tax,
OH,TAX4194,39-000-1064744-CITY-000,OH Grafton City Tax,
OH,TAX3932,39-000-1064457-CITY-000,OH Bloomville City Tax,
OH,TAX4183,39-000-1064716-CITY-000,OH Germantown City Tax,
OH,TAX4613,39-000-1065509-CITY-000,OH Port Washington City Tax,
OH,TAX4560,39-000-1044204-CITY-000,OH Osgood City Tax,
OH,TAX4522,39-000-1065174-CITY-000,OH North Ridgeville City Tax,
OH,TAX3940,39-000-0000-SCHL-7502,OH Botkins LSD Tax,
OH,TAX4046,39-000-1077521-CITY-000,OH Conneaut City Tax,
OH,TAX4634,39-000-1061606-CITY-000,OH Ridgeway City Tax,
OH,TAX4078,39-000-0000-JEDD-148,OH Deer Park - Sycamore TWP JEDD Tax,
OH,TAX4055,39-000-0000-JEDD-105,OH Coshocton Tuscarawas JEDD Tax,
OH,TAX3943,39-000-0000-SCHL-8701,OH Bowling Green CSD Tax,
OH,TAX4178,39-000-0000-JEDD-081,OH Geneva I JEDD Tax,
UT,TAX6336,49-000-0000-SIT-000,UT State Income Tax,
OH,TAX4770,39-000-0000-JEDD-146,OH Turtlecreek-Monroe 2022 JEDD Tax,
OH,TAX4861,39-000-1061782-CITY-000,OH Williamsburg City Tax,
OH,TAX4845,39-000-1061762-CITY-000,OH Westlake City Tax,
KY,TAX2687,21-000-509314-TIF-000,KY Walton Industrial Park TIF,
AL,TAX106,01-000-153600-CITY-000,AL Sulligent City Tax,
OH,TAX4229,39-000-1064802-CITY-000,OH Harrod City Tax,
AZ,TAX202,04-000-0000-SIT-000,AZ State Income Tax,
KY,TAX2484,21-000-490326-OLF-000,KY Crescent Springs - OLF,
MD,TAX3185,24-005-0000-CNTY-000,MD Baltimore County Tax,
NM,TAX3697,35-000-0000-ER_SUTA-000,NM State Unemployment Tax,
OH,TAX4711,39-000-0000-JEDD-068,OH Springfield Township JEDZ Tax,
OH,TAX4893,39-000-0000-JEDD-043,OH Zanesville - Washington JEDD Tax,
OH,TAX3934,39-000-1064461-CITY-000,OH Bluffton City Tax,
OH,TAX4618,39-000-0000-SCHL-6804,OH Preble Shawnee LSD Tax,
OH,TAX4828,39-000-1058107-CITY-000,OH Waynes Lake City Tax,
OH,TAX3948,39-000-1064483-CITY-000,OH Brecksville City Tax,
OH,TAX3909,39-000-1064408-CITY-000,OH Bellevue City Tax,
OH,TAX4667,39-000-1049166-CITY-000,OH Seven Hills City Tax,
KY,TAX2589,21-157-0000-OLTS-000,KY Marshall County - OLTS,
KY,TAX2620,21-000-499462-OLF-000,KY Nicholasville - OLF,
OH,TAX4749,39-000-1079598-CITY-000,OH The Village of Indian Hill City Tax,
OH,TAX4336,39-000-0000-SCHL-6502,OH Logan Elm LSD Tax,
OH,TAX4129,39-000-1040264-CITY-000,OH Evendale City Tax,
OH,TAX3860,39-000-1064333-CITY-000,OH Ansonia City Tax,
OH,TAX4351,39-000-1061458-CITY-000,OH Macedonia City Tax,
OH,TAX4645,39-000-1049132-CITY-000,OH Rocky River City Tax,
OH,TAX4705,39-000-1061205-CITY-000,OH Springboro City Tax,
PR,TAX5273,72-000-0000-ER_SDI-002,PR Employer SDI,
OH,TAX4565,39-000-1065219-CITY-000,OH Ottawa Hills City Tax,
OH,TAX4408,39-000-0000-JEDD-025,OH Middletown-Liberty JEDD Tax,
OH,TAX4118,39-000-1064622-CITY-000,OH Empire City Tax,
GA,TAX1708,13-000-0000-ER_SUTA-000,GA State Unemployment Tax,
OH,TAX4189,39-000-1064731-CITY-000,OH Glenmont City Tax,
OH,TAX4664,39-000-1049163-CITY-000,OH Sebring City Tax,
OH,TAX4075,39-000-0000-JEDD-012,OH Dayton-Butler JEDD Tax,
OH,TAX4638,39-000-1061609-CITY-000,OH Rittman City Tax,
FED,TAX5315,00-000-0000-ER_RUIA-000,Railroad Unemployment Tax,
OH,TAX4474,39-000-1056446-CITY-000,OH New Boston City Tax,
KY,TAX2646,21-201-0000-OLF-000,KY Robertson County - OLF,
IN,TAX2181,18-083-0000-CNTY-000,IN Knox County Tax,
OH,TAX4676,39-000-1056518-CITY-000,OH Sheffield Lake City Tax,
WV,TAX6869,54-000-1547007-CITY-000,WV Smithers City Service Fee,
KY,TAX2432,21-000-486141-OLF-000,KY Augusta - OLF,
KS,TAX2420,20-000-0000-SIT-000,KS State Income Tax,
OH,TAX4753,39-000-1061692-CITY-000,OH Tipp City City Tax,
OH,TAX3864,39-000-1064336-CITY-000,OH Apple Creek City Tax,
IN,TAX2231,18-179-0000-CNTY-000,IN Wells County Tax,
OH,TAX3910,39-000-0000-SCHL-3901,OH Bellevue CSD Tax,
OH,TAX4879,39-000-1049349-CITY-000,OH Wyoming City Tax,
KY,TAX2597,21-000-513872-OLF-000,KY McKee - OLF,
OH,TAX4328,39-000-1065002-CITY-000,OH Linndale City Tax,
KY,TAX2514,21-000-492357-OLF-000,KY Fort Thomas - OLF,
OH,TAX4041,39-000-1080996-CITY-000,OH Columbus City Tax,
OH,TAX4490,39-000-1061169-CITY-000,OH New Miami City Tax,
OH,TAX4642,39-000-0000-SCHL-5105,OH River Valley LSD Tax,
AL,TAX55,01-000-119032-CITY-000,AL Glencoe City Tax,
DE,TAX1126,10-000-214862-CITY-000,DE Wilmington Income Tax,
KY,TAX2539,21-000-493831-OLF-000,KY Harrodsburg - OLF,
OH,TAX4870,39-000-1061793-CITY-000,OH Wilmot City Tax,
OH,TAX4614,39-000-1061569-CITY-000,OH Powell City Tax,
OH,TAX4187,39-000-1048785-CITY-000,OH Girard City Tax,
IL,TAX2124,17-000-0000-ER_SUTA-000,IL State Unemployment Tax,
IN,TAX2131,18-013-0000-CNTY-000,IN Brown County Tax,
OH,TAX4464,39-000-1043776-CITY-000,OH Nashville City Tax,
OH,TAX4566,39-000-1070885-CITY-000,OH Ottoville City Tax,
KY,TAX2603,21-000-498159-OLF-000,KY Middletown - OLF,
KY,TAX2632,21-191-0000-OLF-000,KY Pendleton County - OLF,
OH,TAX4578,39-000-0000-SCHL-3504,OH Patrick Henry LSD Tax,
OH,TAX4564,39-000-0000-SCHL-6907,OH Ottawa-Glandorf LSD Tax,
OH,TAX4180,39-000-1064710-CITY-000,OH Geneva-on-the-Lake City Tax,
KY,TAX2489,21-000-490519-OLF-000,KY Cynthiana - OLF,
KY,TAX2705,21-237-0000-OLF-000,KY Wolfe County - OLF,
PA,TAX4975,42-00-000-ER_FUTA_CR-0000,PA FUTA Credit Reduction,
CA,TAX651,06-000-0000-SIT-000,CA State Income Tax,
OH,TAX4487,39-000-1065472-CITY-000,OH New London City Tax,
MO,TAX3458,29-000-765765-CITY-000,MO St Louis City Tax,
WA,TAX6490,53-000-0000-ER_SUTA-000,WA State Unemployment Tax,
KY,TAX2473,21-000-489558-OLF-000,KY Clarkson - OLF,
KY,TAX2582,21-000-497367-OLF-000,KY Lyndon OLF,
OH,TAX4056,39-000-0000-JEDD-011,OH Coventry - Akron JEDD Tax,
OH,TAX4798,39-000-1058096-CITY-000,OH Van Wert City Tax,
IN,TAX2126,18-003-0000-CNTY-000,IN Allen County Tax,
OH,TAX4654,39-000-1049142-CITY-000,OH Russia City Tax,
OH,TAX3890,39-000-1064377-CITY-000,OH Baltic City Tax,
KY,TAX2680,21-000-505341-OLF-000,KY Tompkinsville - OLF,
OH,TAX4140,39-000-1083984-CITY-000,OH Fairport Harbor City Tax,
CO,TAX973,08-000-0000-SIT-000,CO State Income Tax,
KY,TAX2648,21-205-0000-OLF-000,KY Rowan County - OLF,
WV,TAX6860,54-000-1558347-CITY-000,WV Charleston City Service Fee,
IN,TAX2202,18-125-0000-CNTY-000,IN Pike County Tax,
MN,TAX3375,27-00-000-ER_FUTA_CR-0000,MN FUTA Credit Reduction,
OH,TAX3917,39-000-0000-JEDD-093,OH Berkshire Township JEDD I Tax,
OH,TAX4244,39-000-1064842-CITY-000,OH Hiram City Tax,
OH,TAX3851,39-000-1048458-CITY-000,OH Amanda City Tax,
KY,TAX2562,21-115-0000-OLF-000,KY Johnson County - OLF,
IN,TAX2138,18-027-0000-CNTY-000,IN Daviess County Tax,
OH,TAX4332,39-000-1065016-CITY-000,OH Lockington City Tax,
OH,TAX4521,39-000-0000-SCHL-4509,OH Northridge LSD Tax,
OH,TAX4168,39-000-1064699-CITY-000,OH Galion City Tax,
AK,TAX26,02-000-0000-SUI-000,AK Unemployment Insurance,
OH,TAX4630,39-000-1072241-CITY-000,OH Richmond Heights City Tax,
CO,TAX847,08-000-201738-CITY-000,CO Denver - Employee OPT,
OK,TAX4903,40-000-0000-SIT-000,OK State Income Tax,
IN,TAX2188,18-097-0000-CNTY-000,IN Marion County Tax,
OH,TAX4182,39-000-1064714-CITY-000,OH Georgetown City Tax,
OH,TAX3870,39-000-1064339-CITY-000,OH Archbold City Tax,
OH,TAX4383,39-000-1056416-CITY-000,OH McClure City Tax,
OH,TAX4493,39-000-1065105-CITY-000,OH New Philadelphia City Tax,
OH,TAX4610,39-000-1061566-CITY-000,OH Portage City Tax,
OH,TAX4130,39-000-0000-SCHL-2602,OH Evergreen LSD Tax,
OH,TAX4022,39-000-0000-SCHL-1303,OH Clermont-Northeastern LSD Tax,
OH,TAX4772,39-000-1061714-CITY-000,OH Tuscarawas City Tax,
OH,TAX4847,39-000-0000-SCHL-1105,OH West Liberty-Salem LSD Tax,
HI,TAX2006,15-000-0000-SDI-000,HI Disability Insurance Tax,
VT,TAX6382,50-000-0000-CCC-000,VT Child Care Contribution Tax,
OH,TAX4542,39-000-1084030-CITY-000,OH Oakwood-Cuyahoga City Tax,
OH,TAX4468,39-000-1076504-CITY-000,OH Nelsonville City Tax,
KY,TAX2500,21-000-491688-OLF-000,KY Elkhorn City - OLF,
IN,TAX2137,18-025-0000-CNTY-000,IN Crawford County Tax,
OH,TAX4556,39-000-1049043-CITY-000,OH Oregon City Tax,
OH,TAX3871,39-000-1064342-CITY-000,OH Arlington City Tax,
OH,TAX4110,39-000-0000-SCHL-5101,OH Elgin LSD Tax,
OH,TAX4584,39-000-1049072-CITY-000,OH Peninsula City Tax,
WV,TAX6873,54-000-1548994-CITY-000,WV Wheeling City Service Fee,
OH,TAX4195,39-000-1064745-CITY-000,OH Grand Rapids City Tax,
KY,TAX2502,21-063-0000-OLF-000,KY Elliott County - OLF,
KY,TAX2561,21-113-0000-OLF-000,KY Jessamine County - OLF,
OH,TAX4821,39-000-1056562-CITY-000,OH Waterville City Tax,
OH,TAX4699,39-000-1058101-CITY-000,OH South Vienna City Tax,
OH,TAX3963,39-000-0000-SCHL-1701,OH Buckeye Central LSD Tax,
AL,TAX95,01-000-136404-CITY-000,AL Mosses City Tax,
KY,TAX2524,21-079-0000-OLF-000,KY Garrard County - OLF,
OH,TAX4069,39-000-1056858-CITY-000,OH Cygnet City Tax,
OH,TAX4746,39-000-0000-SCHL-0909,OH Talawanda CSD Tax,
NJ,TAX3690,34-000-878762-ER_POP-007,NJ Newark Employer Payroll Tax,
OH,TAX4583,39-000-1049070-CITY-000,OH Pemberville City Tax,
MD,TAX3203,24-000-0000-ER_SUTA-000,MD State Unemployment Tax,
KY,TAX2640,21-000-501307-OLF-000,KY Prestonsburg - OLF,
OH,TAX4592,39-000-1068213-CITY-000,OH Perrysville City Tax,
OR,TAX4942,41-000-0000-ER_TRANS-004,OR Sandy Transit Tax,
OH,TAX4094,39-000-1039880-CITY-000,OH Dunkirk City Tax,
OR,TAX4934,41-000-1120527-CSPT-000,OR – Eugene CSPT,
MD,TAX3205,24-043-0000-CNTY-000,MD Washington County Tax,
OH,TAX4797,39-000-0000-SCHL-3208,OH Vanlue LSD Tax,
OH,TAX4447,39-000-1043484-CITY-000,OH Moreland Hills City Tax,
OH,TAX4572,39-000-0000-SCHL-6909,OH Pandora-Gilboa LSD Tax,
OH,TAX4416,39-000-0000-JEDD-072,OH Milford IV JEDD Tax,
IN,TAX2183,18-087-0000-CNTY-000,IN LaGrange County Tax,
MS,TAX3510,28-000-0000-SIT-000,MS State Income Tax,
OH,TAX4482,39-000-1065123-CITY-000,OH New Knoxville City Tax,
OH,TAX3873,39-000-0000-SCHL-3202,OH Arlington LSD Tax,
IN,TAX2209,18-139-0000-CNTY-000,IN Rush County Tax,
OH,TAX4537,39-000-0000-SCHL-8504,OH Norwayne LSD Tax,
OH,TAX3960,39-000-1056733-CITY-000,OH Brunswick City Tax,
OH,TAX3913,39-000-1037862-CITY-000,OH Bentleyville City Tax,
OH,TAX4148,39-000-1048744-CITY-000,OH Forest City Tax,
OH,TAX4237,39-000-1041556-CITY-000,OH Highland Heights City Tax,
OH,TAX4742,39-000-0000-JEDD-056,OH Sycamore Southwest JEDZ Tax,
OH,TAX3929,39-000-0000-SCHL-2303,OH Bloom-Carroll LSD Tax,
KY,TAX2673,21-000-0000-SIT-000,KY State Income Tax,
IN,TAX2196,18-113-0000-CNTY-000,IN Noble County Tax,
OH,TAX4726,39-000-1065393-CITY-000,OH Strasburg City Tax,
OH,TAX4723,39-000-1065391-CITY-000,OH Stoutsville City Tax,
OH,TAX4044,39-000-1060991-CITY-000,OH Commercial Point City Tax,
GA,TAX1690,13-00-000-ER_FUTA_CR-0000,GA FUTA Credit Reduction,
OH,TAX4641,39-000-0000-SCHL-4604,OH Riverside LSD Tax,
KY,TAX2467,21-000-488935-OLF-000,KY Carlisle - OLF,
OH,TAX4616,39-000-0000-JEDD-052,OH Prairie - Obetz JEDZ Tax,
OH,TAX3965,39-000-1070698-CITY-000,OH Buckland City Tax,
OH,TAX4091,39-000-1064552-CITY-000,OH Doylestown City Tax,
OH,TAX4381,39-000-1056413-CITY-000,OH Mayfield Heights City Tax,
OH,TAX4093,39-000-1056264-CITY-000,OH Dublin City Tax,
IN,TAX2204,18-129-0000-CNTY-000,IN Posey County Tax,
OH,TAX3854,39-000-1064319-CITY-000,OH Amelia City Tax,
MI,TAX3299,26-00-000-ER_FUTA_CR-0000,MI FUTA Credit Reduction,
IN,TAX2194,18-109-0000-CNTY-000,IN Morgan County Tax,
KY,TAX2512,21-000-492316-OLF-000,KY Fordsville - OLF,
KY,TAX2462,21-037-0000-MHT-000,KY Campbell County - MHT,
OH,TAX4826,39-000-1047633-CITY-000,OH Waynesfield City Tax,
OH,TAX4528,39-000-0000-SCHL-8505,OH Northwestern LSD (8505) Tax,
KY,TAX1953,21-000-1669504-OLF-000,Hebron Estates - OLF,
OH,TAX4763,39-000-0000-SCHL-6806,OH Tri-County North LSD Tax,
KY,TAX2487,21-057-0000-OLF-000,KY Cumberland County - OLF,
IN,TAX2218,18-153-0000-CNTY-000,IN Sullivan County Tax,
AL,TAX60,01-000-119627-CITY-000,AL Hamilton City Tax,
OH,TAX4823,39-000-0000-SCHL-2607,OH Wauseon EVSD Tax,
KY,TAX2436,21-011-0000-OLF-000,KY Bath County - OLF,
OH,TAX4019,39-000-1056811-CITY-000,OH Clayton City Tax,
OH,TAX4411,39-000-1061522-CITY-000,OH Milan City Tax,
OH,TAX4628,39-000-1061599-CITY-000,OH Richfield City Tax,
OH,TAX4252,39-000-1048855-CITY-000,OH Hubbard City Tax,
OH,TAX4830,39-000-0000-SCHL-6303,OH Wayne Trace LSD Tax,
OH,TAX4043,39-000-0000-SCHL-6901,OH Columbus Grove LSD Tax,
OH,TAX4621,39-000-0000-JEDD-152,OH Ravenna-Rootstown TWP JEDD Tax,
CA,TAX572,06-000-0000-SDI-000,CA Disability Insurance Tax,
OH,TAX4227,39-000-0000-JEDD-103,OH Harrison Greene JEDD IV Tax,
KY,TAX2499,21-000-491640-OLF-000,KY Elizabethtown - OLF,
MD,TAX3195,24-027-0000-CNTY-000,MD Howard County Tax,
OH,TAX4622,39-000-1056486-CITY-000,OH Reading City Tax,
KY,TAX2641,21-000-501350-OLF-000,KY Princeton - OLF,
OH,TAX4751,39-000-1058075-CITY-000,OH Tiffin City Tax,
KY,TAX2577,21-139-0000-OLF-000,KY Livingston County - OLF,
OH,TAX4282,39-000-1042071-CITY-000,OH Jeffersonville City Tax,
KY,TAX2474,21-000-511380-OLF-000,KY Clay City - OLF,
OH,TAX4217,39-000-0000-JEDD-050,OH Hamilton - Fairfield TWP JEDD II Tax,
KY,TAX2478,21-000-1699786-OLF-000,KY Coal Run Village - OLF,
CO,TAX856,08-000-184853-ER_EHT-000,CO Glendale - OPT,
OH,TAX4143,39-000-1064644-CITY-000,OH Fayette City Tax,
OH,TAX4892,39-000-0000-JEDD-090,OH Zanesville - Springfield JEDD Tax,
OH,TAX4363,39-000-1061147-CITY-000,OH Mantua City Tax,
OH,TAX4405,39-000-1077349-CITY-000,OH Middle Point City Tax,
IN,TAX2207,18-135-0000-CNTY-000,IN Randolph County Tax,
FED,TAX5478,00-000-0000-RRTA1-000,RRTA Tier I Tax,
KY,TAX2451,21-000-487947-OLF-000,KY Brodhead - OLF,
OH,TAX4053,39-000-1056840-CITY-000,OH Coshocton City Tax,
OH,TAX4138,39-000-1040312-CITY-000,OH Fairlawn City Tax,
MD,TAX3197,24-031-0000-CNTY-000,MD Montgomery County Tax,
KY,TAX2428,21-000-485831-OLF-000,KY Alexandria - OLF,
OH,TAX4350,39-000-0000-JEDD-135,OH Lytle Five Points JEDD Tax,
KY,TAX2565,21-121-0000-OLF-000,KY Knox County - OLF,
OH,TAX4748,39-000-0000-SCHL-6503,OH Teays Valley LSD Tax,
OH,TAX4286,39-000-1064910-CITY-000,OH Jerry City City Tax,
OH,TAX4812,39-000-1070980-CITY-000,OH Wapakoneta City Tax,
OH,TAX4213,39-000-1062797-CITY-000,OH Groveport City Tax,
KY,TAX2520,21-000-492615-OLF-000,KY Fulton - OLF,
OH,TAX3858,39-000-1064331-CITY-000,OH Anna City Tax,
OH,TAX4145,39-000-1040400-CITY-000,OH Fayetteville City Tax,
OH,TAX4817,39-000-1049292-CITY-000,OH Warsaw City Tax,
OH,TAX4196,39-000-1064746-CITY-000,OH Grand River City Tax,
OH,TAX4681,39-000-1046248-CITY-000,OH Shreve City Tax,
OH,TAX4804,39-000-0000-JEDD-155,OH Violet TWP - Canal Winchester JEDD,
OH,TAX4199,39-000-0000-SCHL-4501,OH Granville EVSD Tax,
OH,TAX4489,39-000-1056450-CITY-000,OH New Madison City Tax,
OH,TAX3971,39-000-0000-JEDD-118,OH Butler CNTY Annex JEDD Tax,
OH,TAX4299,39-000-1064947-CITY-000,OH Kirby City Tax,
KY,TAX2563,21-000-495551-OLF-000,KY Junction City - OLF,
OH,TAX4166,39-000-1064696-CITY-000,OH Gahanna City Tax,
CO,TAX857,08-000-185037-CITY-000,CO Greenwood Village - Employee OPT,
AL,TAX37,01-000-113977-CITY-000,AL Bessemer City Tax,
OH,TAX4829,39-000-1047634-CITY-000,OH Waynesville City Tax,
MD,TAX3206,24-045-0000-CNTY-000,MD Wicomico County Tax,
OH,TAX4191,39-000-1064736-CITY-000,OH Gnadenhutten City Tax,
OH,TAX4395,39-000-1085475-CITY-000,OH Mentor City Tax,
KY,TAX2440,21-000-486894-OLF-000,KY Berea - OLF,
OH,TAX4873,39-000-1048082-CITY-000,OH Woodlawn City Tax,
WI,TAX6814,55-000-0000-SIT-000,WI State Income Tax,
OH,TAX3941,39-000-1048536-CITY-000,OH Bowerston City Tax,
OH,TAX4850,39-000-1061747-CITY-000,OH West Milton City Tax,
KY,TAX2503,21-000-491746-OLF-000,KY Elsmere - OLF,
OH,TAX4409,39-000-1048975-CITY-000,OH Midvale City Tax,
OH,TAX4876,39-000-1061801-CITY-000,OH Woodstock City Tax,
OH,TAX4443,39-000-1065047-CITY-000,OH Montgomery City Tax,
OH,TAX1344,39-000-0000-JEDD-153,East Union Twp-Apple Creek JEDD Tax,
OH,TAX4438,39-000-0000-JEDD-027,OH Monclova-Maumee-Toledo JEDZ Tax,
OH,TAX4374,39-000-1061480-CITY-000,OH Marysville City Tax,
OH,TAX3956,39-000-1056727-CITY-000,OH Brooklyn City Tax,
OH,TAX3933,39-000-1064458-CITY-000,OH Blue Ash City Tax,
MI,TAX3298,26-000-626170-CITY-000,MI Flint City Tax,
IN,TAX2167,18-055-0000-CNTY-000,IN Greene County Tax,
OH,TAX4201,39-000-1061112-CITY-000,OH Gratis City Tax,
OH,TAX4833,39-000-1049301-CITY-000,OH Wellston City Tax,
OH,TAX4632,39-000-0000-SCHL-5104,OH Ridgedale LSD Tax,
OH,TAX3973,39-000-0000-JEDD-100,OH Butler - Vandalia JEDZ Tax,
OH,TAX4397,39-000-0000-JEDD-075,OH Mercy West JEDD III Tax,
ND,TAX3548,38-000-0000-ER_SUTA-000,ND State Unemployment Tax,
KY,TAX2659,21-211-0000-OLF-000,KY Shelby County - OLF,
OH,TAX4342,39-000-1061446-CITY-000,OH Loudonville City Tax,
IN,TAX2211,18-143-0000-CNTY-000,IN Scott County Tax,
OH,TAX4109,39-000-0000-SCHL-8603,OH Edon-Northwest LSD Tax,
AL,TAX53,01-000-118113-CITY-000,AL Fairfield City Tax,
OH,TAX4247,39-000-1064849-CITY-000,OH Holland City Tax,
OR,TAX4943,41-000-0000-ER_TRANS-006,OR South Clackamas Transit Tax,
OH,TAX4757,39-000-0000-JEDD-079,OH Toledo-Troy JEDD Tax,
OH,TAX4273,39-000-1065697-CITY-000,OH Jackson Center City Tax,
OH,TAX4325,39-000-0000-SCHL-4506,OH Licking Valley LSD Tax,
KY,TAX2430,21-000-486092-OLF-000,KY Ashland - OLF,
OH,TAX1343,39-000-0000-JEDD-154,East Union Twp-Apple Creek JEDD II Tax,
OH,TAX4818,39-000-1085492-CITY-000,OH Washington Court House City Tax,
OH,TAX4366,39-000-0000-JEDD-157,OH Marengo - Bennington TWP JEDD,
OH,TAX4475,39-000-1065111-CITY-000,OH New Bremen City Tax,
OH,TAX4754,39-000-1061694-CITY-000,OH Tiro City Tax,
AL,TAX99,01-000-155213-CITY-000,AL Red Bay City Tax,
IN,TAX2233,18-183-0000-CNTY-000,IN Whitley County Tax,
OH,TAX4159,39-000-1061080-CITY-000,OH Fredericksburg City Tax,
KY,TAX2635,21-195-0000-OLF-000,KY Pike County - OLF,
OH,TAX4782,39-000-0000-SCHL-1510,OH United LSD Tax,
OH,TAX3928,39-000-0000-JEDD-055,OH Blendon - Westerville JEDZ Tax,
NV,TAX3815,32-000-0000-ER_POP-003,NV MBT General Business,
OH,TAX4274,39-000-0000-SCHL-7506,OH Jackson Center LSD Tax,
IN,TAX2191,18-103-0000-CNTY-000,IN Miami County Tax,
OH,TAX4577,39-000-0000-JEDD-062,OH Pataskala JEDD Tax,
OH,TAX4338,39-000-0000-SCHL-4903,OH London CSD Tax,
VT,TAX6386,50-000-0000-ER_SUTA-000,VT State Unemployment Tax,
OH,TAX4524,39-000-1065175-CITY-000,OH North Royalton City Tax,
KY,TAX2438,21-000-486810-OLF-000,KY Bellevue - OLF,
OH,TAX4694,39-000-0000-SCHL-1205,OH Southeastern LSD Tax,
KY,TAX2696,21-000-506467-OLF-000,KY West Point - OLF,
KY,TAX2568,21-000-495923-OLF-000,KY Lakeside Park - OLF,
OH,TAX4659,39-000-1065281-CITY-000,OH Salineville City Tax,
AL,TAX41,01-000-114918-CITY-000,AL Brilliant City Tax,
OH,TAX4582,39-000-1044337-CITY-000,OH Payne City Tax,
KY,TAX2552,21-000-494572-OLF-000,KY Horse Cave - OLF,
AL,TAX104,01-000-0000-SIT-000,AL State Income Tax,
OH,TAX4378,39-000-1061485-CITY-000,OH Maumee City Tax,
OH,TAX4202,39-000-1077586-CITY-000,OH Green City Tax,
ME,TAX3245,23-000-0000-ER_SUTA_SC-061,ME UPAF,
OH,TAX4530,39-000-1049027-CITY-000,OH Northwood City Tax,
HI,TAX2007,15-000-0000-ER_SUTA_SC-012,HI Employment And Training Tax,
NM,TAX3698,35-000-0000-ER_EHT-000,NM Workers Comp. Assmt. Fee,
OH,TAX4596,39-000-0000-SCHL-2307,OH Pickerington LSD Tax,
OH,TAX4185,39-000-1061095-CITY-000,OH Gibsonburg City Tax,
OH,TAX3911,39-000-1064409-CITY-000,OH Bellville City Tax,
OH,TAX4134,39-000-1048718-CITY-000,OH Fairfax City Tax,
OH,TAX4477,39-000-1065145-CITY-000,OH Newburgh Heights City Tax,
OH,TAX4485,39-000-0000-SCHL-5708,OH New Lebanon LSD Tax,
WV,TAX6870,54-000-0000-SIT-000,WV State Income Tax,
OH,TAX4840,39-000-0000-JEDD-073,OH Western Ridge JEDD I Tax,
OH,TAX4469,39-000-1065106-CITY-000,OH New Albany City Tax,
KY,TAX2626,21-000-500083-OLF-000,KY Owenton - OLF,
OH,TAX4008,39-000-1056799-CITY-000,OH Cheviot City Tax,
KY,TAX2638,21-000-1669517-OLF-000,KY Pioneer Village - OLF,
OH,TAX4297,39-000-1048887-CITY-000,OH Kettering City Tax,
OH,TAX4709,39-000-1065370-CITY-000,OH Springfield City Tax,
KY,TAX2557,21-000-495165-OLF-000,KY Jamestown - OLF,
OH,TAX3927,39-000-0000-SCHL-1401,OH Blanchester LSD Tax,
IN,TAX2221,18-159-0000-CNTY-000,IN Tipton County Tax,
OH,TAX4718,39-000-1045611-CITY-000,OH St Louisville City Tax,
OH,TAX3856,39-000-1048461-CITY-000,OH Amsterdam City Tax,
SD,TAX5600,46-000-0000-ER_SUTA_SC-058,SD Administrative Fee,
KY,TAX2578,21-141-0000-OLF-000,KY Logan County - OLF,
OH,TAX4650,39-000-1065258-CITY-000,OH Rushsylvania City Tax,
OH,TAX3937,39-000-1064468-CITY-000,OH Boston Heights City Tax,
KY,TAX2553,21-000-494848-OLF-000,KY Hurstbourne Acres - OLF,
IN,TAX2199,18-119-0000-CNTY-000,IN Owen County Tax,
OH,TAX4377,39-000-1061483-CITY-000,OH Massillon City Tax,
KY,TAX2466,21-000-488876-OLF-000,KY Caneyville - OLF,
WV,TAX6861,54-000-1560581-CITY-000,WV Fairmont City Tax,
OH,TAX4457,39-000-1065077-CITY-000,OH Mount Sterling City Tax,
MD,TAX3192,24-021-0000-CNTY-000,MD Frederick County Tax,
OH,TAX4127,39-000-1072210-CITY-000,OH Euclid City Tax,
OH,TAX4092,39-000-1048667-CITY-000,OH Dresden City Tax,
IN,TAX2222,18-161-0000-CNTY-000,IN Union County Tax,
CO,TAX848,08-000-201738-ER_EHT-000,CO Denver - OPT,
KY,TAX2555,21-109-0000-OLF-000,KY Jackson County - OLF,
MS,TAX3512,28-000-0000-ER_SUTA_SC-020,MS Workforce Training Tax,
OH,TAX4322,39-000-0000-SCHL-3502,OH Liberty Center LSD Tax,
KY,TAX2672,21-000-515661-OLF-000,KY Stanton - OLF,
NJ,TAX3691,34-000-0000-SIT-000,NJ State Income Tax,
OH,TAX4738,39-000-1049237-CITY-000,OH Sycamore City Tax,
OH,TAX4234,39-000-1065690-CITY-000,OH  Helena City Tax,
OH,TAX4323,39-000-0000-JEDD-104,OH Liberty Nursing Care JEDD Tax,
KY,TAX2653,21-000-502545-OLF-000,KY Ryland Heights - OLF,
OH,TAX4684,39-000-1065326-CITY-000,OH Silver Lake City Tax,
OH,TAX4348,39-000-1061453-CITY-000,OH Lyndhurst City Tax,
OH,TAX4451,39-000-1065066-CITY-000,OH Mount Cory City Tax,
OH,TAX4113,39-000-0000-SCHL-8703,OH Elmwood LSD Tax,
MA,TAX3137,25-000-0000-SIT-000,MA State Income Tax,
OR,TAX4945,41-000-0000-ER_SUTA-000,OR State Unemployment Tax,
OH,TAX4495,39-000-1043846-CITY-000,OH New Riegel City Tax,
OH,TAX4310,39-000-0000-SCHL-2305,OH Lancaster CSD Tax,
IN,TAX2208,18-137-0000-CNTY-000,IN Ripley County Tax,
MN,TAX3374,27-000-0000-ER_SUTA_SC-043,MN Federal Loan Interest Assessment,
KY,TAX2481,21-000-511536-OLF-000,KY Corbin - OLF,
KY,TAX2433,21-007-0000-OLF-000,KY Ballard County - OLF,
KY,TAX2443,21-015-0000-OLTS-000,KY Boone County - OLTS,
OH,TAX4887,39-000-1058156-CITY-000,OH Youngstown City Tax,
OH,TAX4561,39-000-1044206-CITY-000,OH Ostrander City Tax,
OH,TAX4523,39-000-1057730-CITY-000,OH North Robinson City Tax,
OH,TAX3869,39-000-1066324-CITY-000,OH Arcanum City Tax,
IN,TAX2206,18-133-0000-CNTY-000,IN Putnam County Tax,
IN,TAX2184,18-089-0000-CNTY-000,IN Lake County Tax,
OH,TAX4424,39-000-1065027-CITY-000,OH Miller City Tax,
OH,TAX4885,39-000-0000-SCHL-2907,OH Yellow Springs EVSD Tax,
AL,TAX65,01-000-152018-CITY-000,AL Leeds City Tax,
OH,TAX4714,39-000-1045404-CITY-000,OH St. Bernard City Tax,
OH,TAX4154,39-000-0000-SCHL-5406,OH Fort Recovery LSD Tax,
KY,TAX2698,21-000-506678-OLF-000,KY Whitesburg - OLF,
KY,TAX2435,21-000-486336-OLF-000,KY Bardwell - OLF,
NY,TAX3827,36-000-971828-CITY-000,NY Yonkers City Tax,
CA,TAX652,06-000-0000-ER_SUTA-000,CA State Unemployment Tax,
OH,TAX4601,39-000-0000-SCHL-5507,OH Piqua CSD Tax,
OH,TAX3893,39-000-1064381-CITY-000,OH Barnesville City Tax,
WV,TAX6868,54-000-1560582-CITY-000,WV Romney City Tax,
OH,TAX3850,39-000-1064318-CITY-000,OH Alvordton City Tax,
OH,TAX4256,39-000-1041891-CITY-000,OH Huntsville City Tax,
OH,TAX3907,39-000-1064404-CITY-000,OH Belle Center City Tax,
KY,TAX2685,21-000-1669491-OLF-000,KY Villa Hills - OLF,
IN,TAX2187,18-095-0000-CNTY-000,IN Madison County Tax,
VA,TAX6360,51-000-0000-ER_SUTA-000,VA State Unemployment Tax,
FED,TAX3219,00-000-0000-MEDI-000,Medicare Tax,
OH,TAX4271,39-000-0000-JEDD-128,OH Jackson Canton TSG JEDD Tax,
OH,TAX4188,39-000-1064725-CITY-000,OH Glandorf City Tax,
OH,TAX4668,39-000-1065301-CITY-000,OH Seville City Tax,
OH,TAX4161,39-000-1048760-CITY-000,OH Freeport City Tax,
DC,TAX1070,11-000-0000-ER_SUTA-000,DC State Unemployment Tax,
IN,TAX2162,18-00-000-ER_FUTA_CR-0000,IN FUTA Credit Reduction,
OH,TAX4417,39-000-0000-JEDD-026,OH Milford JEDD Tax,
OH,TAX4837,39-000-0000-JEDD-042,OH West Chester JEDD Tax,
OH,TAX4331,39-000-1065015-CITY-000,OH Lockbourne City Tax,
OH,TAX4727,39-000-1058052-CITY-000,OH Stratton City Tax,
OH,TAX4764,39-000-1077072-CITY-000,OH Trimble City Tax,
KY,TAX2599,21-165-0000-OLF-000,KY Menifee County - OLF,
KY,TAX2453,21-000-487972-OLF-000,KY Brooksville - OLF,
OH,TAX3877,39-000-0000-JEDD-094,OH Ashtabula JEDD Tax,
OH,TAX4258,39-000-1064885-CITY-000,OH Independence City Tax,
OH,TAX4786,39-000-0000-SCHL-8803,OH Upper Sandusky EVSD Tax,
OH,TAX4685,39-000-1065328-CITY-000,OH Silverton City Tax,
OH,TAX4065,39-000-1056852-CITY-000,OH Crooksville City Tax,
OH,TAX4877,39-000-1049345-CITY-000,OH Wooster City Tax,
OH,TAX4431,39-000-1056902-CITY-000,OH Minerva Park City Tax,
OH,TAX4581,39-000-0000-SCHL-6302,OH Paulding EVSD Tax,
OH,TAX4120,39-000-0000-JEDD-016,OH Etna Corporate Park JEDZ1 Tax,
OH,TAX4269,39-000-0000-JEDD-112,OH Jackson Canton SM JEDD Tax,
OH,TAX4122,39-000-0000-JEDD-119,OH Etna Reynoldsburg JEDD1 Tax,
OH,TAX4412,39-000-1061524-CITY-000,OH Milford Center City Tax,
OH,TAX4150,39-000-1048750-CITY-000,OH Fort Jennings City Tax,
OH,TAX4392,39-000-0000-JEDD-084,OH Medina - Lafayette JEDD,
OH,TAX4500,39-000-1065151-CITY-000,OH Newtown City Tax,
OH,TAX4005,39-000-0000-JEDD-108,OH Chagrin Highlands JEDZ tax,
OH,TAX4677,39-000-1065313-CITY-000,OH Shelby City Tax,
DE,TAX1124,10-000-0000-ER_SUTA_SC-008,DE Training Tax,
OH,TAX4184,39-000-1048778-CITY-000,OH Gettysburg City Tax,
OH,TAX4316,39-000-1064984-CITY-000,OH Leipsic City Tax,
KY,TAX2621,21-000-499617-OLF-000,KY Nortonville - OLF,
OH,TAX4197,39-000-1048799-CITY-000,OH Grandview Heights City Tax,
OH,TAX4719,39-000-1070921-CITY-000,OH St. Marys City Tax,
OH,TAX4891,39-000-0000-JEDD-159,OH Zanesville - Perry TWP JEDD Tax,
OH,TAX4559,39-000-1065217-CITY-000,OH Orwell City Tax,
OH,TAX4575,39-000-1056914-CITY-000,OH Parma Heights City Tax,
OH,TAX3875,39-000-1064347-CITY-000,OH Ashley City Tax,
IA,TAX2116,19-000-0000-SIT-000,IA State Income Tax,
OR,TAX4936,41-000-0000-ER_TRANS-002,OR Lane Transit Tax,
IN,TAX2216,18-000-0000-ER_SUTA-000,IN State Unemployment Tax,
OH,TAX4029,39-000-0000-SCHL-1402,OH Clinton-Massie LSD Tax,
OH,TAX4819,39-000-1047606-CITY-000,OH Washingtonville City Tax,
OH,TAX3876,39-000-1048468-CITY-000,OH Ashtabula City Tax,
OH,TAX4646,39-000-1065247-CITY-000,OH Roseville City Tax,
OH,TAX4859,39-000-1058142-CITY-000,OH Willard City Tax,
OH,TAX4054,39-000-0000-JEDD-048,OH Coshocton JEDD Tax,
OH,TAX4463,39-000-1043773-CITY-000,OH Napoleon City Tax,
OR,TAX4944,41-000-0000-SIT-000,OR State Income Tax,
OH,TAX4171,39-000-1064703-CITY-000,OH Garfield Heights City Tax,
OH,TAX3857,39-000-1064328-CITY-000,OH Andover City Tax,
OH,TAX4509,39-000-1065164-CITY-000,OH North College Hill City Tax,
KY,TAX2689,21-227-0000-OLTS-000,KY Warren County - OLTS,
OH,TAX4620,39-000-1061586-CITY-000,OH Ravenna City Tax,
KY,TAX2527,21-000-493092-OLF-000,KY Grand Rivers – OLF,
OH,TAX3942,39-000-1048538-CITY-000,OH Bowling Green City Tax,
OH,TAX4715,39-000-1082182-CITY-000,OH St. Clairsville City Tax,
OH,TAX4232,39-000-1056322-CITY-000,OH Heath City Tax,
OH,TAX3921,39-000-1064434-CITY-000,OH Bettsville City Tax,
OH,TAX4518,39-000-1048401-CITY-000,OH North Perry City Tax,
OH,TAX4767,39-000-1061709-CITY-000,OH Trotwood City Tax,
OH,TAX4890,39-000-0000-JEDD-091,OH Zanesville - Newton JEDD Tax,
VA,TAX6359,51-000-0000-SIT-000,VA State Income Tax,
AK,TAX25,02-000-0000-ER_SUTA-000,AK State Unemployment Tax,
KY,TAX2662,21-000-503400-OLF-000,KY Shively - OLF,
DE,TAX1088,10-00-000-ER_FUTA_CR-0000,DE FUTA Credit Reduction,
KY,TAX2519,21-000-492443-OLF-000,KY Franklin - OLF,
KY,TAX2510,21-000-492237-OLF-000,KY Flemingsburg - OLF,
OH,TAX4414,39-000-0000-JEDD-071,OH Milford III JEDD Tax,
OH,TAX4388,39-000-1061498-CITY-000,OH McGuffey City Tax,
KY,TAX2647,21-203-0000-OLF-000,KY Rockcastle County - OLF,
OH,TAX4793,39-000-0000-JEDD-149,OH Valley View JEDD Tax,
KY,TAX2511,21-000-492266-OLF-000,KY Florence - OLF,
OH,TAX4319,39-000-1064992-CITY-000,OH Lexington City Tax,
KY,TAX6932,21-083-0000-TIF-000,KY Grace Commercial Park TIF tax,
IN,TAX2139,18-029-0000-CNTY-000,IN Dearborn County Tax,
KY,TAX2554,21-000-494900-OLF-000,KY Independence - OLF,
IN,TAX2195,18-111-0000-CNTY-000,IN Newton County Tax,
OH,TAX4136,39-000-0000-JEDD-151,OH Fairfield TWP JEDD Tax,
OH,TAX3885,39-000-1064365-CITY-000,OH Avon City Tax,
OH,TAX4031,39-000-1056817-CITY-000,OH Clyde City Tax,
OH,TAX4037,39-000-0000-SCHL-1703,OH Colonel Crawford LSD Tax,
CO,TAX858,08-000-185037-ER_EHT-000,CO Greenwood Village - OPT,
MD,TAX3182,24-001-0000-CNTY-000,MD Allegany County Tax,
OH,TAX4806,39-000-1065441-CITY-000,OH Wadsworth City Tax,
OH,TAX4494,39-000-1068211-CITY-000,OH New Richmond City Tax,
OH,TAX4097,39-000-1064593-CITY-000,OH Eastlake City Tax,
OH,TAX4205,39-000-0000-SCHL-3603,OH Greenfield EVSD Tax,
OH,TAX4471,39-000-0000-SCHL-4507,OH Newark CSD Tax,
NJ,TAX3689,34-000-877450-ER_POP-009,NJ Jersey City Employer Tax,
OH,TAX4644,39-000-1061624-CITY-000,OH Rockford City Tax,
IN,TAX2186,18-093-0000-CNTY-000,IN Lawrence County Tax,
OH,TAX4637,39-000-1085484-CITY-000,OH Risingsun City Tax,
OH,TAX4077,39-000-1048655-CITY-000,OH Deer Park City Tax,
MA,TAX3069,25-000-0000-ER_EMAC-000,MA Medical Assistance Contrib.,
OH,TAX4579,39-000-1057914-CITY-000,OH Patterson City Tax,
CO,TAX975,08-000-0000-ER_SUTA_SC-063,CO Support Surcharge,
AL,TAX110,01-000-128211-CITY-000,AL Tuskegee City Tax,
OH,TAX4740,39-000-0000-JEDD-058,OH Sycamore East JEDZ Tax,
OH,TAX3925,39-000-0000-SCHL-2101,OH Big Walnut LSD Tax,
IN,TAX2185,18-091-0000-CNTY-000,IN LaPorte County Tax,
OH,TAX3997,39-000-1056780-CITY-000,OH Cedarville City Tax,
OH,TAX4365,39-000-1061471-CITY-000,OH Marble Cliff City Tax,
KY,TAX2576,21-137-0000-OLF-000,KY Lincoln County - OLF,
ME,TAX3231,23-000-0000-FLI-000,ME Paid Family & Medical Leave,
OH,TAX4175,39-000-1040812-CITY-000,OH Geneva City Tax,
OH,TAX4733,39-000-1062554-CITY-000,OH Sugarcreek City Tax,
OH,TAX4814,39-000-1084083-CITY-000,OH Warren City Tax,
LA,TAX2763,22-000-0000-ER_SUTA-000,LA State Unemployment Tax,
FED,TAX1448,00-000-0000-ER_RRTA2-000,Employer RRTA Tier II Tax,
OH,TAX4651,39-000-0000-JEDD-069,OH Rush TWP - Uhrichsville JEDD Tax,
OH,TAX4009,39-000-1039063-CITY-000,OH Chickasaw City Tax,
AL,TAX35,01-000-154439-CITY-000,AL Bear Creek City Tax,
MN,TAX3376,27-000-0000-SIT-000,MN State Income Tax,
OH,TAX4543,39-000-1049033-CITY-000,OH Oakwood-Montgomery Co City Tax,
NJ,TAX3692,34-000-0000-ER_SUTA-000,NJ State Unemployment Tax,
KY,TAX2498,21-000-491570-OLF-000,KY Edmonton - OLF,
KY,TAX2508,21-067-0000-OLTS-000,KY Fayette County - OLTS,
OH,TAX4147,39-000-1040439-CITY-000,OH Findlay City Tax,
DC,TAX1068,11-000-0000-ER_SUTA_SC-009,DC Administrative Funding Tax,
OH,TAX4532,39-000-0000-JEDD-132,OH Norton Barberton JEDZ Tax,
OH,TAX4863,39-000-1047942-CITY-000,OH Williamsport City Tax,
KY,TAX2494,21-000-491228-OLF-000,KY Dry Ridge - OLF,
HI,TAX2025,15-000-0000-ER_SUTA-000,HI State Unemployment Tax,
OH,TAX3848,39-000-1064310-CITY-000,OH Alger City Tax,
OH,TAX3992,39-000-1056768-CITY-000,OH Carroll City Tax,
MI,TAX3250,26-000-621144-CITY-000,MI Benton Harbor City Tax,
OH,TAX3951,39-000-1048548-CITY-000,OH Brice City Tax,
IN,TAX2219,18-155-0000-CNTY-000,IN Switzerland County Tax,
OH,TAX4039,39-000-0000-SCHL-1502,OH Columbiana EVSD Tax,
SC,TAX5597,45-000-0000-SIT-000,SC State Income Tax,
FED,TAX1447,00-000-0000-ER_MEDI-000,Employer Medicare Tax,
KY,TAX2592,21-161-0000-OLF-000,KY Mason County – OLF,
FL,TAX1571,12-00-000-ER_FUTA_CR-0000,FL FUTA Credit Reduction,
OH,TAX4123,39-000-0000-JEDD-120,OH Etna Reynoldsburg JEDD2 Tax,
KY,TAX2607,21-173-0000-OLF-000,KY Montgomery County - OLF,
OH,TAX4100,39-000-0000-SCHL-1505,OH East Palestine CSD Tax,
OH,TAX4722,39-000-1058048-CITY-000,OH Stone Creek City Tax,
OH,TAX4126,39-000-0000-JEDD-139,OH Etna-Reynoldsburg JEDD 7 Tax,
CT,TAX1019,09-000-0000-ER_SUTA-000,CT State Unemployment Tax,
KY,TAX2669,21-215-0000-OLF-000,KY Spencer County - OLF,
OH,TAX4466,39-000-1065094-CITY-000,OH Navarre City Tax,
OH,TAX4460,39-000-0000-JEDD-028,OH Mt. Healthy Springfield TWP Tax,
OH,TAX4074,39-000-1064507-CITY-000,OH Darbyville City Tax,
OH,TAX4535,39-000-1044003-CITY-000,OH Norwalk City Tax,
OH,TAX4267,39-000-0000-JEDD-123,OH Jackson Canton CD JEDD Tax,
OH,TAX4585,39-000-1044373-CITY-000,OH Pepper Pike City Tax,
OH,TAX4503,39-000-1065152-CITY-000,OH Ney City Tax,
OR,TAX4946,41-000-0000-TRANS-000,OR Transit Tax,
OH,TAX4361,39-000-1061465-CITY-000,OH Manchester City Tax,
OH,TAX4371,39-000-0000-SCHL-5403,OH Marion LSD Tax,
OH,TAX4661,39-000-1077345-CITY-000,OH Sardinia City Tax,
OH,TAX4472,39-000-1043820-CITY-000,OH New Bavaria City Tax,
OH,TAX4249,39-000-1064852-CITY-000,OH Holmesville City Tax,
OH,TAX4796,39-000-1065430-CITY-000,OH Vanlue City Tax,
OH,TAX4774,39-000-0000-SCHL-6805,OH Twin Valley Community LSD Tax,
OH,TAX4442,39-000-0000-SCHL-3902,OH Monroeville LSD Tax,
KY,TAX2586,21-155-0000-OLF-000,KY Marion County - OLF,
OH,TAX4137,39-000-0000-SCHL-2304,OH Fairfield Union LSD Tax,
OH,TAX4172,39-000-1064704-CITY-000,OH Garrettsville City Tax,
OH,TAX4277,39-000-1064900-CITY-000,OH Jamestown City Tax,
UT,TAX6337,49-000-0000-ER_SUTA-000,UT State Unemployment Tax,
KY,TAX2656,21-209-0000-OLF-000,KY Scott County - OLF,
OH,TAX4636,39-000-1061608-CITY-000,OH Ripley City Tax,
OH,TAX4883,39-000-0000-JEDD-080,OH Xenia JEDD Tax,
OH,TAX3983,39-000-0000-SCHL-2502,OH Canal Winchester LSD Tax,
KY,TAX2532,21-000-493339-OLF-000,KY Greensburg - OLF,
OH,TAX4216,39-000-0000-JEDD-051,OH Hamilton - Fairfield TWP JEDD III Tax,
OH,TAX3880,39-000-1064348-CITY-000,OH Ashville City Tax,
OH,TAX4403,39-000-1048974-CITY-000,OH Middleburg Heights City Tax,
CA,TAX5559,06-000-277593-ER_POP-005,San Francisco Payroll Expense,
OH,TAX4720,39-000-0000-SCHL-0604,OH St Marys CSD Tax,
OH,TAX4215,39-000-1064784-CITY-000,OH Hamilton City Tax,
KY,TAX2566,21-000-495877-OLF-000,KY Kuttawa - OLF,
KY,TAX2464,21-037-0000-SCT-000,KY Campbell County - SCT,
IN,TAX2178,18-077-0000-CNTY-000,IN Jefferson County Tax,
OH,TAX4013,39-000-1066650-CITY-000,OH Cincinnati City Tax,
IN,TAX2160,18-047-0000-CNTY-000,IN Franklin County Tax,
OH,TAX4018,39-000-1048603-CITY-000,OH Clay Center City Tax,
OH,TAX3043,39-000-1061460-CITY-000,Madison Village City Tax,
AL,TAX46,01-000-0000-ER_SUTA_SC-001,AL Employment Security Assmt.,
OH,TAX4063,39-000-0000-SCHL-8101,OH Crestview LSD (8101) Tax,
KY,TAX2690,21-000-0000-DAF-001,KY Warren ITA Transpark Tax,
OH,TAX4674,39-000-1061202-CITY-000,OH Shawnee Hills City Tax,
OH,TAX4455,39-000-1056439-CITY-000,OH Mount Healthy City Tax,
SD,TAX5601,46-000-0000-ER_SUTA_SC-033,SD Employer Investment Fee Tax,
OH,TAX4152,39-000-0000-SCHL-7504,OH Fort Loramie LSD Tax,
OH,TAX3843,39-000-1064299-CITY-000,OH Addyston City Tax,
OH,TAX4571,39-000-1085224-CITY-000,OH Pandora City Tax,
OH,TAX4567,39-000-0000-SCHL-6908,OH Ottoville LSD Tax,
OH,TAX4760,39-000-1061702-CITY-000,OH Tremont City City Tax,
OH,TAX4805,39-000-0000-JEDD-156,OH Violet TWP - Lancaster JEDD,
OH,TAX3863,39-000-0000-SCHL-6301,OH Antwerp LSD Tax,
NY,TAX3823,36-000-0000-ER_SUTA_SC-025,NY Re-Employment Service Fund,
OH,TAX4648,39-000-0000-SCHL-0908,OH Ross LSD Tax,
KY,TAX2700,21-000-1669492-OLF-000,KY Wilder - OLF,
KY,TAX2427,21-000-485749-OLF-000,KY Adairville - OLF,
OH,TAX4296,39-000-0000-SCHL-3303,OH Kenton CSD Tax,
OH,TAX4562,39-000-0000-SCHL-8707,OH Otsego LSD Tax,
OH,TAX4778,39-000-1049256-CITY-000,OH Union City Tax,
KY,TAX2535,21-091-0000-OLF-000,KY Hancock County - OLF,
KY,TAX2658,21-000-503118-OLF-000,KY Scottsville - OLF,
TX,TAX6189,48-000-0000-ER_SUTA-000,TX State Unemployment Tax,
NY,TAX3824,36-000-0000-SIT-000,NY State Income Tax,
KY,TAX2617,21-179-0000-OLF-000,KY Nelson County - OLF,
OH,TAX4206,39-000-1064757-CITY-000,OH Greenhills City Tax,
OH,TAX4048,39-000-0000-SCHL-6902,OH Continental LSD Tax,
OH,TAX4276,39-000-0000-SCHL-6704,OH James A Garfield LSD Tax,
OH,TAX3964,39-000-0000-SCHL-2102,OH Buckeye Valley LSD Tax,
AL,TAX58,01-000-119530-CITY-000,AL Hackleburg City Tax,
OH,TAX4021,39-000-0000-SCHL-7001,OH Clear Fork Valley LSD Tax,
OH,TAX4479,39-000-1066860-CITY-000,OH Newcomerstown City Tax,
OH,TAX4281,39-000-0000-JEDD-137,OH Jefferson TWP-Whitehall JEDD Tax,
MD,TAX3204,24-041-0000-CNTY-000,MD Talbot County Tax,
OH,TAX4164,39-000-1072215-CITY-000,OH Fulton City Tax,
OH,TAX4059,39-000-1061006-CITY-000,OH Crestline City Tax,
OH,TAX4878,39-000-1056581-CITY-000,OH Worthington City Tax,
OR,TAX4930,41-000-0000-ER_TRANS-001,OR Canby Transit Tax,
OH,TAX4207,39-000-0000-SCHL-8503,OH Green LSD Tax,
OH,TAX4552,39-000-1057901-CITY-000,OH Ontario City Tax,
OH,TAX3981,39-000-1060923-CITY-000,OH Canal Fulton City Tax,
OH,TAX4858,39-000-1061775-CITY-000,OH Wickliffe City Tax,
OH,TAX3903,39-000-1058166-CITY-000,OH Beaverdam City Tax,
DC,TAX1135,11-000-0000-SIT-000,District of Columbia Tax,
OH,TAX4815,39-000-1047579-CITY-000,OH Warrensville Heights City Tax,
IN,TAX2203,18-127-0000-CNTY-000,IN Porter County Tax,
OH,TAX3912,39-000-1077518-CITY-000,OH Belpre City Tax,
IL,TAX2122,17-00-000-ER_FUTA_CR-0000,IL FUTA Credit Reduction,
OH,TAX4808,39-000-1047491-CITY-000,OH Walbridge City Tax,
OH,TAX4875,39-000-1077231-CITY-000,OH Woodsfield City Tax,
OH,TAX4824,39-000-1085493-CITY-000,OH Waverly City Tax,
OH,TAX4752,39-000-1061690-CITY-000,OH Timberlake City Tax,
KY,TAX2525,21-000-492790-OLF-000,KY Georgetown - OLF,
KY,TAX2497,21-000-491562-OLF-000,KY Edgewood - OLF,
OH,TAX4306,39-000-1065708-CITY-000,OH Lakeview City Tax,
OH,TAX4066,39-000-0000-JEDD-106,OH Cuyahoga Falls - Boston JEDD Tax,
OH,TAX4353,39-000-1061459-CITY-000,OH Madeira City Tax,
KY,TAX2531,21-000-493221-OLF-000,KY Grayson - OLF,
WA,TAX6390,53-000-0000-SDI-000,WA Industrial Insurance Tax,
AL,TAX28,01-000-113277-CITY-000,AL Auburn City Tax,
MI,TAX3305,26-000-629060-CITY-000,MI Ionia City Tax,
OH,TAX3862,39-000-1037451-CITY-000,OH Antwerp City Tax,
OH,TAX4813,39-000-0000-SCHL-0605,OH Wapakoneta CSD Tax,
KY,TAX2671,21-000-504254-OLF-000,KY Stanford - OLF,
OH,TAX4502,39-000-1065139-CITY-000,OH New Waterford City Tax,
OH,TAX3897,39-000-0000-JEDD-002,OH Bath-Akron-Fairlawn Tax,
KY,TAX2614,21-000-499075-OLF-000,KY Muldraugh - OLF,
OH,TAX3924,39-000-0000-SCHL-2501,OH Bexley CSD Tax,
OH,TAX4386,39-000-1061495-CITY-000,OH McConnelsville City Tax,
OH,TAX3883,39-000-1064359-CITY-000,OH Aurora City Tax,
OH,TAX4660,39-000-1076832-CITY-000,OH Sandusky City Tax,
OH,TAX4872,39-000-1080508-CITY-000,OH Wintersville City Tax,
OH,TAX4604,39-000-1061552-CITY-000,OH Pleasant Hill City Tax,
KY,TAX2660,21-000-503326-OLF-000,KY Shelbyville - OLF,
OH,TAX4355,39-000-0000-SCHL-4904,OH Madison-Plains LSD Tax,
OH,TAX4315,39-000-1064983-CITY-000,OH Leetonia City Tax,
KY,TAX2666,21-000-503812-OLF-000,KY Smiths Grove - OLF,
KY,TAX2633,21-193-0000-OLF-000,KY Perry County - OLF,
KY,TAX2444,21-015-0000-TIF-000,KY Boone County TIF,
OH,TAX3930,39-000-1064450-CITY-000,OH Bloomdale City Tax,
WV,TAX6865,54-000-1555154-CITY-000,WV Montgomery City Tax,
OH,TAX4186,39-000-0000-SCHL-7203,OH Gibsonburg EVSD Tax,
OH,TAX4162,39-000-1040674-CITY-000,OH Fremont City Tax,
OH,TAX4061,39-000-1061007-CITY-000,OH Creston City Tax,
KY,TAX2447,21-000-487744-OLF-000,KY Bowling Green - OLF,
KY,TAX2571,21-000-496138-OLF-000,KY Lebanon Junction - OLF,
OH,TAX4139,39-000-0000-SCHL-7503,OH Fairlawn LSD Tax,
MI,TAX3372,26-000-1615688-CITY-000,MI Walker City Tax,
OH,TAX4304,39-000-1048901-CITY-000,OH Lakemore City Tax,
OH,TAX4004,39-000-1083437-CITY-000,OH Chagrin Falls City Tax,
IN,TAX2157,18-041-0000-CNTY-000,IN Fayette County Tax,
OH,TAX4341,39-000-1061443-CITY-000,OH Lordstown City Tax,
KY,TAX2515,21-000-492358-OLF-000,KY Fort Wright - OLF,
OH,TAX3952,39-000-1064487-CITY-000,OH Bridgeport City Tax,
AL,TAX96,01-000-152715-CITY-000,AL Notasulga City Tax,
OH,TAX3977,39-000-1038609-CITY-000,OH Caldwell City Tax,
OH,TAX4882,39-000-0000-SCHL-2906,OH Xenia Community CSD Tax,
OH,TAX3999,39-000-0000-SCHL-5401,OH Celina CSD Tax,
OH,TAX4758,39-000-1061697-CITY-000,OH Tontogany City Tax,
OH,TAX4653,39-000-1065262-CITY-000,OH Russells Point City Tax,
OH,TAX4546,39-000-1065189-CITY-000,OH Obetz City Tax,
KY,TAX2580,21-111-0000-OLTS-000,KY Louisville/Jefferson - OLTS,
MI,TAX3367,26-000-635311-CITY-000,MI Portland City Tax,
NY,TAX3822,36-000-0000-FLI-000,NY Paid Family Leave Insurance,
CO,TAX852,08-00-000-ER_FUTA_CR-0000,CO FUTA Credit Reduction,
MD,TAX3201,24-039-0000-CNTY-000,MD Somerset County Tax,
WI,TAX6759,55-00-000-ER_FUTA_CR-0000,WI FUTA Credit Reduction,
OH,TAX4291,39-000-1042172-CITY-000,OH Kalida City Tax,
OH,TAX4809,39-000-0000-SCHL-2308,OH Walnut Township LSD Tax,
OH,TAX4114,39-000-1064618-CITY-000,OH Elmwood Place City Tax,
MO,TAX3457,29-000-0000-ER_SUTA-000,MO State Unemployment Tax,
MD,TAX3190,24-017-0000-CNTY-000,MD Charles County Tax,
KY,TAX2706,21-239-0000-OLF-000,KY Woodford County - OLF,
OH,TAX4384,39-000-1061491-CITY-000,OH McComb City Tax,
OH,TAX4499,39-000-1065150-CITY-000,OH Newtonsville City Tax,
KY,TAX2477,21-000-489694-OLF-000,KY Clinton - OLF,
OH,TAX4680,39-000-1046206-CITY-000,OH Sherwood City Tax,
OH,TAX4617,39-000-0000-JEDD-054,OH Prairie Township JEDD,
OH,TAX4223,39-000-0000-SCHL-7505,OH Hardin-Houston LSD Tax,
IN,TAX2210,18-141-0000-CNTY-000,IN Saint Joseph County Tax,
OH,TAX4538,39-000-1056460-CITY-000,OH Norwood City Tax,
OH,TAX3968,39-000-1048570-CITY-000,OH Burton City Tax,
OH,TAX4151,39-000-1064665-CITY-000,OH Fort Loramie City Tax,
IN,TAX2171,18-063-0000-CNTY-000,IN Hendricks County Tax,
OH,TAX4204,39-000-1064755-CITY-000,OH Greenfield City Tax,
MT,TAX3515,30-000-0000-ER_SUTA-000,MT State Unemployment Tax,
OH,TAX4192,39-000-1048793-CITY-000,OH Golf Manor City Tax,
OH,TAX4368,39-000-1061472-CITY-000,OH Mariemont City Tax,
MN,TAX3377,27-000-0000-ER_SUTA-000,MN State Unemployment Tax,
KY,TAX2550,21-107-0000-OLF-000,KY Hopkins County - OLF,
NV,TAX3814,32-000-0000-ER_POP-002,NV MBT Financial Institution,
PA,TAX5025,42-000-0000-SUI-000,PA Unemployment Insurance,
OH,TAX4488,39-000-0000-SCHL-3903,OH New London LSD Tax,
KY,TAX2455,21-000-511025-OLF-000,KY Buckhorn – OLF,
OH,TAX4802,39-000-1065435-CITY-000,OH Versailles City Tax,
OH,TAX4268,39-000-0000-JEDD-111,OH Jackson Canton FP JEDD Tax,
OH,TAX4333,39-000-1059632-CITY-000,OH Lockland City Tax,
KY,TAX6930,21-000-487822-OLF-000,KY Brandenburg OLF Tax,
OH,TAX3901,39-000-0000-JEDD-003,OH Beachwood East JEDD Tax,
CO,TAX855,08-000-184853-CITY-000,CO Glendale - Employee OPT,
OH,TAX4294,39-000-0000-JEDD-022,OH Kent Franklin JEDD Tax,
OH,TAX3889,39-000-0000-JEDD-160,OH Bainbridge Twp. Aurora JEDD Tax,
OH,TAX4741,39-000-0000-JEDD-066,OH Sycamore Northwest JEDZ Tax,
IN,TAX2156,18-039-0000-CNTY-000,IN Elkhart County Tax,
IN,TAX2180,18-081-0000-CNTY-000,IN Johnson County Tax,
OH,TAX4790,39-000-1065417-CITY-000,OH Utica City Tax,
OH,TAX4236,39-000-0000-SCHL-2004,OH Hicksville EVSD Tax,
OH,TAX4032,39-000-0000-SCHL-7201,OH Clyde-Green Springs EVSD Tax,
OH,TAX4716,39-000-1065383-CITY-000,OH Steubenville City Tax,
OH,TAX4218,39-000-0000-JEDD-019,OH Hamilton - Fairfield TWP JEDD I Tax,
OH,TAX4135,39-000-1048720-CITY-000,OH Fairfield City Tax,
WV,TAX6867,54-000-1545784-CITY-000,WV Rivesville City Service Fee,
OH,TAX4073,39-000-0000-SCHL-4202,OH Danville LSD Tax,
OH,TAX4311,39-000-1042429-CITY-000,OH Latty City Tax,
OH,TAX4079,39-000-1064519-CITY-000,OH Defiance City Tax,
KY,TAX2676,21-217-0000-OLF-000,KY Taylor County - OLF,
KY,TAX2590,21-159-0000-OLF-000,KY Martin County - OLF,
OH,TAX4042,39-000-1056830-CITY-000,OH Columbus Grove City Tax,
AR,TAX142,05-00-000-ER_FUTA_CR-0000,AR FUTA Credit Reduction,
OH,TAX6923,39-000-0000-JEDD-164,OH Sycamore Township-City of Montgomery JEDD Tax,
OH,TAX4627,39-000-0000-JEDD-037,OH Reynoldsburg Enterprise Zone JEDD Tax,
OH,TAX4292,39-000-0000-SCHL-6904,OH Kalida LSD Tax,
OH,TAX3908,39-000-1064407-CITY-000,OH Bellefontaine City Tax,
OH,TAX4692,39-000-0000-SCHL-3905,OH South Central LSD Tax,
OH,TAX4480,39-000-1065115-CITY-000,OH New Concord City Tax,
KY,TAX2652,21-000-502534-OLF-000,KY Russellville - OLF,
KY,TAX2665,21-000-503542-OLF-000,KY Simpsonville - OLF,
IN,TAX2175,18-071-0000-CNTY-000,IN Jackson County Tax,
OH,TAX4886,39-000-1058155-CITY-000,OH Yorkshire City Tax,
KY,TAX2458,21-000-517318-OLF-000,KY Cadiz - OLF,
MI,TAX3300,26-000-627105-CITY-000,MI Grand Rapids City Tax,
KY,TAX2426,21-001-0000-OLF-000,KY Adair County - OLF,
KY,TAX2490,21-000-490584-OLF-000,KY Danville - OLF,
OH,TAX3949,39-000-1048544-CITY-000,OH Bremen City Tax,
MD,TAX3198,24-033-0000-CNTY-000,MD Prince George's County Tax,
OH,TAX4248,39-000-0000-JEDD-076,OH Holland-Springfield Township JEDZ Tax,
KY,TAX2615,21-000-499104-OLF-000,KY Munfordville - OLF,
OH,TAX4280,39-000-0000-JEDD-144,OH Jefferson Township JEDD Tax,
KY,TAX2575,21-000-496337-OLF-000,KY Lewisburg - OLF,
OH,TAX4015,39-000-0000-SCHL-6501,OH Circleville CSD Tax,
KY,TAX2664,21-213-0000-OLF-000,KY Simpson County - OLF,
OH,TAX4367,39-000-1042984-CITY-000,OH Marengo City Tax,
OH,TAX4461,39-000-0000-JEDD-033,OH Mt. HeJEalthy Springfield TWP Tax,
OH,TAX4841,39-000-1061759-CITY-000,OH Westerville City Tax,
NJ,TAX3686,34-000-0000-ER_SDI-001,NJ Employer SDI,
OH,TAX4853,39-000-1061755-CITY-000,OH West Union City Tax,
MO,TAX3381,29-00-000-ER_FUTA_CR-0000,MO FUTA Credit Reduction,
OH,TAX3955,39-000-1056723-CITY-000,OH Broadview Heights City Tax,
OH,TAX4235,39-000-1064833-CITY-000,OH Hicksville City Tax,
OH,TAX4462,39-000-1065085-CITY-000,OH Munroe Falls City Tax,
OH,TAX4251,39-000-0000-SCHL-7403,OH Hopewell-Loudon LSD Tax,
OH,TAX4337,39-000-1061440-CITY-000,OH London City Tax,
KY,TAX2465,21-000-488742-OLF-000,KY Campbellsville - OLF,
OH,TAX4382,39-000-0000-JEDD-124,OH McAlister's JEDD VI Tax,
OH,TAX4607,39-000-1044654-CITY-000,OH Plymouth City Tax,
IN,TAX2132,18-015-0000-CNTY-000,IN Carroll County Tax,
OH,TAX3888,39-000-0000-JEDD-001,OH Bainbridge-Solon JEDD Tax,
OH,TAX4848,39-000-1061743-CITY-000,OH West Mansfield City Tax,
OH,TAX4697,39-000-1049194-CITY-000,OH South Russell City Tax,
OH,TAX4346,39-000-1048936-CITY-000,OH Lowellville City Tax,
OH,TAX4241,39-000-1064840-CITY-000,OH Hillsboro City Tax,
OH,TAX4406,39-000-1061516-CITY-000,OH Middleport City Tax,
NY,TAX3821,36-000-975772-CITY-000,NY New York City Tax,
OH,TAX4639,39-000-0000-SCHL-3305,OH Riverdale LSD Tax,
OH,TAX3980,39-000-1056760-CITY-000,OH Campbell City Tax,
KY,TAX2677,21-000-505030-OLF-000,KY Taylor Mill - OLF,
OH,TAX4255,39-000-1048857-CITY-000,OH Hudson City Tax,
AZ,TAX203,04-000-0000-ER_SUTA-000,AZ State Unemployment Tax,
OH,TAX3918,39-000-0000-SCHL-2302,OH Berne Union LSD Tax,
OH,TAX4609,39-000-1061563-CITY-000,OH Pomeroy City Tax,
OH,TAX3979,39-000-1056756-CITY-000,OH Camden City Tax,
WY,TAX6878,56-000-0000-ER_WC-000,WY Employer Workers' Comp.,
OH,TAX4458,39-000-1056436-CITY-000,OH Mount Vernon City Tax,
MI,TAX3251,26-000-1619197-CITY-000,MI Big Rapids City Tax,
WI,TAX6815,55-000-0000-ER_SUTA-000,WI State Unemployment Tax,
OH,TAX4843,39-000-1085494-CITY-000,OH West Jefferson City Tax,
OH,TAX3985,39-000-1048580-CITY-000,OH Canton City Tax,
OH,TAX4827,39-000-0000-SCHL-0606,OH Waynesfield-Goshen LSD Tax,
OH,TAX4743,39-000-1061668-CITY-000,OH Sylvania City Tax,
IN,TAX2173,18-067-0000-CNTY-000,IN Howard County Tax,
OH,TAX4698,39-000-1065356-CITY-000,OH South Solon City Tax,
IN,TAX2125,18-001-0000-CNTY-000,IN Adams County Tax,
OH,TAX4302,39-000-1064961-CITY-000,OH LaGrange City Tax,
OH,TAX3853,39-000-1037396-CITY-000,OH Amberley City Tax,
OH,TAX4132,39-000-1077584-CITY-000,OH Fairborn City Tax,
OH,TAX6929,39-000-0000-SCHL-8303,Kings LSD (8303) Tax,
OH,TAX6928,39-000-0000-SCHL-7407,Tiffin CSD (7407) Tax,
OH,TAX4423,39-000-0000-SCHL-6906,OH Miller City-New Cleveland LSD Tax,
AL,TAX94,01-000-122701-CITY-000,AL Midfield City Tax,
CO,TAX971,08-000-204714-ER_EHT-000,CO Sheridan - OPT,
KY,TAX2496,21-000-491553-OLF-000,KY Eddyville - OLF,
OH,TAX4433,39-000-1070847-CITY-000,OH Minster City Tax,
OH,TAX4375,39-000-0000-JEDD-150,OH Marysville - Jerome TWP JEDD Tax,
OH,TAX4534,39-000-0000-SCHL-7711,OH Norton CSD Tax,
OH,TAX4340,39-000-1077529-CITY-000,OH Lorain City Tax,
OH,TAX4605,39-000-0000-SCHL-5103,OH Pleasant LSD Tax,
OH,TAX3905,39-000-1048505-CITY-000,OH Bedford Heights City Tax,
OH,TAX4288,39-000-1048875-CITY-000,OH Johnstown City Tax,
NC,TAX3545,37-000-0000-SIT-000,NC State Income Tax,
OH,TAX4745,39-000-0000-JEDD-131,OH Sylvania TWP JEDD Tax,
OH,TAX4024,39-000-1048605-CITY-000,OH Cleveland Heights City Tax,
IN,TAX2127,18-005-0000-CNTY-000,IN Bartholomew County Tax,
OH,TAX4525,39-000-1043972-CITY-000,OH North Star City Tax,
NJ,TAX3685,34-000-0000-SDI-000,NJ Disability Insurance Tax,
AL,TAX107,01-000-127697-CITY-000,AL Tarrant City Tax,
RI,TAX5409,44-000-0000-SIT-000,RI State Income Tax,
OH,TAX4047,39-000-1056835-CITY-000,OH Continental City Tax,
OH,TAX4174,39-000-0000-JEDD-018,OH Gateway Revenue Sharing,
KY,TAX2448,21-019-0000-OLF-000,KY Boyd County - OLF,
IN,TAX2228,18-173-0000-CNTY-000,IN Warrick County Tax,
OH,TAX4473,39-000-1065110-CITY-000,OH New Bloomington City Tax,
MD,TAX3200,24-037-0000-CNTY-000,MD Saint Mary's County Tax,
PR,TAX5288,72-000-0000-ER_SUTA_SC-029,PR Special Assessment Tax,
KY,TAX2544,21-000-494023-OLF-000,KY Henderson - OLF,
OH,TAX4459,39-000-1043638-CITY-000,OH Mount Victory City Tax,
OH,TAX4777,39-000-1058089-CITY-000,OH Union City City Tax,
KY,TAX2472,21-049-0000-OLF-000,KY Clark County - OLF,
OH,TAX4305,39-000-0000-JEDD-114,OH Lake TWP Toledo JEDD Tax,
OH,TAX4434,39-000-0000-SCHL-0601,OH Minster LSD Tax,
OH,TAX4452,39-000-1065067-CITY-000,OH Mount Eaton City Tax,
OH,TAX4225,39-000-1064801-CITY-000,OH Harrisburg City Tax,
KY,TAX2560,21-000-495200-OLF-000,KY Jenkins - OLF,
OH,TAX4586,39-000-0000-JEDD-147,OH Perry-Canton JEDD (Faircrest) Tax,
OH,TAX4034,39-000-1060984-CITY-000,OH Coldwater City Tax,
OH,TAX4437,39-000-0000-SCHL-8802,OH Mohawk LSD Tax,
OR,TAX4952,41-000-0000-ER_TRANS-005,OR Wilsonville Transit Tax,
OH,TAX4103,39-000-0000-SCHL-6803,OH Eaton CSD Tax,
OH,TAX4788,39-000-1065415-CITY-000,OH Urbana City Tax,
OH,TAX4357,39-000-1066312-CITY-000,OH Maineville City Tax,
IL,TAX2123,17-000-0000-SIT-000,IL State Income Tax,
OH,TAX4623,39-000-1049116-CITY-000,OH Reminderville City Tax,
CT,TAX1018,09-000-0000-SIT-000,CT State Income Tax,
IN,TAX2161,18-049-0000-CNTY-000,IN Fulton County Tax,
OH,TAX4086,39-000-1079943-CITY-000,OH Delta City Tax,
KY,TAX2636,21-000-510155-OLF-000,KY Pikeville - OLF,
OH,TAX4700,39-000-0000-SCHL-4510,OH Southwest Licking LSD Tax,
KY,TAX2693,21-231-0000-OLF-000,KY Wayne County - OLF,
SD,TAX5602,46-000-0000-ER_SUTA-000,SD State Unemployment Tax,
OH,TAX4394,39-000-1061507-CITY-000,OH Melrose City Tax,
IN,TAX2224,18-165-0000-CNTY-000,IN Vermillion County Tax,
OH,TAX3916,39-000-0000-JEDD-145,OH Berkshire Township JEDD II Tax,
OH,TAX4095,39-000-1064574-CITY-000,OH East Canton City Tax,
MI,TAX3285,26-000-625219-CITY-000,MI East Lansing City Tax,
KY,TAX2547,21-000-494211-OLF-000,KY Highland Heights - OLF,
MD,TAX3199,24-035-0000-CNTY-000,MD Queen Anne's County Tax,
OH,TAX3958,39-000-1048554-CITY-000,OH Brook Park City Tax,
PA,TAX6934,42-000-1213652-ER_POP-011,PA Scranton Payroll Preparation Tax,
AZ,TAX201,04-00-000-ER_FUTA_CR-0000,AZ FUTA Credit Reduction,
OH,TAX4519,39-000-0000-JEDD-030,OH North Pickaway Cnty Harrison TWP JEDD Tax,
OR,TAX4935,41-000-1120527-ER_CSPT-000,OR – Eugene CSPT - Employer,
OH,TAX4704,39-000-0000-SCHL-0209,OH Spencerville LSD Tax,
OH,TAX4060,39-000-0000-SCHL-1704,OH Crestline EVSD Tax,
MI,TAX3280,26-000-1617959-CITY-000,MI Detroit City Tax,
OH,TAX3946,39-000-1048541-CITY-000,OH Bradner City Tax,
OH,TAX4335,39-000-1042716-CITY-000,OH Logan City Tax,
PA,TAX6933,42-000-1176720-ER_POP-012,PA Hazleton Payroll Preparation Tax,
KY,TAX2545,21-105-0000-OLF-000,KY Hickman County - OLF,
OH,TAX3986,39-000-1056765-CITY-000,OH Cardington City Tax,
OH,TAX4721,39-000-1070952-CITY-000,OH Stockport City Tax,
OH,TAX3996,39-000-0000-SCHL-2902,OH Cedar Cliff LSD Tax,
OH,TAX4445,39-000-0000-SCHL-8605,OH Montpelier EVSD Tax,
OH,TAX4506,39-000-0000-JEDD-130,OH North Baltimore-Henry Township JEDD (NorthPoint),
OH,TAX3878,39-000-0000-JEDD-095,OH Ashtabula-Saybrook Depot Road JEDD Tax,
OH,TAX3931,39-000-1038125-CITY-000,OH Bloomingdale City Tax,
OH,TAX4372,39-000-1061476-CITY-000,OH Marshallville City Tax,
OH,TAX4326,39-000-1048916-CITY-000,OH Lima City Tax,
OH,TAX4810,39-000-1047551-CITY-000,OH Walton Hills City Tax,
HI,TAX2024,15-000-0000-SIT-000,HI State Income Tax,
OH,TAX4756,39-000-1067015-CITY-000,OH Toledo City Tax,
KY,TAX2679,21-219-0000-OLF-000,KY Todd County - OLF,
KY,TAX2471,21-000-489114-OLF-000,KY Cave City - OLF,
OH,TAX4533,39-000-1071010-CITY-000,OH Norton City Tax,
OH,TAX3998,39-000-1048589-CITY-000,OH Celina City Tax,
ND,TAX3547,38-000-0000-SIT-000,ND State Income Tax,
OH,TAX4476,39-000-0000-SCHL-0602,OH New Bremen LSD Tax,
OH,TAX4057,39-000-1056842-CITY-000,OH Covington City Tax,
RI,TAX5401,44-00-000-ER_FUTA_CR-0000,RI FUTA Credit Reduction,
OH,TAX4272,39-000-0000-JEDD-113,OH Jackson Canton TWR JEDD Tax,
OH,TAX4314,39-000-1064980-CITY-000,OH Leesburg City Tax,
OH,TAX4855,39-000-1049324-CITY-000,OH Whitehall City Tax,
OH,TAX4520,39-000-1065160-CITY-000,OH North Randall City Tax,
MA,TAX3141,25-000-0000-ER_SUTA_SC-018,MA Workforce Training Fund,
DC,TAX1069,11-000-0000-ER_FLI-000,DC Paid Family Leave,
OH,TAX4430,39-000-1056427-CITY-000,OH Minerva City Tax,
MD,TAX3189,24-015-0000-CNTY-000,MD Cecil County Tax,
OH,TAX4541,39-000-1084031-CITY-000,OH Oakwood City Tax,
OH,TAX3978,39-000-1058167-CITY-000,OH Cambridge City Tax,
KY,TAX2567,21-000-495884-OLF-000,KY LaGrange - OLF,
NV,TAX3813,32-00-000-ER_FUTA_CR-0000,NV FUTA Credit Reduction,
OH,TAX4483,39-000-0000-SCHL-0603,OH New Knoxville LSD Tax,
NV,TAX3816,32-000-0000-ER_SUTA-000,NV State Unemployment Tax,
OH,TAX4465,39-000-0000-SCHL-6802,OH National Trail LSD Tax,
IN,TAX2232,18-181-0000-CNTY-000,IN White County Tax,
OH,TAX4545,39-000-0000-SCHL-4712,OH Oberlin CSD Tax,
OH,TAX4428,39-000-0000-SCHL-5505,OH Milton-Union EVSD Tax,
IN,TAX2170,18-061-0000-CNTY-000,IN Harrison County Tax,
OH,TAX4784,39-000-1075125-CITY-000,OH Upper Arlington City Tax,
OH,TAX4003,39-000-0000-SCHL-2002,OH Central LSD Tax,
OH,TAX4780,39-000-0000-JEDD-110,"OH Union TWP, City of Milford JEDD Tax",
OH,TAX4165,39-00-000-ER_FUTA_CR-0000,OH FUTA Credit Reduction,
OH,TAX4558,39-000-1065216-CITY-000,OH Orrville City Tax,
OH,TAX4156,39-000-1048758-CITY-000,OH Franklin City Tax,
OH,TAX4666,39-000-0000-SCHL-7406,OH Seneca East LSD Tax,
OH,TAX4155,39-000-1064668-CITY-000,OH Fostoria City Tax,
OH,TAX4497,39-000-1065149-CITY-000,OH Newton Falls City Tax,
OH,TAX4665,39-000-0000-SCHL-5008,OH Sebring LSD Tax,
OH,TAX4240,39-000-1056881-CITY-000,OH Hilliard City Tax,
OH,TAX4557,39-000-0000-JEDD-116,OH Oregon Toledo JEDZ Tax,
OH,TAX4695,39-000-1049189-CITY-000,OH South Euclid City Tax,
IN,TAX2158,18-043-0000-CNTY-000,IN Floyd County Tax,
MD,TAX3191,24-019-0000-CNTY-000,MD Dorchester County Tax,
KY,TAX2434,21-000-486333-OLF-000,KY Bardstown - OLF,
KY,TAX2604,21-000-498164-OLF-000,KY Midway - OLF,
OR,TAX4938,41-051-0000-SST-002,OR Multnomah County PFA Tax,
OH,TAX4033,39-000-1075593-CITY-000,OH Coal Grove City Tax,
OH,TAX4224,39-000-0000-SCHL-3302,OH Hardin Northern LSD Tax,
OH,TAX4329,39-000-1065006-CITY-000,OH Lisbon City Tax,
KY,TAX2697,21-000-506542-OLF-000,KY Wheelwright - OLF,
OH,TAX4419,39-000-0000-JEDD-133,OH Milford JEDD VII Tax,
OH,TAX4444,39-000-1065475-CITY-000,OH Montpelier City Tax,
OH,TAX4762,39-000-0000-SCHL-1103,OH Triad LSD Tax,
OH,TAX4682,39-000-1065321-CITY-000,OH Sidney City Tax,
OH,TAX3895,39-000-0000-JEDD-102,OH Barnesville JEDD II,
OH,TAX4852,39-000-1047798-CITY-000,OH West Salem City Tax,
OH,TAX4369,39-000-1076339-CITY-000,OH Marietta City Tax,
WV,TAX6871,54-000-0000-ER_SUTA-000,WV State Unemployment Tax,
OH,TAX4736,39-000-1061667-CITY-000,OH Swanton City Tax,
OH,TAX4362,39-000-1056410-CITY-000,OH Mansfield City Tax,
OH,TAX4505,39-000-1056452-CITY-000,OH North Baltimore City Tax,
OH,TAX4036,39-000-1060986-CITY-000,OH College Corner City Tax,
WA,TAX6387,53-000-0000-ER_SDI-000,WA Employer Industrial Ins.,
KY,TAX2654,21-000-502696-OLF-000,KY Saint Matthews - OLF,
OH,TAX4343,39-000-0000-SCHL-0303,OH Loudonville-Perrysville EVSD Tax,
IN,TAX2197,18-115-0000-CNTY-000,IN Ohio County Tax,
IN,TAX2214,18-149-0000-CNTY-000,IN Starke County Tax,
OH,TAX4759,39-000-1061699-CITY-000,OH Toronto City Tax,
IN,TAX2134,18-019-0000-CNTY-000,IN Clark County Tax,
AR,TAX157,05-000-0000-SIT-000,AR State Income Tax,
OH,TAX4836,39-000-1065462-CITY-000,OH West Carrollton City Tax,
OH,TAX4441,39-000-1065046-CITY-000,OH Monroeville City Tax,
OH,TAX4243,39-000-0000-SCHL-0302,OH Hillsdale LSD Tax,
KY,TAX2495,21-000-491420-OLF-000,KY Earlington - OLF,
KY,TAX2588,21-157-0000-OLF-000,KY Marshall County - OLF,
OH,TAX4626,39-000-0000-SCHL-2509,OH Reynoldsburg CSD Tax,
LA,TAX2762,22-000-0000-SIT-000,LA State Income Tax,
KY,TAX2485,21-000-490332-OLF-000,KY Crestview Hills - OLF,
OH,TAX4670,39-000-0000-JEDD-039,OH Shaker Square Revenue Sharing,
PA,TAX5015,42-000-0000-SIT-000,PA State Income Tax,
ME,TAX3242,23-000-0000-ER_SUTA-000,ME State Unemployment Tax,
OH,TAX4379,39-000-0000-JEDD-089,OH Maumee - Toledo JEDZ Tax,
WV,TAX6864,54-000-1542678-CITY-000,WV Madison City Tax,
OH,TAX4619,39-000-1044829-CITY-000,OH Quincy City Tax,
OH,TAX4701,39-000-0000-SCHL-3118,OH Southwest LSD Tax,
OH,TAX4687,39-000-1065338-CITY-000,OH Smithville City Tax,
OH,TAX4101,39-000-0000-SCHL-8702,OH Eastwood LSD Tax,
OH,TAX4121,39-000-0000-JEDD-017,OH Etna Corporate Park JEDZ2 Tax,
OH,TAX3967,39-000-1056738-CITY-000,OH Burbank City Tax,
OH,TAX4220,39-000-0000-JEDD-142,OH Hampton Inn VII JEDD Tax,
KY,TAX2523,21-000-492661-OLF-000,KY Gamaliel - OLF,
IN,TAX2189,18-099-0000-CNTY-000,IN Marshall County Tax,
OH,TAX4111,39-000-1064608-CITY-000,OH Elida City Tax,
OH,TAX4657,39-000-1065264-CITY-000,OH Sabina City Tax,
KY,TAX2492,21-000-490696-OLF-000,KY Dawson Springs - OLF,
OH,TAX3915,39-000-0000-SCHL-2801,OH Berkshire LSD Tax,
OH,TAX4446,39-000-1048984-CITY-000,OH Moraine City Tax,
OH,TAX4370,39-000-1061473-CITY-000,OH Marion City Tax,
OH,TAX4284,39-000-0000-SCHL-6903,OH Jennings LSD Tax,
KY,TAX2445,21-013-0000-TIF-000,KY Boone's Ridge TIF,
MD,TAX3196,24-029-0000-CNTY-000,MD Kent County Tax,
OH,TAX4002,39-000-1056237-CITY-000,OH Centerville City Tax,
PR,TAX5289,72-000-0000-ER_SUTA-000,PR State Unemployment Tax,
OH,TAX4193,39-000-0000-SCHL-1305,OH Goshen LSD Tax,
OH,TAX4775,39-000-0000-JEDD-109,OH UDF JEDD V Tax,
OH,TAX4706,39-000-1065369-CITY-000,OH Springdale City Tax,
IN,TAX2174,18-069-0000-CNTY-000,IN Huntington County Tax,
OH,TAX4425,39-000-1057849-CITY-000,OH Millersburg City Tax,
OH,TAX4671,39-000-0000-JEDD-143,OH Shalersville TWP JEDD Tax,
OH,TAX4389,39-000-1061501-CITY-000,OH Mechanicsburg City Tax,
OH,TAX4026,39-000-0000-JEDD-140,OH Cleveland-Warrensville Heights Tremco JEDD Tax,
OH,TAX3975,39-000-1038598-CITY-000,OH Cadiz City Tax,
OK,TAX4905,40-000-0000-ER_SUTA_SC-057,OK Technology Fund,
OH,TAX4573,39-000-0000-SCHL-5405,OH Parkway LSD Tax,
CO,TAX970,08-000-204714-CITY-000,CO Sheridan - Employee OPT,
OH,TAX4851,39-000-1061765-CITY-000,OH Weston City Tax,
OH,TAX4588,39-000-0000-JEDD-034,OH Perry JEDD Tax,
MD,TAX3202,24-000-0000-SIT-000,MD State Income Tax,
IN,TAX2128,18-007-0000-CNTY-000,IN Benton County Tax,
OH,TAX4795,39-000-1049271-CITY-000,OH Vandalia City Tax,
KY,TAX2675,21-000-0000-ER_SUTA_SC-059,KY Surcharge Tax,
SC,TAX5572,45-00-000-ER_FUTA_CR-0000,SC FUTA Credit Reduction,
OH,TAX4568,39-000-1065228-CITY-000,OH Owensville City Tax,
OH,TAX4792,39-000-1049269-CITY-000,OH Valley View City Tax,
OH,TAX4112,39-000-1048703-CITY-000,OH Elmore City Tax,
OH,TAX4516,39-000-0000-SCHL-5904,OH Northmor LSD Tax,
OH,TAX4317,39-000-0000-SCHL-6905,OH Leipsic LSD Tax,
KY,TAX2701,21-000-506837-TIF-000,KY Williamstown Ark TIF,
CA,TAX575,06-000-0000-ER_SUTA_SC-004,CA Employment Training Tax,
OH,TAX3881,39-000-1075290-CITY-000,OH Athens City Tax,
RI,TAX5402,44-000-0000-ER_SUTA_SC-030,RI Job Development Surcharge,
PA,TAX4995,42-000-1213644-ER_POP-006,PA Pittsburgh Payroll Tax,
OH,TAX4794,39-000-0000-SCHL-5713,OH Valley View LSD Tax,
KY,TAX2585,21-153-0000-OLF-000,KY Magoffin County - OLF,
IN,TAX2140,18-031-0000-CNTY-000,IN Decatur County Tax,
OH,TAX4090,39-000-1039763-CITY-000,OH Dover City Tax,
KY,TAX6931,21-000-509314-OLF-000,KY Walton OLF Tax,
OH,TAX4678,39-000-0000-SCHL-7008,OH Shelby CSD Tax,
OH,TAX4062,39-000-0000-SCHL-1503,OH Crestview LSD (1503) Tax,
OH,TAX4334,39-000-1061436-CITY-000,OH Lodi City Tax,
PA,TAX5016,42-000-0000-ER_SUTA-000,PA State Unemployment Tax,
OH,TAX3970,39-000-1060914-CITY-000,OH Butler City Tax,
AL,TAX27,01-000-157880-CITY-000,AL Attalla City Tax,
OH,TAX3872,39-000-1064343-CITY-000,OH Arlington Heights City Tax,
OH,TAX4390,39-000-0000-SCHL-1102,OH Mechanicsburg EVSD Tax,
OH,TAX3939,39-000-1064469-CITY-000,OH Botkins City Tax,
OH,TAX3845,39-000-1064305-CITY-000,OH Akron City Tax,
OH,TAX3898,39-000-1064393-CITY-000,OH Bay Village City Tax,
KY,TAX2602,21-000-498153-OLF-000,KY Middlesboro - OLF,
OH,TAX4511,39-000-1043984-CITY-000,OH Northfield City Tax,
PR,TAX5272,72-000-0000-SDI-000,PR Disability Insurance Tax,
MD,TAX3207,24-047-0000-CNTY-000,MD Worcester County Tax,
KY,TAX2456,21-000-488433-OLF-000,KY Burkesville - OLF,
IN,TAX2129,18-009-0000-CNTY-000,IN Blackford County Tax,
OH,TAX4030,39-000-0000-SCHL-5204,OH Cloverleaf LSD Tax,
OH,TAX4102,39-000-1040043-CITY-000,OH Eaton City Tax,
OH,TAX4478,39-000-1065113-CITY-000,OH New Carlisle City Tax,
OH,TAX4513,39-000-1065471-CITY-000,OH North Hampton City Tax,
OH,TAX4686,39-000-1065337-CITY-000,OH Smithfield City Tax,
OH,TAX4825,39-000-1065459-CITY-000,OH Wayne City Tax,
KY,TAX2611,21-000-498801-OLF-000,KY Mount Olivet - OLF,
OH,TAX4724,39-000-1065392-CITY-000,OH Stow City Tax,
OH,TAX3896,39-000-1037672-CITY-000,OH Batavia City Tax,
AL,TAX102,01-000-126817-CITY-000,AL Shorter City Tax,
OH,TAX4222,39-000-1064788-CITY-000,OH Hanover City Tax,
KY,TAX2634,21-000-500436-OLF-000,KY Perryville - OLF,
OH,TAX4011,39-000-0000-SCHL-8501,OH Chippewa LSD Tax,
KY,TAX2506,21-065-0000-OLF-000,KY Estill County - OLF,
KY,TAX2505,21-000-491808-OLF-000,KY Erlanger - OLF,
OH,TAX3886,39-000-1048474-CITY-000,OH Avon Lake City Tax,
IN,TAX2169,18-059-0000-CNTY-000,IN Hancock County Tax,
CO,TAX974,08-000-0000-ER_SUTA-000,CO State Unemployment Tax,
IN,TAX2192,18-105-0000-CNTY-000,IN Monroe County Tax,
KY,TAX2645,21-000-501827-OLF-000,KY Richmond - OLF,
OH,TAX4731,39-000-1058054-CITY-000,OH Stryker City Tax,
OH,TAX4410,39-000-1061521-CITY-000,OH Mifflin City Tax,
KY,TAX2613,21-000-498905-OLF-000,KY Mount Washington - OLF,
OH,TAX4515,39-000-1065171-CITY-000,OH North Lewisburg City Tax,
OH,TAX4785,39-000-1065414-CITY-000,OH Upper Sandusky City Tax,
OH,TAX4401,39-000-1085476-CITY-000,OH Miamisburg City Tax,
OH,TAX4010,39-000-1060960-CITY-000,OH Chillicothe City Tax,
OH,TAX4104,39-000-0000-JEDD-061,OH Eaton JEDD Tax,
KY,TAX2461,21-000-488655-OLF-000,KY Camargo - OLF,
OH,TAX4894,39-000-0000-SCHL-7107,OH Zane Trace LSD Tax,
OH,TAX3842,39-000-0000-SCHL-3301,OH Ada EVSD Tax,
OH,TAX4864,39-000-1061788-CITY-000,OH Willoughby City Tax,
OH,TAX4728,39-000-1061212-CITY-000,OH Streetsboro City Tax,
OH,TAX4606,39-000-1061558-CITY-000,OH Pleasantville City Tax,
OH,TAX3972,39-000-0000-JEDD-047,OH Butler - Vandalia JEDD Tax,
KY,TAX2643,21-000-501513-OLF-000,KY Raceland - OLF,
OH,TAX4540,39-000-1080995-CITY-000,OH Oak Hill City Tax,
GA,TAX1689,13-000-0000-ER_SUTA_SC-011,GA Administrative Assmt. Tax,
OH,TAX4402,39-000-0000-JEDD-013,OH Miami Township - Dayton JEDD Tax,
KY,TAX2642,21-199-0000-OLF-000,KY Pulaski County - OLF,
OH,TAX4106,39-000-0000-SCHL-8602,OH Edgerton LSD Tax,
AL,TAX40,01-000-158174-CITY-000,AL Birmingham City Tax,
OH,TAX4611,39-000-1061564-CITY-000,OH Port Clinton City Tax,
KY,TAX2534,21-000-493506-OLF-000,KY Guthrie - OLF,
OH,TAX4099,39-000-1064586-CITY-000,OH East Palestine City Tax,
KY,TAX2558,21-000-495196-OLF-000,KY Jeffersontown - OLF,
KY,TAX2468,21-041-0000-OLF-000,KY Carroll County - OLF,
IN,TAX2159,18-045-0000-CNTY-000,IN Fountain County Tax,
OH,TAX4629,39-000-0000-JEDD-086,OH Richfield JEDD Tax,
IN,TAX2135,18-021-0000-CNTY-000,IN Clay County Tax,
WV,TAX6863,54-000-1540605-CITY-000,WV Huntington City Tax,
OH,TAX4108,39-000-1048695-CITY-000,OH Edon City Tax,
OH,TAX4429,39-000-1057850-CITY-000,OH Mineral City City Tax,
OH,TAX4548,39-000-1065193-CITY-000,OH Ohio City City Tax,
KY,TAX2480,21-000-489885-OLF-000,KY Columbia City - OLF,
IN,TAX2177,18-075-0000-CNTY-000,IN Jay County Tax,
KY,TAX2637,21-000-500726-OLF-000,KY Pineville - OLF,
AL,TAX97,01-000-152814-CITY-000,AL Opelika City Tax,
OH,TAX4293,39-000-1064928-CITY-000,OH Kent City Tax,
OK,TAX4904,40-000-0000-ER_SUTA-000,OK State Unemployment Tax,
SC,TAX5598,45-000-0000-ER_SUTA-000,SC State Unemployment Tax,
OH,TAX4128,39-000-0000-JEDD-134,OH Evans Farm JEDD Tax,
